{"initial_reset_timestamp": 1552568993.779855, "timestamps": [1552569704.3866343], "episode_lengths": [1000], "episode_rewards": [4508.082711421263], "episode_types": ["t"]}