{"initial_reset_timestamp": 1552365485.4072998, "timestamps": [1552366092.402617], "episode_lengths": [1000], "episode_rewards": [4968.522823372911], "episode_types": ["t"]}