{"initial_reset_timestamp": 1552646607.254021, "timestamps": [1552647273.04397, 1552647943.672592, 1552648439.157425, 1552648933.6176016, 1552649428.5988789, 1552649923.2480493, 1552650415.3950293, 1552650907.5911338, 1552651572.7761867, 1552652070.6303983, 1552652566.5891676, 1552653064.0675764, 1552653565.9659686, 1552654067.8598864, 1552654572.2610435, 1552655074.4530532, 1552655578.3375554, 1552656084.2192636, 1552656588.4166925, 1552657083.291361, 1552657580.7668664, 1552658073.3430429, 1552658567.698091, 1552659062.9543061, 1552659566.2271795, 1552660138.5641186, 1552660681.6607378, 1552661349.4136276, 1552661843.55405, 1552662339.5477638, 1552662835.9047637, 1552663328.9994366, 1552663824.2985954, 1552664316.1532407, 1552664811.6701715, 1552665310.4195602, 1552665803.9954708, 1552666300.9523735, 1552666795.8772914, 1552667288.4957814, 1552667784.0545268, 1552668280.3756707, 1552668777.5174053, 1552669271.626488, 1552669767.167414, 1552670267.6587439, 1552670766.851471, 1552671261.807043, 1552671759.2798789, 1552672254.9125612], "episode_lengths": [1000, 1000, 1000, 1000, 1000, 1000, 1000, 1000, 1000, 1000, 1000, 1000, 1000, 1000, 1000, 1000, 1000, 1000, 1000, 1000, 1000, 1000, 1000, 1000, 1000, 1000, 1000, 1000, 1000, 1000, 1000, 1000, 1000, 1000, 1000, 1000, 1000, 1000, 1000, 1000, 1000, 1000, 1000, 1000, 1000, 1000, 1000, 1000, 1000, 1000], "episode_rewards": [4625.86024228143, 4811.756839388847, 4769.054745295467, 4836.166015954298, 4765.7457234265685, 4897.641510607115, 4837.8380637484315, 4729.32865744361, 4788.902968814638, 4869.286708680507, 4760.052847956488, 4806.955180270356, 4814.701784380416, 4703.002843203599, 4862.517444849265, 4787.502165544479, 4781.722201400801, 4859.296560208741, 4776.202310983331, 4738.0562906766, 4875.96759880576, 4693.651456759169, 4824.253694023677, 4774.724649712158, 4690.981511089906, 4774.867391205666, 4915.5959843333485, 4809.323942369247, 4776.161155951794, 4785.972598069815, 4749.638981557695, 4810.497567344794, 4834.815037196959, 4733.521897692707, 4788.4834958332085, 4699.457367386586, 4743.351307090726, 4807.550560176282, 4810.161301927939, 4743.034554032527, 4874.815777253476, 4680.078721788746, 4882.970734731405, 4728.705960004452, 4787.54190857144, 4766.062485099266, 4848.415314369044, 4770.37649817489, 4669.058082926427, 4828.350604058814], "episode_types": ["t", "t", "t", "t", "t", "t", "t", "t", "t", "t", "t", "t", "t", "t", "t", "t", "t", "t", "t", "t", "t", "t", "t", "t", "t", "t", "t", "t", "t", "t", "t", "t", "t", "t", "t", "t", "t", "t", "t", "t", "t", "t", "t", "t", "t", "t", "t", "t", "t", "t", "t"]}