{"initial_reset_timestamp": 1552565765.4671307, "timestamps": [1552566386.2967353], "episode_lengths": [1000], "episode_rewards": [4508.075679052544], "episode_types": ["t"]}