{"initial_reset_timestamp": 1552363567.1929677, "timestamps": [1552363726.4713182], "episode_lengths": [1000], "episode_rewards": [4809.183382082928], "episode_types": ["t"]}