{"initial_reset_timestamp": 1552402397.4685993, "timestamps": [1552403024.3604424], "episode_lengths": [1000], "episode_rewards": [4804.742410347696], "episode_types": ["t"]}