{"initial_reset_timestamp": 1552464376.0094404, "timestamps": [1552465081.6808562], "episode_lengths": [1000], "episode_rewards": [4384.374235360135], "episode_types": ["t"]}