{"initial_reset_timestamp": 1552468696.546159, "timestamps": [1552468869.0574396], "episode_lengths": [1000], "episode_rewards": [4408.5565034562815], "episode_types": ["t"]}