{"initial_reset_timestamp": 1552356871.7965553, "timestamps": [1552357550.3810868], "episode_lengths": [1000], "episode_rewards": [4748.792568650546], "episode_types": ["t"]}