{"initial_reset_timestamp": 1555701672.0560913, "timestamps": [1555701813.3600526], "episode_lengths": [1000], "episode_rewards": [797.004762411954], "episode_types": ["t"]}