{"initial_reset_timestamp": 1552433619.6274018, "timestamps": [1552434343.2954633, 1552435109.3190963, 1552435672.9718235, 1552436185.062103, 1552436685.0207844, 1552437186.4724667, 1552437681.9557412, 1552438224.4132483, 1552438969.0202253, 1552439483.8359554], "episode_lengths": [1000, 1000, 1000, 1000, 1000, 1000, 1000, 1000, 1000, 1000], "episode_rewards": [4602.184694899019, 4600.832218150167, 4159.5146514230355, 4139.242611250013, 4427.05980352122, 4123.922837088604, 3971.8611898755294, 4069.695374493058, 4231.75045212841, 4313.585251763375], "episode_types": ["t", "t", "t", "t", "t", "t", "t", "t", "t", "t", "t"]}