{"initial_reset_timestamp": 1552588999.4004803, "timestamps": [1552589157.449574], "episode_lengths": [1000], "episode_rewards": [4412.808469911087], "episode_types": ["t"]}