{"initial_reset_timestamp": 1552383462.5203285, "timestamps": [1552384088.7223215], "episode_lengths": [1000], "episode_rewards": [4831.21113607751], "episode_types": ["t"]}