{"initial_reset_timestamp": 1552527857.4651082, "timestamps": [1552528742.7726653, 1552529691.2967453, 1552530320.7880533, 1552530951.9763665, 1552531563.844577, 1552532175.161879, 1552532794.7846887, 1552533421.5963411, 1552534196.2935371, 1552534744.68112], "episode_lengths": [1000, 1000, 1000, 1000, 1000, 1000, 1000, 1000, 1000, 1000], "episode_rewards": [4710.339812890638, 4816.208551494552, 4836.487702574063, 4795.407825722218, 4791.916493013623, 4709.535601964324, 4745.7671412674035, 4880.0914339961155, 4730.912393253214, 4686.104410845132], "episode_types": ["t", "t", "t", "t", "t", "t", "t", "t", "t", "t", "t"]}