{"initial_reset_timestamp": 1552439113.8303144, "timestamps": [1552439727.8203154], "episode_lengths": [1000], "episode_rewards": [4726.673935552777], "episode_types": ["t"]}