{"initial_reset_timestamp": 1552418820.5431473, "timestamps": [1552418995.5606487], "episode_lengths": [1000], "episode_rewards": [4391.843994882263], "episode_types": ["t"]}