{"initial_reset_timestamp": 1555703219.527909, "timestamps": [1555703428.3967612], "episode_lengths": [1000], "episode_rewards": [4751.877064664432], "episode_types": ["t"]}