{"initial_reset_timestamp": 1552412665.5617025, "timestamps": [1552413276.5134737], "episode_lengths": [1000], "episode_rewards": [4654.140168382943], "episode_types": ["t"]}