{"initial_reset_timestamp": 1552457459.2930825, "timestamps": [1552458080.9651537], "episode_lengths": [1000], "episode_rewards": [4752.183497888277], "episode_types": ["t"]}