{"initial_reset_timestamp": 1552426661.2989383, "timestamps": [1552426850.6425242], "episode_lengths": [1000], "episode_rewards": [4390.151780551433], "episode_types": ["t"]}