{"initial_reset_timestamp": 1552543369.4271247, "timestamps": [1552544073.5761266], "episode_lengths": [1000], "episode_rewards": [4777.995342398727], "episode_types": ["t"]}