{"initial_reset_timestamp": 1552560879.0603926, "timestamps": [1552561491.681196], "episode_lengths": [1000], "episode_rewards": [4673.524924380621], "episode_types": ["t"]}