{"initial_reset_timestamp": 1552590037.1844711, "timestamps": [1552590171.5366213], "episode_lengths": [1000], "episode_rewards": [4303.693004116681], "episode_types": ["t"]}