{"initial_reset_timestamp": 1554463658.0413601, "timestamps": [1554463774.501402], "episode_lengths": [1000], "episode_rewards": [-336.38297779482656], "episode_types": ["t", "t"]}