{"initial_reset_timestamp": 1552614423.9783652, "timestamps": [1552615031.1638951], "episode_lengths": [1000], "episode_rewards": [4868.447206288447], "episode_types": ["t"]}