{"initial_reset_timestamp": 1555853462.7349474, "timestamps": [1555854211.0100076], "episode_lengths": [1000], "episode_rewards": [4885.102031833796], "episode_types": ["t"]}