{"initial_reset_timestamp": 1555740968.377204, "timestamps": [1555741760.8873773], "episode_lengths": [1000], "episode_rewards": [4548.635085672797], "episode_types": ["t"]}