{"initial_reset_timestamp": 1552461538.996119, "timestamps": [1552462252.1830838], "episode_lengths": [1000], "episode_rewards": [4873.4561940004205], "episode_types": ["t"]}