{"initial_reset_timestamp": 1552439230.3203254, "timestamps": [1552439883.598308], "episode_lengths": [1000], "episode_rewards": [4321.785440592263], "episode_types": ["t"]}