{"initial_reset_timestamp": 1555822121.7385552, "timestamps": [1555822945.4726276], "episode_lengths": [1000], "episode_rewards": [4631.400984491602], "episode_types": ["t"]}