{"initial_reset_timestamp": 1555832018.312546, "timestamps": [1555832697.7957666], "episode_lengths": [1000], "episode_rewards": [4670.7546609660685], "episode_types": ["t"]}