{"initial_reset_timestamp": 1552417012.3000953, "timestamps": [1552417688.2731676], "episode_lengths": [1000], "episode_rewards": [4635.8146970278785], "episode_types": ["t"]}