{"initial_reset_timestamp": 1552454680.4772532, "timestamps": [1552454856.5316017], "episode_lengths": [1000], "episode_rewards": [4475.41456042346], "episode_types": ["t"]}