{"initial_reset_timestamp": 1552520486.326652, "timestamps": [1552521153.1961203], "episode_lengths": [1000], "episode_rewards": [4689.341862805402], "episode_types": ["t"]}