{"initial_reset_timestamp": 1552495937.4987085, "timestamps": [1552496562.4277952], "episode_lengths": [1000], "episode_rewards": [4849.62592837814], "episode_types": ["t"]}