{"initial_reset_timestamp": 1552524064.9506712, "timestamps": [1552524273.9501355], "episode_lengths": [1000], "episode_rewards": [4371.391982764863], "episode_types": ["t"]}