{"initial_reset_timestamp": 1555740018.869671, "timestamps": [1555740968.1598558], "episode_lengths": [1000], "episode_rewards": [4504.901065932208], "episode_types": ["t"]}