{"initial_reset_timestamp": 1554452932.4862015, "timestamps": [1554453082.205387], "episode_lengths": [1000], "episode_rewards": [-541.6468084169384], "episode_types": ["t", "t"]}