{"initial_reset_timestamp": 1555872593.2846053, "timestamps": [1555873304.28153], "episode_lengths": [1000], "episode_rewards": [4694.527919817661], "episode_types": ["t"]}