{"initial_reset_timestamp": 1552304612.2680542, "timestamps": [1552304805.87761, 1552305008.464514, 1552305010.4564354, 1552305012.2770917, 1552305014.0784302, 1552305015.9662871, 1552305017.8004613, 1552305019.6132681, 1552305207.425025, 1552305209.0590475], "episode_lengths": [1000, 1000, 1000, 1000, 1000, 1000, 1000, 1000, 1000, 1000], "episode_rewards": [4406.783940434028, 4497.977486852981, 4613.374047159452, 4474.1439999033955, 4501.405519595678, 4480.135725922747, 4605.984554688588, 4584.934231971326, 4572.9350821609805, 4678.119711574115], "episode_types": ["t", "t", "t", "t", "t", "t", "t", "t", "t", "t", "t"]}