{"initial_reset_timestamp": 1552559137.4142947, "timestamps": [1552559880.1332731], "episode_lengths": [1000], "episode_rewards": [4794.934040140705], "episode_types": ["t"]}