{"initial_reset_timestamp": 1552438845.810137, "timestamps": [1552439573.997361], "episode_lengths": [1000], "episode_rewards": [4611.351156978296], "episode_types": ["t"]}