{"initial_reset_timestamp": 1554413900.5448275, "timestamps": [1554414642.8223102], "episode_lengths": [1000], "episode_rewards": [613.9373652023779], "episode_types": ["t"]}