{"initial_reset_timestamp": 1552417689.418084, "timestamps": [1552417848.6332216], "episode_lengths": [1000], "episode_rewards": [4477.992861883522], "episode_types": ["t"]}