{"initial_reset_timestamp": 1552400997.0855281, "timestamps": [1552401178.3138995], "episode_lengths": [1000], "episode_rewards": [4551.440734756944], "episode_types": ["t"]}