{"initial_reset_timestamp": 1552439520.3323271, "timestamps": [1552440132.5408964, 1552440752.2884667, 1552441208.3034022, 1552441668.7585173, 1552442131.7058122, 1552442596.145213, 1552443061.479401, 1552443524.922469, 1552444145.3573391, 1552444607.549547, 1552445063.5252578, 1552445525.6350055, 1552446046.587596, 1552446630.4135756, 1552447203.5406742, 1552447751.2116687, 1552448269.144677, 1552448736.5633051, 1552449189.3088365, 1552449637.306203, 1552450082.956544, 1552450530.9841502, 1552450978.1013446, 1552451428.2620695, 1552451876.556586, 1552452328.1619234, 1552452775.7935662, 1552453384.7786674, 1552453836.2221112, 1552454289.8821368, 1552454739.2955756, 1552455233.0094705, 1552455755.051686, 1552456268.0008955, 1552456731.0995312, 1552457191.7655299, 1552457647.190121, 1552458100.2451239, 1552458609.121613, 1552459121.9975684, 1552459638.682373, 1552460148.9874988, 1552460659.1660697, 1552461130.9953022, 1552461582.8069594, 1552462032.4609532, 1552462482.3709598, 1552462936.7084954, 1552463386.8604124, 1552463837.0039294], "episode_lengths": [1000, 1000, 1000, 1000, 1000, 1000, 1000, 1000, 1000, 1000, 1000, 1000, 1000, 1000, 1000, 1000, 1000, 1000, 1000, 1000, 1000, 1000, 1000, 1000, 1000, 1000, 1000, 1000, 1000, 1000, 1000, 1000, 1000, 1000, 1000, 1000, 1000, 1000, 1000, 1000, 1000, 1000, 1000, 1000, 1000, 1000, 1000, 1000, 1000, 1000], "episode_rewards": [4572.204029497292, 4450.975349242032, 4495.679254642326, 4465.28675540583, 4448.575112864404, 4472.803736899455, 4491.94900868466, 4481.601673910205, 4457.097095685292, 4471.949506558949, 4457.658742082104, 4463.908089973354, 4480.055122844473, 4496.484504463185, 4494.902369664009, 4460.021834575594, 4492.443936285917, 4479.085218821069, 4534.873816964726, 4489.744844750394, 4453.755343798063, 4478.364042489864, 4471.598709435977, 4476.839410658503, 4451.312170251176, 4464.768515433219, 4468.273562454775, 4487.623235752004, 4500.66025238269, 4458.75565170512, 4470.676492548021, 4469.16271016255, 4486.941657284042, 4500.123921811157, 4509.020155182195, 4508.806728474653, 4443.509728001474, 4505.387249771778, 4478.708414510077, 4470.6322485883975, 4470.479921996219, 4514.831304463952, 4433.099986055144, 4468.637033790881, 4533.195620859849, 4346.880601193599, 4490.1557592698355, 4439.304502391342, 4497.7975134242115, 4476.350911191308], "episode_types": ["t", "t", "t", "t", "t", "t", "t", "t", "t", "t", "t", "t", "t", "t", "t", "t", "t", "t", "t", "t", "t", "t", "t", "t", "t", "t", "t", "t", "t", "t", "t", "t", "t", "t", "t", "t", "t", "t", "t", "t", "t", "t", "t", "t", "t", "t", "t", "t", "t", "t", "t"]}