{"initial_reset_timestamp": 1552596097.1712296, "timestamps": [1552596708.6913736], "episode_lengths": [1000], "episode_rewards": [4743.070329963539], "episode_types": ["t"]}