{"initial_reset_timestamp": 1552459469.365217, "timestamps": [1552460178.346818], "episode_lengths": [1000], "episode_rewards": [4780.042495856158], "episode_types": ["t"]}