{"initial_reset_timestamp": 1552433084.9275942, "timestamps": [1552433756.734867], "episode_lengths": [1000], "episode_rewards": [4834.533178620623], "episode_types": ["t"]}