{"initial_reset_timestamp": 1552567044.3774183, "timestamps": [1552567753.3888884], "episode_lengths": [1000], "episode_rewards": [4496.199065120678], "episode_types": ["t"]}