{"initial_reset_timestamp": 1552533428.9616454, "timestamps": [1552534086.2808907], "episode_lengths": [1000], "episode_rewards": [4463.85011196242], "episode_types": ["t"]}