{"initial_reset_timestamp": 1552428797.6275702, "timestamps": [1552429438.0860555], "episode_lengths": [1000], "episode_rewards": [4510.122549325223], "episode_types": ["t"]}