{"initial_reset_timestamp": 1554408150.7112377, "timestamps": [1554408856.4935343], "episode_lengths": [1000], "episode_rewards": [129.56832686148704], "episode_types": ["t"]}