{"initial_reset_timestamp": 1555837423.9839022, "timestamps": [1555838148.3335583], "episode_lengths": [1000], "episode_rewards": [4763.109000930464], "episode_types": ["t"]}