{"initial_reset_timestamp": 1552497189.9381084, "timestamps": [1552497811.121259], "episode_lengths": [1000], "episode_rewards": [4371.549105895769], "episode_types": ["t"]}