{"initial_reset_timestamp": 1555853107.8555312, "timestamps": [1555853296.1845064], "episode_lengths": [1000], "episode_rewards": [4471.379344359644], "episode_types": ["t"]}