{"initial_reset_timestamp": 1552551656.5901875, "timestamps": [1552552280.2393298], "episode_lengths": [1000], "episode_rewards": [4616.526055531235], "episode_types": ["t"]}