{"initial_reset_timestamp": 1552535643.0527077, "timestamps": [1552536305.0908196], "episode_lengths": [1000], "episode_rewards": [4373.276181565918], "episode_types": ["t"]}