{"initial_reset_timestamp": 1552507781.3880837, "timestamps": [1552508432.456652], "episode_lengths": [1000], "episode_rewards": [4641.563343487648], "episode_types": ["t"]}