{"initial_reset_timestamp": 1555728247.6080627, "timestamps": [1555728393.6716216], "episode_lengths": [1000], "episode_rewards": [-181.5153663303349], "episode_types": ["t"]}