{"initial_reset_timestamp": 1555690765.9520743, "timestamps": [1555691317.1682189], "episode_lengths": [1000], "episode_rewards": [676.7610253045602], "episode_types": ["t"]}