{"initial_reset_timestamp": 1552606333.870157, "timestamps": [1552606488.0911553], "episode_lengths": [1000], "episode_rewards": [4692.078637706894], "episode_types": ["t"]}