{"initial_reset_timestamp": 1552407180.1582296, "timestamps": [1552407911.7067826, 1552408645.4437537, 1552409187.616596, 1552409734.4729545, 1552410276.5553446, 1552410824.6699808, 1552411385.2721734, 1552411998.252513, 1552412805.1501439, 1552413352.2765138], "episode_lengths": [1000, 1000, 1000, 1000, 1000, 1000, 1000, 1000, 1000, 1000], "episode_rewards": [4657.584837274691, 4836.197816594607, 4848.8655529063035, 4776.646873538753, 4685.805699924214, 4865.947850359589, 4752.67889430766, 4761.485475744729, 4810.900194519804, 4691.625724801425], "episode_types": ["t", "t", "t", "t", "t", "t", "t", "t", "t", "t", "t"]}