{"initial_reset_timestamp": 1555854968.403398, "timestamps": [1555855798.722855], "episode_lengths": [1000], "episode_rewards": [4566.4962039664], "episode_types": ["t"]}