{"initial_reset_timestamp": 1555727041.8107622, "timestamps": [1555727837.9265943], "episode_lengths": [1000], "episode_rewards": [4641.819404586483], "episode_types": ["t"]}