{"initial_reset_timestamp": 1552567753.6351337, "timestamps": [1552568378.683854], "episode_lengths": [1000], "episode_rewards": [4495.385133744035], "episode_types": ["t"]}