{"initial_reset_timestamp": 1552622588.7034624, "timestamps": [1552622725.2688217], "episode_lengths": [1000], "episode_rewards": [4351.7588269800735], "episode_types": ["t"]}