{"initial_reset_timestamp": 1552496112.3314545, "timestamps": [1552496258.250707], "episode_lengths": [1000], "episode_rewards": [4611.361165590414], "episode_types": ["t"]}