{"initial_reset_timestamp": 1552487097.3602097, "timestamps": [1552487235.164677], "episode_lengths": [1000], "episode_rewards": [4447.695039835563], "episode_types": ["t"]}