{"initial_reset_timestamp": 1555760787.2617326, "timestamps": [1555761568.4505334], "episode_lengths": [1000], "episode_rewards": [4417.577375005137], "episode_types": ["t"]}