{"initial_reset_timestamp": 1555695578.0845914, "timestamps": [1555696488.2354906], "episode_lengths": [1000], "episode_rewards": [4830.982169922251], "episode_types": ["t"]}