{"initial_reset_timestamp": 1552572917.5015492, "timestamps": [1552573070.398519], "episode_lengths": [1000], "episode_rewards": [4636.033192491625], "episode_types": ["t"]}