{"initial_reset_timestamp": 1552410527.653756, "timestamps": [1552411150.849261], "episode_lengths": [1000], "episode_rewards": [4779.967279114744], "episode_types": ["t"]}