{"initial_reset_timestamp": 1552579525.2718172, "timestamps": [1552580134.7937639], "episode_lengths": [1000], "episode_rewards": [4790.967699541338], "episode_types": ["t"]}