{"initial_reset_timestamp": 1552454506.049674, "timestamps": [1552454680.2332418], "episode_lengths": [1000], "episode_rewards": [4407.590733979883], "episode_types": ["t"]}