{"initial_reset_timestamp": 1555711013.9527273, "timestamps": [1555711260.8093722], "episode_lengths": [1000], "episode_rewards": [4350.905975362427], "episode_types": ["t"]}