{"initial_reset_timestamp": 1552361821.6733427, "timestamps": [1552362434.495639], "episode_lengths": [1000], "episode_rewards": [4968.807996212995], "episode_types": ["t"]}