{"initial_reset_timestamp": 1552613999.0270581, "timestamps": [1552614667.454518, 1552615336.9736276, 1552615830.1553001, 1552616322.0038106, 1552616815.7330198, 1552617311.4078727, 1552617805.6466355, 1552618299.1771913, 1552618969.2099879, 1552619466.2779906, 1552619959.436796, 1552620453.373496, 1552620948.322951, 1552621444.728409, 1552621940.941052, 1552622438.5501127, 1552622936.140427, 1552623435.876496, 1552623928.5015996, 1552624419.937112, 1552624911.1031637, 1552625410.7046292, 1552625907.9466143, 1552626404.861933, 1552626905.1053636, 1552627399.5724266, 1552627889.438631, 1552628548.6254153, 1552629036.4678571, 1552629521.786716, 1552630008.8120039, 1552630505.8534343, 1552631073.7333143, 1552631605.9633884, 1552632096.891981, 1552632585.279788, 1552633073.1116843, 1552633561.245555, 1552634049.3972611, 1552634537.9735603, 1552635025.7382462, 1552635513.1739333, 1552636000.0164464, 1552636489.4418623, 1552636976.4452486, 1552637466.1893303, 1552637954.875551, 1552638441.789368, 1552638928.7260048, 1552639417.320158], "episode_lengths": [1000, 1000, 1000, 1000, 1000, 1000, 1000, 1000, 1000, 1000, 1000, 1000, 1000, 1000, 1000, 1000, 1000, 1000, 1000, 1000, 1000, 1000, 1000, 1000, 1000, 1000, 1000, 1000, 1000, 1000, 1000, 1000, 1000, 1000, 1000, 1000, 1000, 1000, 1000, 1000, 1000, 1000, 1000, 1000, 1000, 1000, 1000, 1000, 1000, 1000], "episode_rewards": [4541.633713729326, 4568.042177699678, 4568.04201629389, 4568.042013020468, 4568.042014503486, 4568.042013583776, 4568.042015188342, 4568.042013741754, 4568.0420136730545, 4568.042014637657, 4568.042015484007, 4568.042017202542, 4568.0420163309045, 4568.042015513079, 4568.042014684772, 4568.042012036032, 4568.042015926752, 4568.0420163675135, 4568.042016019728, 4568.042015103923, 4568.042014954172, 4568.042015972137, 4568.042010677288, 4568.042013371028, 4568.042016816636, 4568.042014085679, 4568.04201709938, 4568.042011681979, 4568.042013687661, 4568.04201458079, 4568.042012836996, 4568.042015894924, 4568.04201619404, 4568.042017503002, 4568.042015346075, 4568.0420159979385, 4568.042013795779, 4568.042014615062, 4568.042013301089, 4568.042013292812, 4568.042014938245, 4568.042016334037, 4568.042013377441, 4568.042017578118, 4568.04201238954, 4568.042017959994, 4568.04201537141, 4568.042018160288, 4568.042014170778, 4568.0420134412625], "episode_types": ["t", "t", "t", "t", "t", "t", "t", "t", "t", "t", "t", "t", "t", "t", "t", "t", "t", "t", "t", "t", "t", "t", "t", "t", "t", "t", "t", "t", "t", "t", "t", "t", "t", "t", "t", "t", "t", "t", "t", "t", "t", "t", "t", "t", "t", "t", "t", "t", "t", "t", "t"]}