{"initial_reset_timestamp": 1552523061.810693, "timestamps": [1552523273.3493276], "episode_lengths": [1000], "episode_rewards": [4490.406905444296], "episode_types": ["t"]}