{"initial_reset_timestamp": 1552401821.3921294, "timestamps": [1552401981.7678258], "episode_lengths": [1000], "episode_rewards": [4646.397779055558], "episode_types": ["t"]}