{"initial_reset_timestamp": 1552562107.2655509, "timestamps": [1552562718.784893], "episode_lengths": [1000], "episode_rewards": [4869.786318692985], "episode_types": ["t"]}