{"initial_reset_timestamp": 1552538405.4216735, "timestamps": [1552538576.7132328], "episode_lengths": [1000], "episode_rewards": [4692.802865688746], "episode_types": ["t"]}