{"initial_reset_timestamp": 1552535888.0573857, "timestamps": [1552536473.6466427], "episode_lengths": [1000], "episode_rewards": [4600.174037583949], "episode_types": ["t"]}