{"initial_reset_timestamp": 1552688587.4096525, "timestamps": [1552689290.0364265, 1552689990.2255828, 1552690509.7413206, 1552691030.4570997, 1552691551.989902, 1552692068.8611376, 1552692587.726912, 1552693105.9580603, 1552693807.9916108, 1552694326.1280222, 1552694845.3440979, 1552695365.8624628, 1552695883.2530866, 1552696406.9001734, 1552696926.0976381, 1552697444.9621675, 1552697964.08058, 1552698487.2367961, 1552699010.1784084, 1552699531.96974], "episode_lengths": [1000, 1000, 1000, 1000, 1000, 1000, 1000, 1000, 1000, 1000, 1000, 1000, 1000, 1000, 1000, 1000, 1000, 1000, 1000, 1000], "episode_rewards": [4684.568275610618, 4778.611296922893, 4834.743813625197, 4815.8308394899195, 4712.635094853075, 4784.758178716456, 4770.141683146394, 4866.15871574049, 4780.122225449689, 4747.617084355023, 4770.477294074731, 4790.10960481049, 4790.586273695956, 4723.945700268803, 4837.405719212116, 4829.434289664125, 4728.138229447044, 4845.087314535407, 4842.488111512266, 4693.9130152759335], "episode_types": ["t", "t", "t", "t", "t", "t", "t", "t", "t", "t", "t", "t", "t", "t", "t", "t", "t", "t", "t", "t", "t"]}