{"initial_reset_timestamp": 1552436214.3121176, "timestamps": [1552436371.0024798], "episode_lengths": [1000], "episode_rewards": [4573.386885382952], "episode_types": ["t"]}