{"initial_reset_timestamp": 1552612007.458355, "timestamps": [1552612614.7913008], "episode_lengths": [1000], "episode_rewards": [4756.909951994221], "episode_types": ["t"]}