{"initial_reset_timestamp": 1552476279.8863847, "timestamps": [1552476966.8424845], "episode_lengths": [1000], "episode_rewards": [4843.92748918709], "episode_types": ["t"]}