{"initial_reset_timestamp": 1552385029.2494988, "timestamps": [1552385185.0329115], "episode_lengths": [1000], "episode_rewards": [4644.0932609131905], "episode_types": ["t"]}