{"initial_reset_timestamp": 1555763651.5763378, "timestamps": [1555763881.3278654], "episode_lengths": [1000], "episode_rewards": [4584.204327399189], "episode_types": ["t"]}