{"initial_reset_timestamp": 1552577081.2509441, "timestamps": [1552577688.6113946], "episode_lengths": [1000], "episode_rewards": [4799.9806115777055], "episode_types": ["t"]}