{"initial_reset_timestamp": 1552512837.0211742, "timestamps": [1552513003.2991602], "episode_lengths": [1000], "episode_rewards": [4385.659566600106], "episode_types": ["t"]}