{"initial_reset_timestamp": 1552408014.781168, "timestamps": [1552408151.2525485], "episode_lengths": [1000], "episode_rewards": [4529.032245999312], "episode_types": ["t"]}