{"initial_reset_timestamp": 1552497811.3309112, "timestamps": [1552498436.993668], "episode_lengths": [1000], "episode_rewards": [4647.300961692815], "episode_types": ["t"]}