{"initial_reset_timestamp": 1552449810.4962027, "timestamps": [1552450462.6885388], "episode_lengths": [1000], "episode_rewards": [4798.909167115071], "episode_types": ["t"]}