{"initial_reset_timestamp": 1555851672.0540364, "timestamps": [1555852385.8047664], "episode_lengths": [1000], "episode_rewards": [4691.991237350464], "episode_types": ["t"]}