{"initial_reset_timestamp": 1552622315.2131348, "timestamps": [1552622450.4708607], "episode_lengths": [1000], "episode_rewards": [4459.219497796433], "episode_types": ["t"]}