{"initial_reset_timestamp": 1555697255.0799973, "timestamps": [1555698009.0284069], "episode_lengths": [1000], "episode_rewards": [1231.2268746130405], "episode_types": ["t"]}