{"initial_reset_timestamp": 1552394493.8050122, "timestamps": [1552395107.3866832], "episode_lengths": [1000], "episode_rewards": [4682.550943056685], "episode_types": ["t"]}