{"initial_reset_timestamp": 1552468375.732162, "timestamps": [1552468529.2701266], "episode_lengths": [1000], "episode_rewards": [4385.984402209042], "episode_types": ["t"]}