{"initial_reset_timestamp": 1552417531.800502, "timestamps": [1552418248.5928326, 1552419020.4865258, 1552419625.9735186, 1552420201.1579926, 1552420748.602285, 1552421362.5253453, 1552421976.6791825, 1552422517.902748, 1552423285.4793684, 1552423896.1461892, 1552424473.345102, 1552425003.842056, 1552425534.3040216, 1552426066.1332438, 1552426625.2817261, 1552427232.0467956, 1552427796.972716, 1552428331.3331923, 1552428869.3863795, 1552429407.5907102], "episode_lengths": [1000, 1000, 1000, 1000, 1000, 1000, 1000, 1000, 1000, 1000, 1000, 1000, 1000, 1000, 1000, 1000, 1000, 1000, 1000, 1000], "episode_rewards": [4717.637076306726, 4772.250343444746, 4815.85258037572, 4761.2896360945015, 4777.813075164839, 4846.350121947534, 4671.397909592204, 4889.0198807493225, 4756.23705131707, 4830.373409819773, 4718.7764357998085, 4820.269047497926, 4828.341788481094, 4674.065279814872, 4869.322546443027, 4775.418723139146, 4724.391995466514, 4831.665964880384, 4763.505291665591, 4875.103498714553], "episode_types": ["t", "t", "t", "t", "t", "t", "t", "t", "t", "t", "t", "t", "t", "t", "t", "t", "t", "t", "t", "t", "t"]}