{"initial_reset_timestamp": 1552433541.2827492, "timestamps": [1552434156.6577532], "episode_lengths": [1000], "episode_rewards": [4420.281892803521], "episode_types": ["t"]}