{"initial_reset_timestamp": 1554428814.7646966, "timestamps": [1554429664.7382617], "episode_lengths": [1000], "episode_rewards": [-174.4364613334593], "episode_types": ["t"]}