{"initial_reset_timestamp": 1555845620.8711746, "timestamps": [1555846357.776489], "episode_lengths": [1000], "episode_rewards": [4483.663600874781], "episode_types": ["t"]}