{"initial_reset_timestamp": 1552396485.335905, "timestamps": [1552396641.7401066], "episode_lengths": [1000], "episode_rewards": [4530.914649112817], "episode_types": ["t"]}