{"initial_reset_timestamp": 1552363648.1618364, "timestamps": [1552363804.2763426], "episode_lengths": [1000], "episode_rewards": [4788.256661728593], "episode_types": ["t"]}