{"initial_reset_timestamp": 1552396957.3015654, "timestamps": [1552397115.6106057], "episode_lengths": [1000], "episode_rewards": [4549.456147099669], "episode_types": ["t"]}