{"initial_reset_timestamp": 1552545985.178523, "timestamps": [1552546604.6624792], "episode_lengths": [1000], "episode_rewards": [4738.144904192949], "episode_types": ["t"]}