{"initial_reset_timestamp": 1552408151.4459891, "timestamps": [1552408301.8159232], "episode_lengths": [1000], "episode_rewards": [4452.050221931676], "episode_types": ["t"]}