{"initial_reset_timestamp": 1552368756.1826918, "timestamps": [1552369377.039378], "episode_lengths": [1000], "episode_rewards": [4850.746048922503], "episode_types": ["t"]}