{"initial_reset_timestamp": 1552631388.3136082, "timestamps": [1552632094.1731322, 1552632802.452592, 1552633321.1533809, 1552633837.6305842, 1552634356.1456149, 1552634874.0246549, 1552635389.1451435, 1552635904.654478, 1552636606.747749, 1552637122.1925962, 1552637636.624434, 1552638149.412696, 1552638661.736511, 1552639174.9068608, 1552639690.881074, 1552640207.0838788, 1552640720.2820725, 1552641237.554906, 1552641752.8379958, 1552642263.5905726], "episode_lengths": [1000, 1000, 1000, 1000, 1000, 1000, 1000, 1000, 1000, 1000, 1000, 1000, 1000, 1000, 1000, 1000, 1000, 1000, 1000, 1000], "episode_rewards": [4678.882440590914, 4802.755261077427, 4793.796333153005, 4787.923265055124, 4815.935924365566, 4813.003934945796, 4761.257916974794, 4808.565678706015, 4816.72646110145, 4832.398058046728, 4757.369158635299, 4783.387428819214, 4765.1314008327545, 4726.0737752570385, 4807.901867512628, 4781.347672939526, 4785.172305296937, 4765.6480280676615, 4785.507467015216, 4759.529091634749], "episode_types": ["t", "t", "t", "t", "t", "t", "t", "t", "t", "t", "t", "t", "t", "t", "t", "t", "t", "t", "t", "t", "t"]}