{"initial_reset_timestamp": 1552467807.1102166, "timestamps": [1552468425.555247], "episode_lengths": [1000], "episode_rewards": [4663.185248065567], "episode_types": ["t"]}