{"initial_reset_timestamp": 1552580745.8082886, "timestamps": [1552581360.9896786], "episode_lengths": [1000], "episode_rewards": [4782.809533162262], "episode_types": ["t"]}