{"initial_reset_timestamp": 1552509475.244171, "timestamps": [1552509675.923023], "episode_lengths": [1000], "episode_rewards": [4496.701874162696], "episode_types": ["t"]}