{"initial_reset_timestamp": 1552381189.437406, "timestamps": [1552381814.3430383], "episode_lengths": [1000], "episode_rewards": [4839.440467812903], "episode_types": ["t"]}