{"initial_reset_timestamp": 1555779609.2336712, "timestamps": [1555780688.6794512], "episode_lengths": [1000], "episode_rewards": [4312.779552604807], "episode_types": ["t"]}