{"initial_reset_timestamp": 1552488823.4795158, "timestamps": [1552489516.7981741], "episode_lengths": [1000], "episode_rewards": [4606.306899611573], "episode_types": ["t"]}