{"initial_reset_timestamp": 1554451653.2797089, "timestamps": [1554452320.018587], "episode_lengths": [1000], "episode_rewards": [-363.99867728470605], "episode_types": ["t"]}