{"initial_reset_timestamp": 1552561245.307748, "timestamps": [1552561924.3852997], "episode_lengths": [1000], "episode_rewards": [4260.6696044608125], "episode_types": ["t"]}