{"initial_reset_timestamp": 1555703451.4957511, "timestamps": [1555703963.7094073], "episode_lengths": [1000], "episode_rewards": [842.9082682667464], "episode_types": ["t"]}