{"initial_reset_timestamp": 1552358851.305768, "timestamps": [1552359499.0852582], "episode_lengths": [1000], "episode_rewards": [4709.052958395185], "episode_types": ["t"]}