{"initial_reset_timestamp": 1552482374.9943552, "timestamps": [1552482570.4478195], "episode_lengths": [1000], "episode_rewards": [4431.555668079948], "episode_types": ["t"]}