{"initial_reset_timestamp": 1552387974.2978394, "timestamps": [1552388158.660707], "episode_lengths": [1000], "episode_rewards": [4659.969383555781], "episode_types": ["t"]}