{"initial_reset_timestamp": 1552454690.6420348, "timestamps": [1552454857.6074152], "episode_lengths": [1000], "episode_rewards": [4356.243796422141], "episode_types": ["t"]}