{"initial_reset_timestamp": 1552370115.5660348, "timestamps": [1552370796.0865774], "episode_lengths": [1000], "episode_rewards": [4796.9487138037875], "episode_types": ["t"]}