{"initial_reset_timestamp": 1552420552.8046486, "timestamps": [1552421293.190817], "episode_lengths": [1000], "episode_rewards": [4680.449628000963], "episode_types": ["t"]}