{"initial_reset_timestamp": 1552547230.9047909, "timestamps": [1552547915.2280548], "episode_lengths": [1000], "episode_rewards": [4798.97285827825], "episode_types": ["t"]}