{"initial_reset_timestamp": 1552411151.971, "timestamps": [1552411844.3241668], "episode_lengths": [1000], "episode_rewards": [4247.167953186561], "episode_types": ["t"]}