{"initial_reset_timestamp": 1552447581.3563433, "timestamps": [1552448298.896515], "episode_lengths": [1000], "episode_rewards": [4619.225147576988], "episode_types": ["t"]}