{"initial_reset_timestamp": 1552452652.1291378, "timestamps": [1552452811.4307213], "episode_lengths": [1000], "episode_rewards": [4588.741960497262], "episode_types": ["t"]}