{"initial_reset_timestamp": 1552498203.0211604, "timestamps": [1552498826.5584714], "episode_lengths": [1000], "episode_rewards": [4483.993352034486], "episode_types": ["t"]}