{"initial_reset_timestamp": 1552485817.1295507, "timestamps": [1552485983.0706093], "episode_lengths": [1000], "episode_rewards": [4354.090708131157], "episode_types": ["t"]}