{"initial_reset_timestamp": 1552396327.073439, "timestamps": [1552396485.113604], "episode_lengths": [1000], "episode_rewards": [4589.959059510672], "episode_types": ["t"]}