{"initial_reset_timestamp": 1554470163.022639, "timestamps": [1554470283.5220957], "episode_lengths": [1000], "episode_rewards": [-455.9220844185642], "episode_types": ["t", "t"]}