{"initial_reset_timestamp": 1552462859.9441314, "timestamps": [1552463497.164828], "episode_lengths": [1000], "episode_rewards": [4573.370661993794], "episode_types": ["t"]}