{"initial_reset_timestamp": 1552511946.4714925, "timestamps": [1552512570.9094408], "episode_lengths": [1000], "episode_rewards": [4769.656637250468], "episode_types": ["t"]}