{"initial_reset_timestamp": 1554411810.1438992, "timestamps": [1554411968.869473], "episode_lengths": [1000], "episode_rewards": [-504.0661980083532], "episode_types": ["t", "t"]}