{"initial_reset_timestamp": 1552486088.3458488, "timestamps": [1552486785.5339742], "episode_lengths": [1000], "episode_rewards": [4552.399618804304], "episode_types": ["t"]}