{"initial_reset_timestamp": 1555752829.3382428, "timestamps": [1555753542.8158712], "episode_lengths": [1000], "episode_rewards": [4346.827337832325], "episode_types": ["t"]}