{"initial_reset_timestamp": 1555703622.0353801, "timestamps": [1555703793.1452353], "episode_lengths": [1000], "episode_rewards": [4848.592849896735], "episode_types": ["t"]}