{"initial_reset_timestamp": 1552410658.8365037, "timestamps": [1552411279.0291302], "episode_lengths": [1000], "episode_rewards": [4500.703103667485], "episode_types": ["t"]}