{"initial_reset_timestamp": 1555742648.284001, "timestamps": [1555743541.4383268], "episode_lengths": [1000], "episode_rewards": [4542.526459460555], "episode_types": ["t"]}