{"initial_reset_timestamp": 1552517879.2672164, "timestamps": [1552518529.363768], "episode_lengths": [1000], "episode_rewards": [4710.747024027367], "episode_types": ["t"]}