{"initial_reset_timestamp": 1554439287.8204236, "timestamps": [1554439451.4079366], "episode_lengths": [1000], "episode_rewards": [-362.5987921393694], "episode_types": ["t", "t"]}