{"initial_reset_timestamp": 1552341278.7721775, "timestamps": [1552341444.5650656, 1552341613.2176054, 1552341614.7515998, 1552341616.081604, 1552341617.4383366, 1552341618.6951146, 1552341619.9929779, 1552341621.2897618, 1552341772.788026, 1552341774.246614], "episode_lengths": [1000, 1000, 1000, 1000, 1000, 1000, 1000, 1000, 1000, 1000], "episode_rewards": [4358.62652611912, 4492.8256025390065, 4447.498470228108, 4530.749632603852, 4449.496724950297, 4478.693395302581, 4570.69532625284, 4538.230240823139, 4417.691712681596, 4477.862703810974], "episode_types": ["t", "t", "t", "t", "t", "t", "t", "t", "t", "t", "t"]}