{"initial_reset_timestamp": 1552509395.99999, "timestamps": [1552510085.324384], "episode_lengths": [1000], "episode_rewards": [4785.575542290936], "episode_types": ["t"]}