{"initial_reset_timestamp": 1555775189.7894409, "timestamps": [1555775680.2231486], "episode_lengths": [1000], "episode_rewards": [1060.1377535658069], "episode_types": ["t"]}