{"initial_reset_timestamp": 1552387589.3088298, "timestamps": [1552387790.2441094], "episode_lengths": [1000], "episode_rewards": [4540.082241675909], "episode_types": ["t"]}