{"initial_reset_timestamp": 1552506478.0039852, "timestamps": [1552507236.267088], "episode_lengths": [1000], "episode_rewards": [4764.860788381772], "episode_types": ["t"]}