{"initial_reset_timestamp": 1552553532.156647, "timestamps": [1552554161.0884743], "episode_lengths": [1000], "episode_rewards": [4617.004019668476], "episode_types": ["t"]}