{"initial_reset_timestamp": 1552447750.2218623, "timestamps": [1552448534.5463128], "episode_lengths": [1000], "episode_rewards": [4901.4248769892665], "episode_types": ["t"]}