{"initial_reset_timestamp": 1552474924.4704304, "timestamps": [1552475597.5037827], "episode_lengths": [1000], "episode_rewards": [4680.156554348542], "episode_types": ["t"]}