{"initial_reset_timestamp": 1552381559.4788141, "timestamps": [1552382160.700826], "episode_lengths": [1000], "episode_rewards": [4200.641516393325], "episode_types": ["t"]}