{"initial_reset_timestamp": 1552519477.1604419, "timestamps": [1552520061.5610163], "episode_lengths": [1000], "episode_rewards": [4308.332939046165], "episode_types": ["t"]}