{"initial_reset_timestamp": 1552382214.0575511, "timestamps": [1552382842.3448923], "episode_lengths": [1000], "episode_rewards": [4856.885848049468], "episode_types": ["t"]}