{"initial_reset_timestamp": 1555688981.4785595, "timestamps": [1555689150.0769038], "episode_lengths": [1000], "episode_rewards": [908.3329809046928], "episode_types": ["t"]}