{"initial_reset_timestamp": 1552296929.202634, "timestamps": [1552297105.6447897, 1552297261.304442, 1552297263.1105185, 1552297264.6418164, 1552297266.0476446, 1552297267.4448855, 1552297268.71751, 1552297269.958594, 1552297409.8019629, 1552297411.4223435, 1552297412.8498611, 1552297414.0873158, 1552297415.3994405, 1552297416.7737556, 1552297418.374122, 1552297419.962296, 1552297421.4411902, 1552297422.8665466, 1552297424.3159943, 1552297425.801179], "episode_lengths": [1000, 1000, 1000, 1000, 1000, 1000, 1000, 1000, 1000, 1000, 1000, 1000, 1000, 1000, 1000, 1000, 1000, 1000, 1000, 1000], "episode_rewards": [4454.956005118754, 4546.762362146338, 4746.8231059659765, 4655.87277224638, 4523.433480891076, 4565.68242822818, 4427.487286222539, 4618.168924188733, 4644.115637473957, 4572.195072457661, 4531.542786403004, 4618.20643280139, 4481.108781222558, 4718.315035665582, 4673.55660519102, 4550.752758641518, 4578.112501058752, 4576.061457273019, 4617.353404382753, 4671.008312560217], "episode_types": ["t", "t", "t", "t", "t", "t", "t", "t", "t", "t", "t", "t", "t", "t", "t", "t", "t", "t", "t", "t", "t"]}