{"initial_reset_timestamp": 1552447074.6499577, "timestamps": [1552447930.7452538, 1552448711.7520452, 1552449250.5508668, 1552449787.1788876, 1552450324.0489342, 1552450863.047324, 1552451400.425287, 1552451937.6643698, 1552452669.3879154, 1552453209.4707541], "episode_lengths": [1000, 1000, 1000, 1000, 1000, 1000, 1000, 1000, 1000, 1000], "episode_rewards": [4737.402146979922, 4812.507820458131, 4785.49217192655, 4769.930506089133, 4767.693350901909, 4803.7576628077995, 4782.443437437217, 4785.1913147996975, 4813.418905077576, 4830.310485287032], "episode_types": ["t", "t", "t", "t", "t", "t", "t", "t", "t", "t", "t"]}