{"initial_reset_timestamp": 1552502721.127678, "timestamps": [1552503386.7775471], "episode_lengths": [1000], "episode_rewards": [4680.484354295546], "episode_types": ["t"]}