{"initial_reset_timestamp": 1554404969.5999277, "timestamps": [1554405781.0512924], "episode_lengths": [1000], "episode_rewards": [-568.3572819766207], "episode_types": ["t"]}