{"initial_reset_timestamp": 1552367586.7683096, "timestamps": [1552367784.2525513], "episode_lengths": [1000], "episode_rewards": [4714.296362436155], "episode_types": ["t"]}