{"initial_reset_timestamp": 1554464700.1962469, "timestamps": [1554465242.6815555], "episode_lengths": [1000], "episode_rewards": [-306.9095396740153], "episode_types": ["t"]}