{"initial_reset_timestamp": 1555701039.262799, "timestamps": [1555701877.1455946], "episode_lengths": [1000], "episode_rewards": [4963.824052782983], "episode_types": ["t"]}