{"initial_reset_timestamp": 1554413160.6886725, "timestamps": [1554413899.640883], "episode_lengths": [1000], "episode_rewards": [-388.85185585496174], "episode_types": ["t"]}