{"initial_reset_timestamp": 1552469825.509269, "timestamps": [1552469999.3029876], "episode_lengths": [1000], "episode_rewards": [4416.5617518220515], "episode_types": ["t"]}