{"initial_reset_timestamp": 1552564613.1557407, "timestamps": [1552564786.2738187], "episode_lengths": [1000], "episode_rewards": [4346.2479808142725], "episode_types": ["t"]}