{"initial_reset_timestamp": 1552521062.593696, "timestamps": [1552521225.52537], "episode_lengths": [1000], "episode_rewards": [4447.843394839764], "episode_types": ["t"]}