{"initial_reset_timestamp": 1555774933.9861012, "timestamps": [1555775670.0136817], "episode_lengths": [1000], "episode_rewards": [4772.362860544549], "episode_types": ["t"]}