{"initial_reset_timestamp": 1552476639.899648, "timestamps": [1552477266.580338], "episode_lengths": [1000], "episode_rewards": [4563.503397181714], "episode_types": ["t"]}