{"initial_reset_timestamp": 1555665036.5949023, "timestamps": [1555665169.1697414], "episode_lengths": [1000], "episode_rewards": [-2970.6824764217404], "episode_types": ["t", "t"]}