{"initial_reset_timestamp": 1555758595.443555, "timestamps": [1555758702.794373], "episode_lengths": [1000], "episode_rewards": [815.0991466282474], "episode_types": ["t"]}