{"initial_reset_timestamp": 1552450774.188506, "timestamps": [1552451393.4678526], "episode_lengths": [1000], "episode_rewards": [4651.750738759668], "episode_types": ["t"]}