{"initial_reset_timestamp": 1552486337.05748, "timestamps": [1552486504.5340824], "episode_lengths": [1000], "episode_rewards": [4453.539461744556], "episode_types": ["t"]}