{"initial_reset_timestamp": 1555739120.0521703, "timestamps": [1555740018.5402317], "episode_lengths": [1000], "episode_rewards": [4434.0768929537735], "episode_types": ["t"]}