{"initial_reset_timestamp": 1552500684.8729653, "timestamps": [1552500880.588505], "episode_lengths": [1000], "episode_rewards": [4319.536067375914], "episode_types": ["t"]}