{"initial_reset_timestamp": 1552364040.4321456, "timestamps": [1552364198.2798734], "episode_lengths": [1000], "episode_rewards": [4818.289490641885], "episode_types": ["t"]}