{"initial_reset_timestamp": 1552520563.9406037, "timestamps": [1552521210.054664], "episode_lengths": [1000], "episode_rewards": [4229.712377062617], "episode_types": ["t"]}