{"initial_reset_timestamp": 1552369994.6106937, "timestamps": [1552370666.6141567], "episode_lengths": [1000], "episode_rewards": [4805.010711754301], "episode_types": ["t"]}