{"initial_reset_timestamp": 1552462732.81682, "timestamps": [1552463345.0603073], "episode_lengths": [1000], "episode_rewards": [4438.740250791859], "episode_types": ["t"]}