{"initial_reset_timestamp": 1552435217.3142176, "timestamps": [1552435967.5234027], "episode_lengths": [1000], "episode_rewards": [4771.317284969379], "episode_types": ["t"]}