{"initial_reset_timestamp": 1552380935.2866194, "timestamps": [1552381559.2782574], "episode_lengths": [1000], "episode_rewards": [4566.3377461088485], "episode_types": ["t"]}