{"initial_reset_timestamp": 1552370796.3599885, "timestamps": [1552371476.7513466], "episode_lengths": [1000], "episode_rewards": [4690.212763660139], "episode_types": ["t"]}