{"initial_reset_timestamp": 1552542697.617196, "timestamps": [1552543369.2018623], "episode_lengths": [1000], "episode_rewards": [4699.418726592613], "episode_types": ["t"]}