{"initial_reset_timestamp": 1552474142.6427586, "timestamps": [1552474846.2529814], "episode_lengths": [1000], "episode_rewards": [4818.868970982832], "episode_types": ["t"]}