{"initial_reset_timestamp": 1552584177.0677865, "timestamps": [1552584914.542585, 1552585644.8251681, 1552586182.1272852, 1552586777.2406492, 1552587318.396462, 1552587811.7384942, 1552588364.8298273, 1552588908.615772, 1552589560.3512974, 1552590051.7803042, 1552590545.2256606, 1552591039.34414, 1552591530.6009839, 1552592060.6781528, 1552592615.7784636, 1552593158.5027618, 1552593650.3209333, 1552594141.704245, 1552594633.5821617, 1552595125.197566], "episode_lengths": [1000, 1000, 1000, 1000, 1000, 1000, 1000, 1000, 1000, 1000, 1000, 1000, 1000, 1000, 1000, 1000, 1000, 1000, 1000, 1000], "episode_rewards": [4431.147001722057, 4509.652310391356, 4504.440803159596, 4424.637449235087, 4474.988081321055, 4569.978662456386, 4633.00604964903, 4605.761063343995, 4604.198493249427, 4600.201360069574, 4617.225946935558, 4608.754862901919, 4605.679543422158, 4619.213020599813, 4612.692007531062, 4613.348220877866, 4611.119854165696, 4619.136399871954, 4626.492790819701, 4612.263521791862], "episode_types": ["t", "t", "t", "t", "t", "t", "t", "t", "t", "t", "t", "t", "t", "t", "t", "t", "t", "t", "t", "t", "t"]}