{"initial_reset_timestamp": 1555868133.8416958, "timestamps": [1555868937.4615867], "episode_lengths": [1000], "episode_rewards": [4710.770775085309], "episode_types": ["t"]}