{"initial_reset_timestamp": 1552473274.7241504, "timestamps": [1552473994.8591094], "episode_lengths": [1000], "episode_rewards": [4702.737201869521], "episode_types": ["t"]}