{"initial_reset_timestamp": 1552396800.9073231, "timestamps": [1552396957.0784092], "episode_lengths": [1000], "episode_rewards": [4664.725758178], "episode_types": ["t"]}