{"initial_reset_timestamp": 1552524274.2904418, "timestamps": [1552524486.1171472], "episode_lengths": [1000], "episode_rewards": [4455.817103192522], "episode_types": ["t"]}