{"initial_reset_timestamp": 1555819145.4618902, "timestamps": [1555819876.4890556], "episode_lengths": [1000], "episode_rewards": [4721.729591828361], "episode_types": ["t"]}