{"initial_reset_timestamp": 1552521210.2968328, "timestamps": [1552521861.0028906], "episode_lengths": [1000], "episode_rewards": [4566.4702138159255], "episode_types": ["t"]}