{"initial_reset_timestamp": 1552653258.0771518, "timestamps": [1552653441.3867235, 1552653624.622659, 1552653626.1875043, 1552653627.5273156, 1552653628.8252928, 1552653630.1447923, 1552653631.4893227, 1552653633.096995, 1552653813.857529, 1552653815.4287224, 1552653816.8465714, 1552653818.263412, 1552653819.6212182, 1552653820.951977, 1552653822.2519002, 1552653823.6851077, 1552653825.0902405, 1552653826.401764, 1552653827.6967196, 1552653828.9900863], "episode_lengths": [1000, 1000, 1000, 1000, 1000, 1000, 1000, 1000, 1000, 1000, 1000, 1000, 1000, 1000, 1000, 1000, 1000, 1000, 1000, 1000], "episode_rewards": [4398.2659376067895, 4549.0573358909305, 4387.951324985602, 4497.2418909246435, 4464.980005798053, 4423.157870607617, 4454.009037464587, 4527.82832822355, 4495.107804835239, 4459.27294809373, 4591.980523626721, 4643.067007349214, 4420.890801226198, 4383.369968186314, 4575.91485283566, 4443.379961907005, 4532.733278015478, 4407.515548685498, 4456.080694751904, 4509.0381145766305], "episode_types": ["t", "t", "t", "t", "t", "t", "t", "t", "t", "t", "t", "t", "t", "t", "t", "t", "t", "t", "t", "t", "t"]}