{"initial_reset_timestamp": 1555740506.4760175, "timestamps": [1555741146.9076405], "episode_lengths": [1000], "episode_rewards": [157.84812725218924], "episode_types": ["t"]}