{"initial_reset_timestamp": 1555839612.6151085, "timestamps": [1555840351.690805], "episode_lengths": [1000], "episode_rewards": [4552.079010639219], "episode_types": ["t"]}