{"initial_reset_timestamp": 1555704557.6476846, "timestamps": [1555704713.3457005], "episode_lengths": [1000], "episode_rewards": [1208.5186066811941], "episode_types": ["t"]}