{"initial_reset_timestamp": 1555761274.1410565, "timestamps": [1555761390.4232578], "episode_lengths": [1000], "episode_rewards": [678.7209099587265], "episode_types": ["t"]}