{"initial_reset_timestamp": 1555775532.366164, "timestamps": [1555776383.953176], "episode_lengths": [1000], "episode_rewards": [4633.392872928865], "episode_types": ["t"]}