{"initial_reset_timestamp": 1552361563.5754952, "timestamps": [1552362178.1505313], "episode_lengths": [1000], "episode_rewards": [4973.599864964666], "episode_types": ["t"]}