{"initial_reset_timestamp": 1552555890.7203066, "timestamps": [1552556048.3845074], "episode_lengths": [1000], "episode_rewards": [4383.310631805864], "episode_types": ["t"]}