{"initial_reset_timestamp": 1555676534.839946, "timestamps": [1555676995.522823], "episode_lengths": [1000], "episode_rewards": [949.0147713266166], "episode_types": ["t"]}