{"initial_reset_timestamp": 1555857373.7950182, "timestamps": [1555858101.0310004], "episode_lengths": [1000], "episode_rewards": [4648.163731004622], "episode_types": ["t"]}