{"initial_reset_timestamp": 1552360708.6859417, "timestamps": [1552361321.1112382], "episode_lengths": [1000], "episode_rewards": [4972.933929555972], "episode_types": ["t"]}