{"initial_reset_timestamp": 1552357127.9173224, "timestamps": [1552357811.8340409], "episode_lengths": [1000], "episode_rewards": [4699.65203788861], "episode_types": ["t"]}