{"initial_reset_timestamp": 1552456211.9678383, "timestamps": [1552456835.6215897], "episode_lengths": [1000], "episode_rewards": [4656.09526968257], "episode_types": ["t"]}