{"initial_reset_timestamp": 1552368641.2851539, "timestamps": [1552368797.9870932], "episode_lengths": [1000], "episode_rewards": [4807.113435542956], "episode_types": ["t"]}