{"initial_reset_timestamp": 1552435898.6472704, "timestamps": [1552436055.9428508], "episode_lengths": [1000], "episode_rewards": [4522.8064592720575], "episode_types": ["t"]}