{"initial_reset_timestamp": 1552478675.3292842, "timestamps": [1552478817.3433833], "episode_lengths": [1000], "episode_rewards": [4498.773435216831], "episode_types": ["t"]}