{"initial_reset_timestamp": 1555878175.6358125, "timestamps": [1555878861.3949332], "episode_lengths": [1000], "episode_rewards": [4677.646575047543], "episode_types": ["t"]}