{"initial_reset_timestamp": 1552522864.3483973, "timestamps": [1552523061.5011485], "episode_lengths": [1000], "episode_rewards": [4481.346402200773], "episode_types": ["t"]}