{"initial_reset_timestamp": 1552534709.7467208, "timestamps": [1552535303.0760858], "episode_lengths": [1000], "episode_rewards": [4631.55146153884], "episode_types": ["t"]}