{"initial_reset_timestamp": 1552488160.2869725, "timestamps": [1552488823.269249], "episode_lengths": [1000], "episode_rewards": [4605.703852339186], "episode_types": ["t"]}