{"initial_reset_timestamp": 1555736336.0272229, "timestamps": [1555736570.267081], "episode_lengths": [1000], "episode_rewards": [4524.816569448687], "episode_types": ["t"]}