{"initial_reset_timestamp": 1552382842.5679998, "timestamps": [1552383462.3000143], "episode_lengths": [1000], "episode_rewards": [4697.487762679276], "episode_types": ["t"]}