{"initial_reset_timestamp": 1555731060.654342, "timestamps": [1555731688.439984], "episode_lengths": [1000], "episode_rewards": [1242.2866718280468], "episode_types": ["t"]}