{"initial_reset_timestamp": 1555713269.350851, "timestamps": [1555713825.1644166], "episode_lengths": [1000], "episode_rewards": [424.98616888555085], "episode_types": ["t"]}