{"initial_reset_timestamp": 1552555408.6069868, "timestamps": [1552555564.690491], "episode_lengths": [1000], "episode_rewards": [4471.820236269458], "episode_types": ["t"]}