{"initial_reset_timestamp": 1552510171.6500676, "timestamps": [1552510874.5453176, 1552511577.4394872, 1552512102.7721548, 1552512638.7127962, 1552513160.5817516, 1552513679.7108743, 1552514222.130715, 1552514796.1912653, 1552515586.9578345, 1552516124.6358967, 1552516712.5618951, 1552517300.1687582, 1552517832.5326638, 1552518327.2865713, 1552518843.5422382, 1552519343.505866, 1552519834.981278, 1552520353.8332288, 1552520880.3448021, 1552521408.1387455], "episode_lengths": [1000, 1000, 1000, 1000, 1000, 1000, 1000, 1000, 1000, 1000, 1000, 1000, 1000, 1000, 1000, 1000, 1000, 1000, 1000, 1000], "episode_rewards": [4717.637701789262, 4754.703987684647, 4889.8664929017605, 4702.395761753508, 4842.646423858854, 4866.107953915139, 4695.838517910709, 4776.259205059687, 4830.005361071997, 4734.681432184629, 4724.889850707409, 4854.819788758455, 4842.011746681669, 4675.573984682853, 4900.139638083393, 4730.148004706316, 4711.598431428642, 4809.953590989145, 4830.384654519487, 4676.669626278026], "episode_types": ["t", "t", "t", "t", "t", "t", "t", "t", "t", "t", "t", "t", "t", "t", "t", "t", "t", "t", "t", "t", "t"]}