{"initial_reset_timestamp": 1552373307.0585997, "timestamps": [1552373916.1264248], "episode_lengths": [1000], "episode_rewards": [4434.397208351082], "episode_types": ["t"]}