{"initial_reset_timestamp": 1552371413.2635977, "timestamps": [1552372023.2255063], "episode_lengths": [1000], "episode_rewards": [4787.272668774954], "episode_types": ["t"]}