{"initial_reset_timestamp": 1552364879.0725465, "timestamps": [1552365485.1967633], "episode_lengths": [1000], "episode_rewards": [4968.549713680334], "episode_types": ["t"]}