{"initial_reset_timestamp": 1552442557.9088569, "timestamps": [1552442730.8889015], "episode_lengths": [1000], "episode_rewards": [4568.584922258307], "episode_types": ["t"]}