{"initial_reset_timestamp": 1555743166.4004347, "timestamps": [1555744135.1009805], "episode_lengths": [1000], "episode_rewards": [4779.138848799607], "episode_types": ["t"]}