{"initial_reset_timestamp": 1552481768.3270595, "timestamps": [1552481972.7398], "episode_lengths": [1000], "episode_rewards": [4566.423955061194], "episode_types": ["t"]}