{"initial_reset_timestamp": 1555676996.2780342, "timestamps": [1555677114.2723026], "episode_lengths": [1000], "episode_rewards": [1184.4835143293515], "episode_types": ["t"]}