{"initial_reset_timestamp": 1552392499.804124, "timestamps": [1552393156.1811638], "episode_lengths": [1000], "episode_rewards": [4753.379117882818], "episode_types": ["t"]}