{"initial_reset_timestamp": 1552516453.4630883, "timestamps": [1552517193.629381], "episode_lengths": [1000], "episode_rewards": [4792.233118385064], "episode_types": ["t"]}