{"initial_reset_timestamp": 1552388212.1274776, "timestamps": [1552388838.1488566], "episode_lengths": [1000], "episode_rewards": [4729.861415162652], "episode_types": ["t"]}