{"initial_reset_timestamp": 1555763881.699215, "timestamps": [1555764108.172939], "episode_lengths": [1000], "episode_rewards": [4400.440950711079], "episode_types": ["t"]}