{"initial_reset_timestamp": 1552440964.0621612, "timestamps": [1552441130.0429907], "episode_lengths": [1000], "episode_rewards": [4661.524348831596], "episode_types": ["t"]}