{"initial_reset_timestamp": 1552393927.7976987, "timestamps": [1552394644.0624712, 1552395338.8614569, 1552395859.9283822, 1552396376.3111453, 1552396872.7107294, 1552397353.7829583, 1552397834.5558553, 1552398316.0359468, 1552398944.5413754, 1552399421.3068726], "episode_lengths": [1000, 1000, 1000, 1000, 1000, 1000, 1000, 1000, 1000, 1000], "episode_rewards": [4441.76100542533, 4553.393754090189, 4620.695191467132, 4562.580423427919, 4615.203953472815, 4687.61519886125, 4677.886863032019, 4679.535523401804, 4690.710191461364, 4658.908782819741], "episode_types": ["t", "t", "t", "t", "t", "t", "t", "t", "t", "t", "t"]}