{"initial_reset_timestamp": 1552407721.8328466, "timestamps": [1552407881.1980486], "episode_lengths": [1000], "episode_rewards": [4808.505430262036], "episode_types": ["t"]}