{"initial_reset_timestamp": 1552519936.1701527, "timestamps": [1552520561.9604642], "episode_lengths": [1000], "episode_rewards": [4763.058549400089], "episode_types": ["t"]}