{"initial_reset_timestamp": 1555769470.160483, "timestamps": [1555770023.5995731], "episode_lengths": [1000], "episode_rewards": [810.493981192355], "episode_types": ["t"]}