{"initial_reset_timestamp": 1552564959.4321768, "timestamps": [1552565132.554129], "episode_lengths": [1000], "episode_rewards": [4393.1855963507605], "episode_types": ["t"]}