{"initial_reset_timestamp": 1555735538.5225654, "timestamps": [1555736334.3002083], "episode_lengths": [1000], "episode_rewards": [4223.4433964971895], "episode_types": ["t"]}