{"initial_reset_timestamp": 1552490058.8768978, "timestamps": [1552490751.3737676], "episode_lengths": [1000], "episode_rewards": [4813.101936755571], "episode_types": ["t"]}