{"initial_reset_timestamp": 1552612614.9993467, "timestamps": [1552613219.083978], "episode_lengths": [1000], "episode_rewards": [4899.499674555328], "episode_types": ["t"]}