{"initial_reset_timestamp": 1552539250.5591686, "timestamps": [1552539415.2310374], "episode_lengths": [1000], "episode_rewards": [4576.6919039277], "episode_types": ["t"]}