{"initial_reset_timestamp": 1552384945.0027897, "timestamps": [1552385099.2750595], "episode_lengths": [1000], "episode_rewards": [4712.340085849628], "episode_types": ["t"]}