{"initial_reset_timestamp": 1552539084.4447043, "timestamps": [1552539250.33775], "episode_lengths": [1000], "episode_rewards": [4542.147103595519], "episode_types": ["t"]}