{"initial_reset_timestamp": 1552431524.2953415, "timestamps": [1552432198.5839274], "episode_lengths": [1000], "episode_rewards": [4419.4299113035995], "episode_types": ["t"]}