{"initial_reset_timestamp": 1552606006.3921547, "timestamps": [1552606170.547864], "episode_lengths": [1000], "episode_rewards": [4410.905140883248], "episode_types": ["t"]}