{"initial_reset_timestamp": 1552453095.3667538, "timestamps": [1552453736.105539], "episode_lengths": [1000], "episode_rewards": [4504.572091806504], "episode_types": ["t"]}