{"initial_reset_timestamp": 1552396485.25969, "timestamps": [1552397086.246812], "episode_lengths": [1000], "episode_rewards": [4571.826061814709], "episode_types": ["t"]}