{"initial_reset_timestamp": 1555664429.865298, "timestamps": [1555665036.0232012], "episode_lengths": [1000], "episode_rewards": [-2866.983576392266], "episode_types": ["t"]}