{"initial_reset_timestamp": 1552513003.5198064, "timestamps": [1552513169.1192462], "episode_lengths": [1000], "episode_rewards": [4422.215565572112], "episode_types": ["t"]}