{"initial_reset_timestamp": 1552383856.4106522, "timestamps": [1552384013.9821723], "episode_lengths": [1000], "episode_rewards": [4526.692588713524], "episode_types": ["t"]}