{"initial_reset_timestamp": 1552390049.4721148, "timestamps": [1552390668.2672076], "episode_lengths": [1000], "episode_rewards": [4650.451540916672], "episode_types": ["t"]}