{"initial_reset_timestamp": 1552495769.9408216, "timestamps": [1552495943.228619], "episode_lengths": [1000], "episode_rewards": [4622.8756017259775], "episode_types": ["t"]}