{"initial_reset_timestamp": 1552670851.7517176, "timestamps": [1552671522.0863879, 1552672193.744009, 1552672693.0478907, 1552673192.2391956, 1552673692.2170637, 1552674190.7734427, 1552674688.9825356, 1552675188.07582, 1552675864.2161896, 1552676362.8782196, 1552676863.1352584, 1552677362.3799953, 1552677860.1951513, 1552678359.924195, 1552678857.2476466, 1552679357.2977226, 1552679855.7872932, 1552680354.2189002, 1552680854.2821596, 1552681351.9610686], "episode_lengths": [1000, 1000, 1000, 1000, 1000, 1000, 1000, 1000, 1000, 1000, 1000, 1000, 1000, 1000, 1000, 1000, 1000, 1000, 1000, 1000], "episode_rewards": [4479.157293638163, 4613.7880743358155, 4647.787702315189, 4647.488255735487, 4647.516264592164, 4647.322876992114, 4647.1472233008035, 4646.457667264828, 4645.19670064503, 4646.286238996411, 4647.75109717284, 4647.864951781163, 4648.228471281221, 4647.636607815509, 4647.8341087965855, 4647.2015926831955, 4646.265848102686, 4646.34505497474, 4644.570378815543, 4643.958665194982], "episode_types": ["t", "t", "t", "t", "t", "t", "t", "t", "t", "t", "t", "t", "t", "t", "t", "t", "t", "t", "t", "t", "t"]}