{"initial_reset_timestamp": 1552502979.8474963, "timestamps": [1552503147.4464924], "episode_lengths": [1000], "episode_rewards": [4276.435702009681], "episode_types": ["t"]}