{"initial_reset_timestamp": 1555753228.02695, "timestamps": [1555753332.7310784], "episode_lengths": [1000], "episode_rewards": [-381.7216120054033], "episode_types": ["t"]}