{"initial_reset_timestamp": 1552359499.2913349, "timestamps": [1552360099.2440128], "episode_lengths": [1000], "episode_rewards": [4754.031108552104], "episode_types": ["t"]}