{"initial_reset_timestamp": 1552382432.5479813, "timestamps": [1552383050.9134274], "episode_lengths": [1000], "episode_rewards": [4564.028910208149], "episode_types": ["t"]}