{"initial_reset_timestamp": 1552435549.2495675, "timestamps": [1552435730.7364614], "episode_lengths": [1000], "episode_rewards": [4591.6457773575985], "episode_types": ["t"]}