{"initial_reset_timestamp": 1555720801.7780545, "timestamps": [1555721727.511388], "episode_lengths": [1000], "episode_rewards": [4614.303538384686], "episode_types": ["t"]}