{"initial_reset_timestamp": 1552639417.8126614, "timestamps": [1552639586.0135496, 1552639752.614208, 1552639754.2467053, 1552639755.6432018, 1552639756.9835527, 1552639758.3033853, 1552639759.7518735, 1552639761.1922092, 1552639920.1969504, 1552639921.790815, 1552639923.2664173, 1552639924.9011407, 1552639926.5383043, 1552639928.2268178, 1552639929.9430785, 1552639931.601068, 1552639933.238952, 1552639934.8953183, 1552639936.4105556, 1552639937.8729084, 1552639939.272385, 1552639940.7041597, 1552639942.1084576, 1552639943.4869835, 1552639944.920986, 1552639946.3227584, 1552639947.7051156, 1552640104.4512587, 1552640106.5206685, 1552640108.2536106, 1552640110.0024948, 1552640111.7850845, 1552640113.5697472, 1552640115.0327027, 1552640116.3811207, 1552640117.8744884, 1552640119.2234502, 1552640120.5462415, 1552640121.9416788, 1552640123.331168, 1552640124.6966186, 1552640126.0038683, 1552640127.2589493, 1552640128.460711, 1552640129.664603, 1552640130.8748012, 1552640132.1587727, 1552640133.3867824, 1552640134.688135, 1552640135.9484236], "episode_lengths": [1000, 1000, 1000, 1000, 1000, 1000, 1000, 1000, 1000, 1000, 1000, 1000, 1000, 1000, 1000, 1000, 1000, 1000, 1000, 1000, 1000, 1000, 1000, 1000, 1000, 1000, 1000, 1000, 1000, 1000, 1000, 1000, 1000, 1000, 1000, 1000, 1000, 1000, 1000, 1000, 1000, 1000, 1000, 1000, 1000, 1000, 1000, 1000, 1000, 1000], "episode_rewards": [4371.390206854311, 4578.760047472881, 4572.870057255711, 4528.375422610715, 4649.700616860739, 4642.546743619735, 4519.372972673943, 4569.755470589813, 4572.628155903892, 4659.816389868109, 4553.335729589126, 4680.896109408489, 4535.854473922719, 4671.280166797979, 4559.451517395937, 4620.377532444011, 4568.069004388444, 4552.883794904842, 4679.662137180608, 4522.453677516185, 4642.422558415054, 4611.379779809968, 4518.570640107541, 4656.853754369737, 4522.853698177927, 4624.377594869502, 4536.489213519598, 4503.749509186744, 4588.546057303281, 4561.151634457355, 4644.281717933104, 4703.212988110475, 4422.5110169304735, 4652.7093168473, 4449.519460836393, 4717.557235122728, 4725.975233197306, 4548.438482323068, 4617.373626932155, 4421.234851299007, 4698.0157706326, 4746.308689148494, 4377.138236656904, 4515.644808020843, 4625.070999315472, 4453.033849050955, 4564.697417633427, 4466.2660450362255, 4544.077968558835, 4556.602478114435], "episode_types": ["t", "t", "t", "t", "t", "t", "t", "t", "t", "t", "t", "t", "t", "t", "t", "t", "t", "t", "t", "t", "t", "t", "t", "t", "t", "t", "t", "t", "t", "t", "t", "t", "t", "t", "t", "t", "t", "t", "t", "t", "t", "t", "t", "t", "t", "t", "t", "t", "t", "t", "t"]}