{"initial_reset_timestamp": 1552531273.6298153, "timestamps": [1552531988.8128438], "episode_lengths": [1000], "episode_rewards": [4750.838117328905], "episode_types": ["t"]}