{"initial_reset_timestamp": 1552418008.3432827, "timestamps": [1552418166.6572165], "episode_lengths": [1000], "episode_rewards": [4552.354163379771], "episode_types": ["t"]}