{"initial_reset_timestamp": 1552389534.7092493, "timestamps": [1552390210.3756716], "episode_lengths": [1000], "episode_rewards": [4824.062669839452], "episode_types": ["t"]}