{"initial_reset_timestamp": 1552469047.23978, "timestamps": [1552469209.527755], "episode_lengths": [1000], "episode_rewards": [4362.765963058164], "episode_types": ["t"]}