{"initial_reset_timestamp": 1552493259.8426802, "timestamps": [1552494076.2850482, 1552494849.7827823, 1552495379.8029165, 1552495915.8650994, 1552496455.0950005, 1552496992.9986188, 1552497532.7172816, 1552498070.8461158, 1552498799.726826, 1552499337.0961893], "episode_lengths": [1000, 1000, 1000, 1000, 1000, 1000, 1000, 1000, 1000, 1000], "episode_rewards": [4418.720625182457, 4567.74657353369, 4541.4767160066685, 4592.133173247855, 4595.613670725828, 4597.059500320633, 4576.869248724314, 4466.0161016366055, 4481.726529211465, 4471.9965900113575], "episode_types": ["t", "t", "t", "t", "t", "t", "t", "t", "t", "t", "t"]}