{"initial_reset_timestamp": 1552499337.6050615, "timestamps": [1552499532.440033, 1552499724.8495634, 1552499726.5302577, 1552499728.047706, 1552499729.540587, 1552499730.9942346, 1552499732.5352507, 1552499733.9421003, 1552499897.7419515, 1552499899.3113968], "episode_lengths": [1000, 1000, 1000, 1000, 1000, 1000, 1000, 1000, 1000, 1000], "episode_rewards": [4465.1602450641385, 4447.12057197156, 4513.7451839802525, 4378.386401409317, 4361.774759563548, 4507.2406564493995, 4384.418198540151, 4516.183161348455, 4397.5891300557605, 4570.553941934056], "episode_types": ["t", "t", "t", "t", "t", "t", "t", "t", "t", "t", "t"]}