{"initial_reset_timestamp": 1555884955.1547096, "timestamps": [1555885632.7741222], "episode_lengths": [1000], "episode_rewards": [4680.166194404039], "episode_types": ["t"]}