{"initial_reset_timestamp": 1552411844.618701, "timestamps": [1552412539.1246781], "episode_lengths": [1000], "episode_rewards": [4554.589293193722], "episode_types": ["t"]}