{"initial_reset_timestamp": 1552448299.148759, "timestamps": [1552448926.378598], "episode_lengths": [1000], "episode_rewards": [4500.969589249811], "episode_types": ["t"]}