{"initial_reset_timestamp": 1555698607.9147618, "timestamps": [1555698748.606619], "episode_lengths": [1000], "episode_rewards": [-419.08941644817673], "episode_types": ["t"]}