{"initial_reset_timestamp": 1555897885.37243, "timestamps": [1555898555.1512692], "episode_lengths": [1000], "episode_rewards": [4635.718622951063], "episode_types": ["t"]}