{"initial_reset_timestamp": 1552642264.100814, "timestamps": [1552642969.3105447, 1552643671.3827753, 1552644187.3895493, 1552644699.659726, 1552645216.2151399, 1552645739.049192, 1552646327.8877225, 1552646878.1139827, 1552647584.933949, 1552648100.2384512, 1552648615.2652357, 1552649131.2226183, 1552649646.2473316, 1552650161.9533668, 1552650679.6511867, 1552651196.1126533, 1552651710.125396, 1552652225.8430736, 1552652742.2415254, 1552653257.5696013], "episode_lengths": [1000, 1000, 1000, 1000, 1000, 1000, 1000, 1000, 1000, 1000, 1000, 1000, 1000, 1000, 1000, 1000, 1000, 1000, 1000, 1000], "episode_rewards": [4475.409679565298, 4617.8126333866485, 4603.526491587615, 4644.495999887146, 4644.029379347563, 4643.987829180524, 4643.350712513822, 4643.268722758393, 4643.15257414113, 4641.767918218261, 4642.951084936936, 4642.194354494981, 4642.78364167103, 4638.963816412676, 4642.27572232342, 4641.4833177286755, 4639.986558728085, 4640.183127538802, 4638.900015465532, 4636.4612156110725], "episode_types": ["t", "t", "t", "t", "t", "t", "t", "t", "t", "t", "t", "t", "t", "t", "t", "t", "t", "t", "t", "t", "t"]}