{"initial_reset_timestamp": 1552404366.8723438, "timestamps": [1552405020.6372647], "episode_lengths": [1000], "episode_rewards": [4437.019287791344], "episode_types": ["t"]}