{"initial_reset_timestamp": 1555734706.007272, "timestamps": [1555735536.3252728], "episode_lengths": [1000], "episode_rewards": [4680.066085272045], "episode_types": ["t"]}