{"initial_reset_timestamp": 1555777205.6326358, "timestamps": [1555777401.4787526], "episode_lengths": [1000], "episode_rewards": [4543.537730416524], "episode_types": ["t"]}