{"initial_reset_timestamp": 1552545037.5510619, "timestamps": [1552545726.9383576], "episode_lengths": [1000], "episode_rewards": [4772.732706248768], "episode_types": ["t"]}