{"initial_reset_timestamp": 1555851983.932042, "timestamps": [1555852724.1343977], "episode_lengths": [1000], "episode_rewards": [4859.38124598188], "episode_types": ["t"]}