{"initial_reset_timestamp": 1552373986.2200522, "timestamps": [1552374146.6948562], "episode_lengths": [1000], "episode_rewards": [4624.44831428812], "episode_types": ["t"]}