{"initial_reset_timestamp": 1552565132.7789407, "timestamps": [1552565301.028019], "episode_lengths": [1000], "episode_rewards": [4435.4708084297035], "episode_types": ["t"]}