{"initial_reset_timestamp": 1552431360.8186312, "timestamps": [1552431499.4402945], "episode_lengths": [1000], "episode_rewards": [4679.6085857863745], "episode_types": ["t"]}