{"initial_reset_timestamp": 1552583220.2044604, "timestamps": [1552583835.2719347], "episode_lengths": [1000], "episode_rewards": [4299.458455219592], "episode_types": ["t"]}