{"initial_reset_timestamp": 1552515134.3828743, "timestamps": [1552515807.358242], "episode_lengths": [1000], "episode_rewards": [4310.531620048682], "episode_types": ["t"]}