{"initial_reset_timestamp": 1555859185.9170804, "timestamps": [1555859362.2487936], "episode_lengths": [1000], "episode_rewards": [4457.844791335183], "episode_types": ["t"]}