{"initial_reset_timestamp": 1552466594.3764656, "timestamps": [1552467328.885255], "episode_lengths": [1000], "episode_rewards": [4538.86126003905], "episode_types": ["t"]}