{"initial_reset_timestamp": 1552281492.9227405, "timestamps": [1552282096.4849045, 1552282701.1975882, 1552283145.401612, 1552283586.5421114, 1552284027.516281, 1552284470.2582047, 1552284912.950605, 1552285356.096063, 1552285958.042988, 1552286402.7179742], "episode_lengths": [1000, 1000, 1000, 1000, 1000, 1000, 1000, 1000, 1000, 1000], "episode_rewards": [4268.883712080623, 4504.679866631847, 4568.052546041109, 4563.098354885214, 4563.349506676805, 4491.32074124549, 4475.302367356142, 4564.941843249435, 4495.306781124922, 4375.743565607106], "episode_types": ["t", "t", "t", "t", "t", "t", "t", "t", "t", "t", "t"]}