{"initial_reset_timestamp": 1552573219.368674, "timestamps": [1552573370.9416535], "episode_lengths": [1000], "episode_rewards": [4480.562515912633], "episode_types": ["t"]}