{"initial_reset_timestamp": 1552376332.0165114, "timestamps": [1552376948.6050334], "episode_lengths": [1000], "episode_rewards": [4784.541754739189], "episode_types": ["t"]}