{"initial_reset_timestamp": 1552383293.482769, "timestamps": [1552383855.472774], "episode_lengths": [1000], "episode_rewards": [4547.477229562183], "episode_types": ["t"]}