{"initial_reset_timestamp": 1552595125.6681757, "timestamps": [1552595310.170541, 1552595496.191232, 1552595497.8231173, 1552595499.3035207, 1552595500.7593207, 1552595502.1669095, 1552595503.5942278, 1552595505.2090511, 1552595694.2378466, 1552595695.9832368, 1552595697.3404076, 1552595698.8117054, 1552595700.2844284, 1552595701.8135405, 1552595703.2230241, 1552595704.6390412, 1552595706.026156, 1552595707.4164557, 1552595708.9328005, 1552595710.3378983], "episode_lengths": [1000, 1000, 1000, 1000, 1000, 1000, 1000, 1000, 1000, 1000, 1000, 1000, 1000, 1000, 1000, 1000, 1000, 1000, 1000, 1000], "episode_rewards": [4322.368492410203, 4524.614692973848, 4419.627608925985, 4606.311055459257, 4626.86789126013, 4552.4865109562425, 4468.161553068046, 4509.024626799277, 4608.6526455682815, 4518.988321556746, 4424.682910435788, 4688.31902065098, 4648.588847061658, 4444.831431966734, 4550.6530687912355, 4592.35860009178, 4619.1885587331235, 4523.325590023359, 4590.888820695007, 4511.07157090346], "episode_types": ["t", "t", "t", "t", "t", "t", "t", "t", "t", "t", "t", "t", "t", "t", "t", "t", "t", "t", "t", "t", "t"]}