{"initial_reset_timestamp": 1552500062.615043, "timestamps": [1552500683.1865876], "episode_lengths": [1000], "episode_rewards": [4660.8608086360555], "episode_types": ["t"]}