{"initial_reset_timestamp": 1552554784.1051128, "timestamps": [1552555407.0617774], "episode_lengths": [1000], "episode_rewards": [4616.905119292421], "episode_types": ["t"]}