{"initial_reset_timestamp": 1552459846.2730775, "timestamps": [1552460660.2788267, 1552461402.7696455, 1552461930.1683345, 1552462458.3373356, 1552462992.126802, 1552463514.0028806, 1552464007.8562045, 1552464496.1061842, 1552465151.6967583, 1552465638.9607651, 1552466180.5946727, 1552466735.5242407, 1552467234.5145953, 1552467726.4604979, 1552468217.8341727, 1552468712.8864422, 1552469199.668638, 1552469688.6885335, 1552470235.5762205, 1552470830.9590049], "episode_lengths": [1000, 1000, 1000, 1000, 1000, 1000, 1000, 1000, 1000, 1000, 1000, 1000, 1000, 1000, 1000, 1000, 1000, 1000, 1000, 1000], "episode_rewards": [4346.796195797669, 4389.008962375261, 4314.767199172959, 4593.879961250529, 4594.469218815773, 4517.265120641401, 4427.014150494087, 4449.245655517548, 4517.357720757334, 4459.877888589418, 4506.214122314309, 4468.964725226351, 4600.520990246745, 4500.6958014360835, 4496.6961570345375, 4479.866027912323, 4486.184167127292, 4509.219685893397, 4514.4183201413725, 4562.138109595242], "episode_types": ["t", "t", "t", "t", "t", "t", "t", "t", "t", "t", "t", "t", "t", "t", "t", "t", "t", "t", "t", "t", "t"]}