{"initial_reset_timestamp": 1552521537.2126796, "timestamps": [1552521687.2394702], "episode_lengths": [1000], "episode_rewards": [4503.1917397172165], "episode_types": ["t"]}