{"initial_reset_timestamp": 1552460178.6341417, "timestamps": [1552460873.5212533], "episode_lengths": [1000], "episode_rewards": [4766.057231229122], "episode_types": ["t"]}