{"initial_reset_timestamp": 1554450329.966607, "timestamps": [1554450479.221694], "episode_lengths": [1000], "episode_rewards": [-626.2145782839241], "episode_types": ["t", "t"]}