{"initial_reset_timestamp": 1552549799.678418, "timestamps": [1552550412.3214216], "episode_lengths": [1000], "episode_rewards": [4419.579409736008], "episode_types": ["t"]}