{"initial_reset_timestamp": 1552469209.7584658, "timestamps": [1552469368.4516485], "episode_lengths": [1000], "episode_rewards": [4517.7154417566835], "episode_types": ["t"]}