{"initial_reset_timestamp": 1552710168.3892708, "timestamps": [1552710350.0055647, 1552710529.7605062, 1552710531.4242165, 1552710532.8842654, 1552710534.2904947, 1552710535.638145, 1552710536.990973, 1552710538.3086684, 1552710718.7936466, 1552710720.3006015, 1552710721.6622655, 1552710722.9982839, 1552710724.399388, 1552710725.7779093, 1552710727.1305134, 1552710728.5947526, 1552710729.9621, 1552710731.4125214, 1552710732.8050735, 1552710734.1908774], "episode_lengths": [1000, 1000, 1000, 1000, 1000, 1000, 1000, 1000, 1000, 1000, 1000, 1000, 1000, 1000, 1000, 1000, 1000, 1000, 1000, 1000], "episode_rewards": [4365.250165186421, 4497.557619854646, 4512.892837115352, 4612.314179342299, 4506.74829135106, 4514.896173676869, 4442.638882534611, 4525.298935394357, 4457.790220083438, 4473.727730029438, 4322.414970735629, 4372.448300872714, 4644.750875382728, 4443.695741720565, 4486.633987794479, 4518.218094822365, 4527.300964814074, 4465.5593628275665, 4706.884549970029, 4589.614623422055], "episode_types": ["t", "t", "t", "t", "t", "t", "t", "t", "t", "t", "t", "t", "t", "t", "t", "t", "t", "t", "t", "t", "t"]}