{"initial_reset_timestamp": 1552510085.570082, "timestamps": [1552510711.5193343], "episode_lengths": [1000], "episode_rewards": [4765.078756686259], "episode_types": ["t"]}