{"initial_reset_timestamp": 1552380518.245583, "timestamps": [1552381189.2193363], "episode_lengths": [1000], "episode_rewards": [4671.207930783887], "episode_types": ["t"]}