{"initial_reset_timestamp": 1552585686.6432912, "timestamps": [1552586312.689054], "episode_lengths": [1000], "episode_rewards": [4514.2133401353785], "episode_types": ["t"]}