{"initial_reset_timestamp": 1552485983.3775413, "timestamps": [1552486164.9178493], "episode_lengths": [1000], "episode_rewards": [4433.898114705546], "episode_types": ["t"]}