{"initial_reset_timestamp": 1552479873.175583, "timestamps": [1552480488.4251437], "episode_lengths": [1000], "episode_rewards": [4537.037835480193], "episode_types": ["t"]}