{"initial_reset_timestamp": 1555744137.531106, "timestamps": [1555745024.8400166], "episode_lengths": [1000], "episode_rewards": [4631.916879794411], "episode_types": ["t"]}