{"initial_reset_timestamp": 1555751833.4898033, "timestamps": [1555752826.9261074], "episode_lengths": [1000], "episode_rewards": [4650.138816036147], "episode_types": ["t"]}