{"initial_reset_timestamp": 1554402758.1565845, "timestamps": [1554402950.4760482], "episode_lengths": [1000], "episode_rewards": [-570.8721972770483], "episode_types": ["t", "t"]}