{"initial_reset_timestamp": 1555681516.8494444, "timestamps": [1555682140.8253806], "episode_lengths": [1000], "episode_rewards": [892.7519101126674], "episode_types": ["t"]}