{"initial_reset_timestamp": 1552547112.823774, "timestamps": [1552547863.1139884], "episode_lengths": [1000], "episode_rewards": [4787.242993391045], "episode_types": ["t"]}