{"initial_reset_timestamp": 1555767979.0978215, "timestamps": [1555768844.749622], "episode_lengths": [1000], "episode_rewards": [4695.537777323835], "episode_types": ["t"]}