{"initial_reset_timestamp": 1555756518.4920113, "timestamps": [1555757605.1021767], "episode_lengths": [1000], "episode_rewards": [4795.66850983675], "episode_types": ["t"]}