{"initial_reset_timestamp": 1552330313.5658813, "timestamps": [1552330985.7817109, 1552331660.153757, 1552332161.0926921, 1552332659.1543877, 1552333162.8857768, 1552333665.3206537, 1552334170.2861776, 1552334677.639437, 1552335357.4969373, 1552335860.5638049], "episode_lengths": [1000, 1000, 1000, 1000, 1000, 1000, 1000, 1000, 1000, 1000], "episode_rewards": [4648.207234821456, 4789.384333423843, 4745.565535377024, 4885.6652148685025, 4757.609918899632, 4712.58561381787, 4817.388959997775, 4786.971959744654, 4794.104998216412, 4779.24091303432], "episode_types": ["t", "t", "t", "t", "t", "t", "t", "t", "t", "t", "t"]}