{"initial_reset_timestamp": 1552437100.2149503, "timestamps": [1552437756.971876], "episode_lengths": [1000], "episode_rewards": [4793.833850647344], "episode_types": ["t"]}