{"initial_reset_timestamp": 1552517439.202758, "timestamps": [1552518060.9490602], "episode_lengths": [1000], "episode_rewards": [4683.7561171824345], "episode_types": ["t"]}