{"initial_reset_timestamp": 1554427208.675364, "timestamps": [1554427419.6156094], "episode_lengths": [1000], "episode_rewards": [-576.9335512155862], "episode_types": ["t", "t"]}