{"initial_reset_timestamp": 1554465795.987756, "timestamps": [1554465922.2141504], "episode_lengths": [1000], "episode_rewards": [-464.8061329463953], "episode_types": ["t", "t"]}