{"initial_reset_timestamp": 1552604893.1698773, "timestamps": [1552605510.1532524], "episode_lengths": [1000], "episode_rewards": [4522.769761225801], "episode_types": ["t"]}