{"initial_reset_timestamp": 1552386649.183406, "timestamps": [1552387386.1997507], "episode_lengths": [1000], "episode_rewards": [4509.7035094621215], "episode_types": ["t"]}