{"initial_reset_timestamp": 1552477648.1214674, "timestamps": [1552478435.1198094], "episode_lengths": [1000], "episode_rewards": [4813.8965121274305], "episode_types": ["t"]}