{"initial_reset_timestamp": 1552577688.8214695, "timestamps": [1552578300.522674], "episode_lengths": [1000], "episode_rewards": [4755.885997464565], "episode_types": ["t"]}