{"initial_reset_timestamp": 1552460873.7341514, "timestamps": [1552461492.7314122], "episode_lengths": [1000], "episode_rewards": [4796.097810654977], "episode_types": ["t"]}