{"initial_reset_timestamp": 1555783306.0778394, "timestamps": [1555783599.9710484], "episode_lengths": [1000], "episode_rewards": [4437.217494946686], "episode_types": ["t"]}