{"initial_reset_timestamp": 1555645460.4017031, "timestamps": [1555646119.9719954], "episode_lengths": [1000], "episode_rewards": [-374.55901742385703], "episode_types": ["t"]}