{"initial_reset_timestamp": 1552463345.2655194, "timestamps": [1552463961.5968904], "episode_lengths": [1000], "episode_rewards": [4637.322942615446], "episode_types": ["t"]}