{"initial_reset_timestamp": 1554416825.1030197, "timestamps": [1554417637.7920716], "episode_lengths": [1000], "episode_rewards": [-835.8849814460201], "episode_types": ["t"]}