{"initial_reset_timestamp": 1552415725.0373633, "timestamps": [1552416342.925553], "episode_lengths": [1000], "episode_rewards": [4627.65618954037], "episode_types": ["t"]}