{"initial_reset_timestamp": 1555859010.185396, "timestamps": [1555859185.695495], "episode_lengths": [1000], "episode_rewards": [4551.569851086557], "episode_types": ["t"]}