{"initial_reset_timestamp": 1552704816.5511806, "timestamps": [1552705490.6311781, 1552706167.3466182, 1552706674.5520155, 1552707179.1372283, 1552707681.893963, 1552708185.606805, 1552708691.2651174, 1552709195.8176122, 1552709871.3256621, 1552710375.9911346, 1552710886.5282311, 1552711398.5089085, 1552711909.6319187, 1552712422.1569858, 1552712934.4929113, 1552713447.5320833, 1552713946.361592, 1552714446.3961067, 1552714943.4670851, 1552715441.249177, 1552715942.821596, 1552716457.6123946, 1552717035.9381266, 1552717568.9232378, 1552718068.337764, 1552718566.8926933, 1552719065.4195824, 1552719737.5904052, 1552720238.0844042, 1552720738.2625246, 1552721241.4366865, 1552721741.906038, 1552722242.0542731, 1552722739.9160588, 1552723237.7275925, 1552723740.2244384, 1552724240.3070512, 1552724737.1820033, 1552725235.1994662, 1552725733.8459876, 1552726230.52318, 1552726730.3775716, 1552727228.773208, 1552727729.3385093, 1552728231.7728333, 1552728740.8971066, 1552729245.0393877, 1552729746.153802, 1552730245.1909618, 1552730749.8447294], "episode_lengths": [1000, 1000, 1000, 1000, 1000, 1000, 1000, 1000, 1000, 1000, 1000, 1000, 1000, 1000, 1000, 1000, 1000, 1000, 1000, 1000, 1000, 1000, 1000, 1000, 1000, 1000, 1000, 1000, 1000, 1000, 1000, 1000, 1000, 1000, 1000, 1000, 1000, 1000, 1000, 1000, 1000, 1000, 1000, 1000, 1000, 1000, 1000, 1000, 1000, 1000], "episode_rewards": [4698.653231069372, 4703.971563043859, 4790.3698257682945, 4800.738811374227, 4764.969677871946, 4826.17257119483, 4749.07925187948, 4776.58192839373, 4844.225926997148, 4767.964178718455, 4782.707610054058, 4807.653652771086, 4852.449493626088, 4702.23138063432, 4798.073881863315, 4812.501801533111, 4722.202243955373, 4837.130520635878, 4811.652531621103, 4720.131283203651, 4781.346102256256, 4816.027826798087, 4836.357650398375, 4788.759463249355, 4872.306778776731, 4715.875384313933, 4786.328111334221, 4760.1714335338065, 4794.338135380017, 4829.309766989676, 4729.993831506977, 4745.353483280102, 4885.34674482901, 4768.609495866573, 4783.3294814242545, 4747.620229442275, 4739.604828850742, 4832.289376699634, 4700.076383560666, 4891.036275018417, 4742.5182587848485, 4734.306877416672, 4835.34958067776, 4839.942416962964, 4704.467770074131, 4862.459828114732, 4806.034071904218, 4682.8574412842845, 4864.533191608809, 4785.416993095386], "episode_types": ["t", "t", "t", "t", "t", "t", "t", "t", "t", "t", "t", "t", "t", "t", "t", "t", "t", "t", "t", "t", "t", "t", "t", "t", "t", "t", "t", "t", "t", "t", "t", "t", "t", "t", "t", "t", "t", "t", "t", "t", "t", "t", "t", "t", "t", "t", "t", "t", "t", "t", "t"]}