{"initial_reset_timestamp": 1552569704.6517017, "timestamps": [1552570338.1934178], "episode_lengths": [1000], "episode_rewards": [4512.997529142157], "episode_types": ["t"]}