{"initial_reset_timestamp": 1552426016.132051, "timestamps": [1552426659.498062], "episode_lengths": [1000], "episode_rewards": [4410.320008156729], "episode_types": ["t"]}