{"initial_reset_timestamp": 1555818780.1014876, "timestamps": [1555819451.6844575], "episode_lengths": [1000], "episode_rewards": [4660.015076276949], "episode_types": ["t"]}