{"initial_reset_timestamp": 1552717290.4952686, "timestamps": [1552717952.0301104, 1552718617.882612, 1552719112.3287053, 1552719605.5036047, 1552720099.26679, 1552720590.7309256, 1552721081.4165235, 1552721577.0093768, 1552722238.5784574, 1552722729.801128, 1552723220.030473, 1552723711.098122, 1552724197.6550236, 1552724687.597304, 1552725178.5042048, 1552725668.108607, 1552726160.592365, 1552726649.584113, 1552727139.4427118, 1552727630.3352814], "episode_lengths": [1000, 1000, 1000, 1000, 1000, 1000, 1000, 1000, 1000, 1000, 1000, 1000, 1000, 1000, 1000, 1000, 1000, 1000, 1000, 1000], "episode_rewards": [4662.51728607867, 4837.245682858564, 4779.326444823009, 4787.061054666166, 4737.877833589035, 4814.380019328739, 4858.616462438734, 4667.424013507552, 4842.7263410087135, 4832.764553244987, 4723.070369867305, 4828.552708674529, 4802.111896603318, 4779.7329431313, 4743.184372353729, 4757.947734891139, 4886.134224667482, 4702.932555188943, 4823.402377221813, 4850.375263492167], "episode_types": ["t", "t", "t", "t", "t", "t", "t", "t", "t", "t", "t", "t", "t", "t", "t", "t", "t", "t", "t", "t", "t"]}