{"initial_reset_timestamp": 1552535502.1431575, "timestamps": [1552536192.943229], "episode_lengths": [1000], "episode_rewards": [4388.858680073091], "episode_types": ["t"]}