{"initial_reset_timestamp": 1555692451.7265024, "timestamps": [1555693304.5997622], "episode_lengths": [1000], "episode_rewards": [4714.935276639922], "episode_types": ["t"]}