{"initial_reset_timestamp": 1555731690.8367922, "timestamps": [1555731835.4198346], "episode_lengths": [1000], "episode_rewards": [1752.7791100316354], "episode_types": ["t"]}