{"initial_reset_timestamp": 1552383659.8564832, "timestamps": [1552384264.9477034], "episode_lengths": [1000], "episode_rewards": [4522.3331934334965], "episode_types": ["t"]}