{"initial_reset_timestamp": 1552520556.580781, "timestamps": [1552520728.014932], "episode_lengths": [1000], "episode_rewards": [4396.894442943435], "episode_types": ["t"]}