{"initial_reset_timestamp": 1552357550.6578035, "timestamps": [1552358186.2202072], "episode_lengths": [1000], "episode_rewards": [4696.539200827464], "episode_types": ["t"]}