{"initial_reset_timestamp": 1555675975.6421454, "timestamps": [1555676590.185521], "episode_lengths": [1000], "episode_rewards": [-3062.99586050316], "episode_types": ["t"]}