{"initial_reset_timestamp": 1552504763.9550538, "timestamps": [1552505519.2986438], "episode_lengths": [1000], "episode_rewards": [4761.306392477173], "episode_types": ["t"]}