{"initial_reset_timestamp": 1552502343.8331494, "timestamps": [1552502978.4496922], "episode_lengths": [1000], "episode_rewards": [4617.292062831383], "episode_types": ["t"]}