{"initial_reset_timestamp": 1552589633.7367642, "timestamps": [1552589769.4744065], "episode_lengths": [1000], "episode_rewards": [4579.512101265628], "episode_types": ["t"]}