{"initial_reset_timestamp": 1552378950.471176, "timestamps": [1552379560.5199828], "episode_lengths": [1000], "episode_rewards": [4453.6479519474], "episode_types": ["t"]}