{"initial_reset_timestamp": 1555804253.3997595, "timestamps": [1555805181.681434], "episode_lengths": [1000], "episode_rewards": [4698.650499525958], "episode_types": ["t"]}