{"initial_reset_timestamp": 1552534818.219812, "timestamps": [1552535501.8980768], "episode_lengths": [1000], "episode_rewards": [4295.333806195355], "episode_types": ["t"]}