{"initial_reset_timestamp": 1555826621.7094166, "timestamps": [1555826794.925525], "episode_lengths": [1000], "episode_rewards": [4499.216487006104], "episode_types": ["t"]}