{"initial_reset_timestamp": 1552237771.6961937, "timestamps": [1552237927.5795717, 1552238082.7738316, 1552238084.129398, 1552238085.234439, 1552238086.3340483, 1552238087.19929, 1552238088.0619314, 1552238088.9445066, 1552238243.565068, 1552238244.7507896], "episode_lengths": [1000, 1000, 1000, 1000, 1000, 1000, 1000, 1000, 1000, 1000], "episode_rewards": [4663.2108653159585, 4853.022373849905, 4798.071968779454, 4799.737567241726, 4727.383846822806, 4836.447452092205, 4866.926827888761, 4751.7624789845995, 4765.567597076832, 4869.4041888844895], "episode_types": ["t", "t", "t", "t", "t", "t", "t", "t", "t", "t", "t"]}