{"initial_reset_timestamp": 1552419280.4933777, "timestamps": [1552419466.9001803], "episode_lengths": [1000], "episode_rewards": [4673.305388991192], "episode_types": ["t"]}