{"initial_reset_timestamp": 1552447770.3928754, "timestamps": [1552448505.3097775], "episode_lengths": [1000], "episode_rewards": [4671.0172520757615], "episode_types": ["t"]}