{"initial_reset_timestamp": 1555646120.8818393, "timestamps": [1555646762.7226882], "episode_lengths": [1000], "episode_rewards": [-3003.708970903861], "episode_types": ["t"]}