{"initial_reset_timestamp": 1552299072.0838044, "timestamps": [1552299725.9017777, 1552300382.1047533, 1552300863.5292022, 1552301349.7885365, 1552301836.822084, 1552302322.0404375, 1552302801.1751065, 1552303310.8752103, 1552304053.4518313, 1552304611.798455], "episode_lengths": [1000, 1000, 1000, 1000, 1000, 1000, 1000, 1000, 1000, 1000], "episode_rewards": [4393.937709720564, 4511.766326926323, 4512.142447903281, 4541.360055612236, 4521.605068790403, 4516.713322706925, 4513.499772883635, 4494.836006968563, 4528.057183972658, 4526.428032349979], "episode_types": ["t", "t", "t", "t", "t", "t", "t", "t", "t", "t", "t"]}