{"initial_reset_timestamp": 1552452033.6897159, "timestamps": [1552452682.4507346], "episode_lengths": [1000], "episode_rewards": [4602.016761997029], "episode_types": ["t"]}