{"initial_reset_timestamp": 1552424803.4325807, "timestamps": [1552425400.225685], "episode_lengths": [1000], "episode_rewards": [4455.949286627148], "episode_types": ["t"]}