{"initial_reset_timestamp": 1552539415.4607065, "timestamps": [1552539581.300142], "episode_lengths": [1000], "episode_rewards": [4494.310033442917], "episode_types": ["t"]}