{"initial_reset_timestamp": 1555738027.5456152, "timestamps": [1555738168.4562006], "episode_lengths": [1000], "episode_rewards": [-105.51298314973351], "episode_types": ["t"]}