{"initial_reset_timestamp": 1552453453.262778, "timestamps": [1552453592.4799144], "episode_lengths": [1000], "episode_rewards": [4505.830104958152], "episode_types": ["t"]}