{"initial_reset_timestamp": 1552492660.7668355, "timestamps": [1552493300.9567552], "episode_lengths": [1000], "episode_rewards": [4666.409305613637], "episode_types": ["t"]}