{"initial_reset_timestamp": 1555679262.593982, "timestamps": [1555679829.0849485], "episode_lengths": [1000], "episode_rewards": [-3049.8886933453955], "episode_types": ["t"]}