{"initial_reset_timestamp": 1552522522.3944936, "timestamps": [1552523260.4627583], "episode_lengths": [1000], "episode_rewards": [4700.868715963686], "episode_types": ["t"]}