{"initial_reset_timestamp": 1555658886.106893, "timestamps": [1555659042.25773], "episode_lengths": [1000], "episode_rewards": [-3016.3530412007467], "episode_types": ["t", "t"]}