{"initial_reset_timestamp": 1552418166.908651, "timestamps": [1552418325.0730515], "episode_lengths": [1000], "episode_rewards": [4551.235819678884], "episode_types": ["t"]}