{"initial_reset_timestamp": 1552530181.2295308, "timestamps": [1552530989.2022502], "episode_lengths": [1000], "episode_rewards": [4647.490401276202], "episode_types": ["t"]}