{"initial_reset_timestamp": 1555713827.3923628, "timestamps": [1555713962.9456441], "episode_lengths": [1000], "episode_rewards": [562.9973620178367], "episode_types": ["t"]}