{"initial_reset_timestamp": 1552755908.7253726, "timestamps": [1552756082.299028, 1552756256.821571, 1552756258.4097805, 1552756259.8162775, 1552756261.3966348, 1552756263.0660992, 1552756264.5957177, 1552756266.1562524, 1552756436.4462879, 1552756438.0219414, 1552756439.5078433, 1552756441.0390267, 1552756442.4567487, 1552756443.8467953, 1552756445.1674533, 1552756446.619825, 1552756448.0470424, 1552756449.389315, 1552756450.8222637, 1552756452.2141263, 1552756453.5645878, 1552756454.8697977, 1552756456.1178877, 1552756457.371338, 1552756458.6331651, 1552756459.8984025, 1552756461.210852, 1552756606.924967, 1552756608.4094138, 1552756609.719306, 1552756611.022478, 1552756612.355233, 1552756613.6868386, 1552756614.998958, 1552756616.3822412, 1552756617.7278888, 1552756619.078672, 1552756620.3881462, 1552756621.680717, 1552756622.965714, 1552756624.2968936, 1552756625.5596933, 1552756626.8243203, 1552756628.076088, 1552756629.327531, 1552756630.576164, 1552756631.8241854, 1552756633.0303617, 1552756634.370126, 1552756635.6343722], "episode_lengths": [1000, 1000, 1000, 1000, 1000, 1000, 1000, 1000, 1000, 1000, 1000, 1000, 1000, 1000, 1000, 1000, 1000, 1000, 1000, 1000, 1000, 1000, 1000, 1000, 1000, 1000, 1000, 1000, 1000, 1000, 1000, 1000, 1000, 1000, 1000, 1000, 1000, 1000, 1000, 1000, 1000, 1000, 1000, 1000, 1000, 1000, 1000, 1000, 1000, 1000], "episode_rewards": [4392.1804410661925, 4547.1187410018, 4524.584701779943, 4581.457386752664, 4527.477590903176, 4486.287383817437, 4562.033530166347, 4628.951503949785, 4500.645904756186, 4457.788907029539, 4722.132389528557, 4618.528583273357, 4397.769522536916, 4591.355802181429, 4507.150648261561, 4651.584379783508, 4725.917877794276, 4787.559471352511, 4786.960248837754, 4767.348122398098, 4610.531912545637, 4477.543772144238, 4555.160988251169, 4469.339762920779, 4397.247293747322, 4484.325592008364, 4500.729660018888, 4415.055820805255, 4428.946792540975, 4452.026873572619, 4553.533945236304, 4491.189676223045, 4502.348972855706, 4449.071750843238, 4421.908074359915, 4475.902288565343, 4436.221138517077, 4563.3473419015845, 4593.156792152232, 4528.001998154867, 4481.627008792681, 4497.065023538842, 4538.902638897525, 4481.000363406414, 4500.249839222811, 4594.515944480347, 4477.225388962309, 4487.256787488937, 4530.471220854238, 4503.812161415522], "episode_types": ["t", "t", "t", "t", "t", "t", "t", "t", "t", "t", "t", "t", "t", "t", "t", "t", "t", "t", "t", "t", "t", "t", "t", "t", "t", "t", "t", "t", "t", "t", "t", "t", "t", "t", "t", "t", "t", "t", "t", "t", "t", "t", "t", "t", "t", "t", "t", "t", "t", "t", "t"]}