{"initial_reset_timestamp": 1555803298.4435968, "timestamps": [1555804253.1064222], "episode_lengths": [1000], "episode_rewards": [4501.925719691944], "episode_types": ["t"]}