{"initial_reset_timestamp": 1552307792.9904504, "timestamps": [1552308399.5291898, 1552308993.5553617, 1552309432.8989515, 1552309874.6522613, 1552310316.7187924, 1552310760.3055599, 1552311202.3097107, 1552311703.7654216, 1552312358.8814867, 1552312805.5775013, 1552313253.5914009, 1552313700.5040696, 1552314146.0627272, 1552314589.9259882, 1552315033.8441908, 1552315482.815524, 1552315924.8165874, 1552316368.5263307, 1552316813.6991973, 1552317259.209533, 1552317703.2601936, 1552318151.1355567, 1552318594.9130044, 1552319039.2516303, 1552319485.4246328, 1552319931.1496167, 1552320377.2246385, 1552320977.1411479, 1552321427.290885, 1552321870.125458, 1552322316.7513988, 1552322767.074379, 1552323217.2656097, 1552323657.6976807, 1552324084.2772014, 1552324541.311253, 1552324964.331098, 1552325405.4292195, 1552325841.73329, 1552326265.8980048, 1552326694.0694692, 1552327122.78352, 1552327574.354775, 1552328022.5556521, 1552328457.075231, 1552328898.428449, 1552329374.8877883, 1552329910.8071551, 1552330425.9349627, 1552330873.6261365], "episode_lengths": [1000, 1000, 1000, 1000, 1000, 1000, 1000, 1000, 1000, 1000, 1000, 1000, 1000, 1000, 1000, 1000, 1000, 1000, 1000, 1000, 1000, 1000, 1000, 1000, 1000, 1000, 1000, 1000, 1000, 1000, 1000, 1000, 1000, 1000, 1000, 1000, 1000, 1000, 1000, 1000, 1000, 1000, 1000, 1000, 1000, 1000, 1000, 1000, 1000, 1000], "episode_rewards": [4671.3895620795, 4801.406097566473, 4803.948961091725, 4688.881078713164, 4872.512514934395, 4802.701895993294, 4706.7928372992355, 4864.7748680125405, 4679.71475408817, 4840.12007568343, 4817.764312097963, 4806.011636268825, 4711.456294167495, 4883.780660575239, 4699.957545638878, 4876.647827930203, 4686.03017882819, 4825.4313337940885, 4720.309306018103, 4814.897770284089, 4860.243420513822, 4708.406383793891, 4848.907395489171, 4770.304506319094, 4816.802291318691, 4711.613391933726, 4877.0902087458035, 4808.523416392967, 4691.1952425200325, 4813.730619991491, 4806.404280070008, 4810.486657124682, 4757.284683438982, 4696.300725479081, 4830.217695824575, 4821.550646671124, 4778.964716915462, 4819.722615378577, 4765.2707631130415, 4705.249971164424, 4785.524778537946, 4882.87288887189, 4837.992274429794, 4716.543614304083, 4808.734268483864, 4746.553092362514, 4806.786858389431, 4780.884968478292, 4804.316407268751, 4841.69810201567], "episode_types": ["t", "t", "t", "t", "t", "t", "t", "t", "t", "t", "t", "t", "t", "t", "t", "t", "t", "t", "t", "t", "t", "t", "t", "t", "t", "t", "t", "t", "t", "t", "t", "t", "t", "t", "t", "t", "t", "t", "t", "t", "t", "t", "t", "t", "t", "t", "t", "t", "t", "t", "t"]}