{"initial_reset_timestamp": 1552480410.0207918, "timestamps": [1552481090.2232873], "episode_lengths": [1000], "episode_rewards": [4531.110129230916], "episode_types": ["t"]}