{"initial_reset_timestamp": 1552395717.930283, "timestamps": [1552396325.878676], "episode_lengths": [1000], "episode_rewards": [4260.90512350644], "episode_types": ["t"]}