{"initial_reset_timestamp": 1552572220.0992382, "timestamps": [1552572398.9041567], "episode_lengths": [1000], "episode_rewards": [4363.427139860872], "episode_types": ["t"]}