{"initial_reset_timestamp": 1555752739.5423868, "timestamps": [1555753225.648963], "episode_lengths": [1000], "episode_rewards": [688.0732967340435], "episode_types": ["t"]}