{"initial_reset_timestamp": 1554402013.602527, "timestamps": [1554402757.2354236], "episode_lengths": [1000], "episode_rewards": [-929.3250912856317], "episode_types": ["t"]}