{"initial_reset_timestamp": 1552478437.4236808, "timestamps": [1552479138.3755922], "episode_lengths": [1000], "episode_rewards": [4464.963190242999], "episode_types": ["t"]}