{"initial_reset_timestamp": 1552482907.5209427, "timestamps": [1552483540.2124102], "episode_lengths": [1000], "episode_rewards": [4720.967933971913], "episode_types": ["t"]}