{"initial_reset_timestamp": 1552369509.3898892, "timestamps": [1552370115.3610303], "episode_lengths": [1000], "episode_rewards": [4817.0113742540825], "episode_types": ["t"]}