{"initial_reset_timestamp": 1552479340.0798397, "timestamps": [1552479533.7352796, 1552479730.3545108, 1552479732.115026, 1552479733.6605396, 1552479735.2789161, 1552479736.9018123, 1552479738.5170028, 1552479740.1410484, 1552479917.8374388, 1552479919.6367514], "episode_lengths": [1000, 1000, 1000, 1000, 1000, 1000, 1000, 1000, 1000, 1000], "episode_rewards": [4328.689962739645, 4669.253503350108, 4590.172400713564, 4631.266046800038, 4560.511037316612, 4429.823406902665, 4431.495587077524, 4641.52622640925, 4692.910500056456, 4711.596133177181], "episode_types": ["t", "t", "t", "t", "t", "t", "t", "t", "t", "t", "t"]}