{"initial_reset_timestamp": 1555879565.3564847, "timestamps": [1555879772.6035507], "episode_lengths": [1000], "episode_rewards": [4451.0185199021935], "episode_types": ["t"]}