{"initial_reset_timestamp": 1552371369.9904864, "timestamps": [1552371989.3913572], "episode_lengths": [1000], "episode_rewards": [4442.962252763177], "episode_types": ["t"]}