{"initial_reset_timestamp": 1552312212.2439578, "timestamps": [1552312871.2271197, 1552313541.0503478, 1552314030.5049455, 1552314522.7797828, 1552315016.005715, 1552315510.8635113, 1552316004.2921655, 1552316495.4413388, 1552317169.3426757, 1552317669.2685351], "episode_lengths": [1000, 1000, 1000, 1000, 1000, 1000, 1000, 1000, 1000, 1000], "episode_rewards": [4620.838860767838, 4907.73607306965, 4694.143880326935, 4824.537231226103, 4822.612012848553, 4763.484892128056, 4745.094374404138, 4906.9659873070605, 4700.894055335786, 4716.934272324621], "episode_types": ["t", "t", "t", "t", "t", "t", "t", "t", "t", "t", "t"]}