{"initial_reset_timestamp": 1552472545.2306144, "timestamps": [1552473274.5154035], "episode_lengths": [1000], "episode_rewards": [4780.431046480649], "episode_types": ["t"]}