{"initial_reset_timestamp": 1552590171.7620432, "timestamps": [1552590301.6915004], "episode_lengths": [1000], "episode_rewards": [4436.709035766352], "episode_types": ["t"]}