{"initial_reset_timestamp": 1555778134.1503983, "timestamps": [1555778582.5688107], "episode_lengths": [1000], "episode_rewards": [-56.65583889991125], "episode_types": ["t"]}