{"initial_reset_timestamp": 1552395302.1022723, "timestamps": [1552395912.411464], "episode_lengths": [1000], "episode_rewards": [4893.657451146577], "episode_types": ["t"]}