{"initial_reset_timestamp": 1552461573.5310838, "timestamps": [1552462210.3077748], "episode_lengths": [1000], "episode_rewards": [4728.17052750495], "episode_types": ["t"]}