{"initial_reset_timestamp": 1552408032.8058324, "timestamps": [1552408653.9119244], "episode_lengths": [1000], "episode_rewards": [4851.378312554626], "episode_types": ["t"]}