{"initial_reset_timestamp": 1555718529.0008514, "timestamps": [1555719322.2623174], "episode_lengths": [1000], "episode_rewards": [4453.892358460176], "episode_types": ["t"]}