{"initial_reset_timestamp": 1555796209.7664955, "timestamps": [1555797282.860834], "episode_lengths": [1000], "episode_rewards": [4829.199687179155], "episode_types": ["t"]}