{"initial_reset_timestamp": 1555799293.560815, "timestamps": [1555800329.0767486], "episode_lengths": [1000], "episode_rewards": [4911.324648474758], "episode_types": ["t"]}