{"initial_reset_timestamp": 1552503642.4761374, "timestamps": [1552503802.3085477], "episode_lengths": [1000], "episode_rewards": [4519.278289168735], "episode_types": ["t"]}