{"initial_reset_timestamp": 1552755372.3479614, "timestamps": [1552756030.038132, 1552756684.6671605, 1552757167.2040877, 1552757646.6713722, 1552758137.0176492, 1552758630.6996975, 1552759126.8181384, 1552759625.8256433, 1552760291.6683528, 1552760764.160728, 1552761216.0391903, 1552761665.5029776, 1552762114.7244232, 1552762608.8420668, 1552763121.0426335, 1552763578.9843132, 1552764029.5760565, 1552764477.6686578, 1552764928.118968, 1552765376.8374252], "episode_lengths": [1000, 1000, 1000, 1000, 1000, 1000, 1000, 1000, 1000, 1000, 1000, 1000, 1000, 1000, 1000, 1000, 1000, 1000, 1000, 1000], "episode_rewards": [4282.902566954706, 4143.821467417328, 4203.015716212272, 4465.102108708085, 4571.804382402307, 4577.308806013304, 4641.32573555999, 4607.003158125902, 4554.691237704627, 4698.7311388486705, 4313.284005222892, 4420.285775359683, 4328.516958808843, 4348.524255929656, 4336.187406066513, 4368.058779952162, 4409.755296440884, 4412.692929607867, 4265.340044998955, 4303.735480347437], "episode_types": ["t", "t", "t", "t", "t", "t", "t", "t", "t", "t", "t", "t", "t", "t", "t", "t", "t", "t", "t", "t", "t"]}