{"initial_reset_timestamp": 1552509874.1009073, "timestamps": [1552510071.5983243], "episode_lengths": [1000], "episode_rewards": [4421.844482896473], "episode_types": ["t"]}