{"initial_reset_timestamp": 1552431047.762891, "timestamps": [1552431214.8679516], "episode_lengths": [1000], "episode_rewards": [4590.638170165412], "episode_types": ["t"]}