{"initial_reset_timestamp": 1552537645.5051184, "timestamps": [1552537812.3936663], "episode_lengths": [1000], "episode_rewards": [4387.36396786775], "episode_types": ["t"]}