{"initial_reset_timestamp": 1554389767.328123, "timestamps": [1554390691.0282695], "episode_lengths": [1000], "episode_rewards": [-0.6605834819867188], "episode_types": ["t"]}