{"initial_reset_timestamp": 1552451393.6690223, "timestamps": [1552452014.241861], "episode_lengths": [1000], "episode_rewards": [4648.0427150754995], "episode_types": ["t"]}