{"initial_reset_timestamp": 1552507542.5943274, "timestamps": [1552508152.9415376], "episode_lengths": [1000], "episode_rewards": [4723.324942111406], "episode_types": ["t"]}