{"initial_reset_timestamp": 1552378585.6247094, "timestamps": [1552379192.4251173], "episode_lengths": [1000], "episode_rewards": [4651.42519483828], "episode_types": ["t"]}