{"initial_reset_timestamp": 1552465792.2295787, "timestamps": [1552466594.090909], "episode_lengths": [1000], "episode_rewards": [4538.180598247031], "episode_types": ["t"]}