{"initial_reset_timestamp": 1555633031.5393841, "timestamps": [1555633090.2914598], "episode_lengths": [109], "episode_rewards": [-326.49251166133644], "episode_types": ["t"]}