{"initial_reset_timestamp": 1552413277.8693097, "timestamps": [1552413446.5326803], "episode_lengths": [1000], "episode_rewards": [4374.079019707941], "episode_types": ["t"]}