{"initial_reset_timestamp": 1552530559.0691965, "timestamps": [1552531273.340232], "episode_lengths": [1000], "episode_rewards": [4840.332179951802], "episode_types": ["t"]}