{"initial_reset_timestamp": 1555899233.8164706, "timestamps": [1555899404.7832127], "episode_lengths": [1000], "episode_rewards": [4414.994470989776], "episode_types": ["t"]}