{"initial_reset_timestamp": 1552423984.254478, "timestamps": [1552424627.1165092], "episode_lengths": [1000], "episode_rewards": [4811.471251115674], "episode_types": ["t"]}