{"initial_reset_timestamp": 1552369112.8345392, "timestamps": [1552369268.6221476], "episode_lengths": [1000], "episode_rewards": [4771.162698509472], "episode_types": ["t"]}