{"initial_reset_timestamp": 1552476691.3889813, "timestamps": [1552477301.0692604], "episode_lengths": [1000], "episode_rewards": [4787.860272003487], "episode_types": ["t"]}