{"initial_reset_timestamp": 1552429408.1726582, "timestamps": [1552430139.915852, 1552430838.814972, 1552431349.4659135, 1552431874.994126, 1552432451.9463274, 1552433024.2208116, 1552433540.2452137, 1552434043.7200122, 1552434752.1507397, 1552435323.4031718, 1552435886.4843054, 1552436393.685228, 1552436904.5431857, 1552437410.5284245, 1552437925.7626731, 1552438500.8671591, 1552439074.5867255, 1552439587.4644816, 1552440092.956282, 1552440605.470357], "episode_lengths": [1000, 1000, 1000, 1000, 1000, 1000, 1000, 1000, 1000, 1000, 1000, 1000, 1000, 1000, 1000, 1000, 1000, 1000, 1000, 1000], "episode_rewards": [4416.576762069885, 4543.204124256134, 4533.230055887428, 4559.122650463279, 4557.239789917996, 4556.285666786269, 4555.776520388408, 4554.723004206189, 4554.27565385315, 4553.052654451796, 4553.490749192612, 4553.186881789096, 4553.254941076981, 4553.144225302935, 4552.948332457659, 4553.184260571119, 4553.174331735809, 4553.308884489088, 4553.031218386047, 4553.2491369351155], "episode_types": ["t", "t", "t", "t", "t", "t", "t", "t", "t", "t", "t", "t", "t", "t", "t", "t", "t", "t", "t", "t", "t"]}