{"initial_reset_timestamp": 1552555564.9059443, "timestamps": [1552555729.8422012], "episode_lengths": [1000], "episode_rewards": [4318.6469736609515], "episode_types": ["t"]}