{"initial_reset_timestamp": 1552408155.1640487, "timestamps": [1552408777.2173078], "episode_lengths": [1000], "episode_rewards": [4810.775054924261], "episode_types": ["t"]}