{"initial_reset_timestamp": 1554463139.3436925, "timestamps": [1554463657.4803534], "episode_lengths": [1000], "episode_rewards": [-1268.6704381167497], "episode_types": ["t"]}