{"initial_reset_timestamp": 1552547865.6938252, "timestamps": [1552548619.117551], "episode_lengths": [1000], "episode_rewards": [4599.001384897479], "episode_types": ["t"]}