{"initial_reset_timestamp": 1552438495.4306104, "timestamps": [1552439228.6534622], "episode_lengths": [1000], "episode_rewards": [4773.769565534584], "episode_types": ["t"]}