{"initial_reset_timestamp": 1552590301.8752587, "timestamps": [1552590437.1650891], "episode_lengths": [1000], "episode_rewards": [4618.062826637113], "episode_types": ["t"]}