{"initial_reset_timestamp": 1552619169.8885458, "timestamps": [1552619723.6883698], "episode_lengths": [1000], "episode_rewards": [4646.718355703125], "episode_types": ["t"]}