{"initial_reset_timestamp": 1552360601.1388035, "timestamps": [1552361209.8896234], "episode_lengths": [1000], "episode_rewards": [4709.917091986062], "episode_types": ["t"]}