{"initial_reset_timestamp": 1555821348.2810018, "timestamps": [1555822121.4055488], "episode_lengths": [1000], "episode_rewards": [4562.139653491529], "episode_types": ["t"]}