{"initial_reset_timestamp": 1552394696.7122073, "timestamps": [1552395301.9001153], "episode_lengths": [1000], "episode_rewards": [4747.207070952122], "episode_types": ["t"]}