{"initial_reset_timestamp": 1552512571.1241324, "timestamps": [1552513182.1175883], "episode_lengths": [1000], "episode_rewards": [4770.164805976686], "episode_types": ["t"]}