{"initial_reset_timestamp": 1552452682.6509762, "timestamps": [1552453322.1625912], "episode_lengths": [1000], "episode_rewards": [4613.34742926033], "episode_types": ["t"]}