{"initial_reset_timestamp": 1555846361.275765, "timestamps": [1555846557.2380424], "episode_lengths": [1000], "episode_rewards": [4422.523861115597], "episode_types": ["t"]}