{"initial_reset_timestamp": 1552538239.642865, "timestamps": [1552538405.2045364], "episode_lengths": [1000], "episode_rewards": [4369.461180415115], "episode_types": ["t"]}