{"initial_reset_timestamp": 1555632424.6578884, "timestamps": [1555633030.9848337], "episode_lengths": [1000], "episode_rewards": [-263.4210655246912], "episode_types": ["t"]}