{"initial_reset_timestamp": 1552521408.6527977, "timestamps": [1552522118.8617723, 1552522848.8916736, 1552523502.419705, 1552524150.1899953, 1552524777.688767, 1552525303.6857069, 1552525915.3206446, 1552526507.8400452, 1552527422.9692469, 1552528113.7721126, 1552528743.7119157, 1552529437.0128999, 1552530055.2741058, 1552530675.7381537, 1552531265.7702963, 1552531874.2017875, 1552532474.168926, 1552533073.6995082, 1552533678.6959834, 1552534197.0386586], "episode_lengths": [1000, 1000, 1000, 1000, 1000, 1000, 1000, 1000, 1000, 1000, 1000, 1000, 1000, 1000, 1000, 1000, 1000, 1000, 1000, 1000], "episode_rewards": [4540.774560018361, 4670.113405856495, 4695.5650007859285, 4696.027765094933, 4696.027742846447, 4696.027742626413, 4696.027742496684, 4696.027743279467, 4696.027743004426, 4696.027870123304, 4696.027744040029, 4696.0277422736535, 4696.027742778109, 4696.02548852547, 4696.027725157202, 4696.027742678296, 4696.027743089118, 4696.0277425372215, 4696.027742153581, 4696.027743284319], "episode_types": ["t", "t", "t", "t", "t", "t", "t", "t", "t", "t", "t", "t", "t", "t", "t", "t", "t", "t", "t", "t", "t"]}