{"initial_reset_timestamp": 1552501666.8622444, "timestamps": [1552502343.6190152], "episode_lengths": [1000], "episode_rewards": [4616.312348092613], "episode_types": ["t"]}