{"initial_reset_timestamp": 1552401770.3991485, "timestamps": [1552402397.2590206], "episode_lengths": [1000], "episode_rewards": [4881.783368085023], "episode_types": ["t"]}