{"initial_reset_timestamp": 1554457318.7956991, "timestamps": [1554457443.2400527], "episode_lengths": [1000], "episode_rewards": [-696.5943782002167], "episode_types": ["t", "t"]}