{"initial_reset_timestamp": 1555870491.1708226, "timestamps": [1555871187.2929883], "episode_lengths": [1000], "episode_rewards": [4785.852140804506], "episode_types": ["t"]}