{"initial_reset_timestamp": 1552428156.7303283, "timestamps": [1552428797.4163797], "episode_lengths": [1000], "episode_rewards": [4438.194048191804], "episode_types": ["t"]}