{"initial_reset_timestamp": 1552454857.8303888, "timestamps": [1552455039.1819026], "episode_lengths": [1000], "episode_rewards": [4521.022037941241], "episode_types": ["t"]}