{"initial_reset_timestamp": 1552561491.8831735, "timestamps": [1552562107.0600665], "episode_lengths": [1000], "episode_rewards": [4827.335101703083], "episode_types": ["t"]}