{"initial_reset_timestamp": 1552440961.2540803, "timestamps": [1552441592.4608202], "episode_lengths": [1000], "episode_rewards": [4686.279894031425], "episode_types": ["t"]}