{"initial_reset_timestamp": 1554410248.312465, "timestamps": [1554410980.8233438], "episode_lengths": [1000], "episode_rewards": [-262.673427693376], "episode_types": ["t"]}