{"initial_reset_timestamp": 1552589157.6687596, "timestamps": [1552589321.2861602], "episode_lengths": [1000], "episode_rewards": [4613.998866399323], "episode_types": ["t"]}