{"initial_reset_timestamp": 1552439883.8103318, "timestamps": [1552440542.6548133], "episode_lengths": [1000], "episode_rewards": [4619.665614583613], "episode_types": ["t"]}