{"initial_reset_timestamp": 1552413154.589744, "timestamps": [1552413770.531445], "episode_lengths": [1000], "episode_rewards": [4386.726037480264], "episode_types": ["t"]}