{"initial_reset_timestamp": 1552401178.539639, "timestamps": [1552401339.6013947], "episode_lengths": [1000], "episode_rewards": [4524.6330196846575], "episode_types": ["t"]}