{"initial_reset_timestamp": 1555759983.1074736, "timestamps": [1555760784.7379613], "episode_lengths": [1000], "episode_rewards": [4807.242072039842], "episode_types": ["t"]}