{"initial_reset_timestamp": 1552738041.5155888, "timestamps": [1552738211.2066944, 1552738382.1250105, 1552738383.983511, 1552738385.6011615, 1552738387.1809392, 1552738388.5668902, 1552738389.9171727, 1552738391.2955742, 1552738539.8976908, 1552738541.759829, 1552738543.3317423, 1552738544.8784285, 1552738546.4121957, 1552738547.9286995, 1552738549.3346121, 1552738550.6602936, 1552738551.9711194, 1552738553.306287, 1552738554.6416674, 1552738555.972865], "episode_lengths": [1000, 1000, 1000, 1000, 1000, 1000, 1000, 1000, 1000, 1000, 1000, 1000, 1000, 1000, 1000, 1000, 1000, 1000, 1000, 1000], "episode_rewards": [4294.774333066143, 4615.200989611508, 4477.233033373414, 4410.3015830822005, 4484.127814089049, 4470.168749223752, 4478.378622245424, 4413.054833761763, 4515.157009057056, 4504.538379978168, 4397.50334840048, 4457.0478331560635, 4467.68741789245, 4450.148351420662, 4483.805116715923, 4464.972034266727, 4505.044609265197, 4469.527154200625, 4454.822430427536, 4422.520762637447], "episode_types": ["t", "t", "t", "t", "t", "t", "t", "t", "t", "t", "t", "t", "t", "t", "t", "t", "t", "t", "t", "t", "t"]}