{"initial_reset_timestamp": 1552519310.5589337, "timestamps": [1552519935.9273365], "episode_lengths": [1000], "episode_rewards": [4780.219049350895], "episode_types": ["t"]}