{"initial_reset_timestamp": 1552422008.5265253, "timestamps": [1552422628.151156], "episode_lengths": [1000], "episode_rewards": [4681.393820817563], "episode_types": ["t"]}