{"initial_reset_timestamp": 1552470831.473572, "timestamps": [1552471043.9550958, 1552471252.9807904, 1552471254.8542037, 1552471257.152572, 1552471259.1980257, 1552471261.3685904, 1552471262.730433, 1552471264.0612464, 1552471456.5572817, 1552471458.1432033, 1552471459.56327, 1552471460.979203, 1552471462.3652594, 1552471463.7790434, 1552471465.0794508, 1552471466.463233, 1552471467.896203, 1552471469.4328308, 1552471470.837424, 1552471472.2745326], "episode_lengths": [1000, 1000, 1000, 1000, 1000, 1000, 1000, 1000, 1000, 1000, 1000, 1000, 1000, 1000, 1000, 1000, 1000, 1000, 1000, 1000], "episode_rewards": [4427.110816913849, 4326.921568474548, 4607.511496990971, 4772.421482680441, 4480.8850577196645, 4469.06123208455, 4459.9001759876155, 4623.167421960948, 4445.053884567872, 4477.669345303294, 4421.775220928175, 4506.449723407655, 4310.329309337465, 4437.163193585562, 4518.363894821705, 4455.992740594185, 4656.461405149943, 4682.125597722408, 4528.76043058438, 4510.875137284475], "episode_types": ["t", "t", "t", "t", "t", "t", "t", "t", "t", "t", "t", "t", "t", "t", "t", "t", "t", "t", "t", "t", "t"]}