{"initial_reset_timestamp": 1552441881.6484082, "timestamps": [1552442556.3887243], "episode_lengths": [1000], "episode_rewards": [4648.0573717496445], "episode_types": ["t"]}