{"initial_reset_timestamp": 1552537915.680095, "timestamps": [1552538087.2361083], "episode_lengths": [1000], "episode_rewards": [4529.464031957773], "episode_types": ["t"]}