{"initial_reset_timestamp": 1552381590.471044, "timestamps": [1552382213.8199377], "episode_lengths": [1000], "episode_rewards": [4755.36348772856], "episode_types": ["t"]}