{"initial_reset_timestamp": 1552521383.2202873, "timestamps": [1552521536.979203], "episode_lengths": [1000], "episode_rewards": [4342.329895456038], "episode_types": ["t"]}