{"initial_reset_timestamp": 1552551401.6024475, "timestamps": [1552551577.2116585], "episode_lengths": [1000], "episode_rewards": [4373.572553502724], "episode_types": ["t"]}