{"initial_reset_timestamp": 1554425377.3772526, "timestamps": [1554426314.2689068], "episode_lengths": [1000], "episode_rewards": [-287.9220938437936], "episode_types": ["t"]}