{"initial_reset_timestamp": 1555749327.418909, "timestamps": [1555750026.5093102], "episode_lengths": [1000], "episode_rewards": [662.5182081017315], "episode_types": ["t"]}