{"initial_reset_timestamp": 1552556650.4591782, "timestamps": [1552556801.6246848], "episode_lengths": [1000], "episode_rewards": [4496.484688252638], "episode_types": ["t"]}