{"initial_reset_timestamp": 1552618613.7093441, "timestamps": [1552619169.705187], "episode_lengths": [1000], "episode_rewards": [4628.223275938704], "episode_types": ["t"]}