{"initial_reset_timestamp": 1552485256.5635884, "timestamps": [1552485815.8433182], "episode_lengths": [1000], "episode_rewards": [4423.955768510641], "episode_types": ["t"]}