{"initial_reset_timestamp": 1552508432.675606, "timestamps": [1552509081.952762], "episode_lengths": [1000], "episode_rewards": [4641.537246430938], "episode_types": ["t"]}