{"initial_reset_timestamp": 1552454145.7258372, "timestamps": [1552454325.2373781], "episode_lengths": [1000], "episode_rewards": [4358.067974834632], "episode_types": ["t"]}