{"initial_reset_timestamp": 1555733844.9991822, "timestamps": [1555734441.3675013], "episode_lengths": [1000], "episode_rewards": [431.1105795525369], "episode_types": ["t"]}