{"initial_reset_timestamp": 1555777675.1987023, "timestamps": [1555778131.1714644], "episode_lengths": [1000], "episode_rewards": [839.9127293465974], "episode_types": ["t"]}