{"initial_reset_timestamp": 1552503479.752887, "timestamps": [1552503642.26883], "episode_lengths": [1000], "episode_rewards": [4432.837081204856], "episode_types": ["t"]}