{"initial_reset_timestamp": 1555743992.3744915, "timestamps": [1555744205.3015294], "episode_lengths": [1000], "episode_rewards": [4535.031290683139], "episode_types": ["t"]}