{"initial_reset_timestamp": 1552373214.1534853, "timestamps": [1552373825.4845212], "episode_lengths": [1000], "episode_rewards": [4663.614923605327], "episode_types": ["t"]}