{"initial_reset_timestamp": 1555702975.8281484, "timestamps": [1555703219.2339303], "episode_lengths": [1000], "episode_rewards": [4927.008484094608], "episode_types": ["t"]}