{"initial_reset_timestamp": 1555695427.5819728, "timestamps": [1555695565.4120405], "episode_lengths": [1000], "episode_rewards": [-711.2183551601919], "episode_types": ["t"]}