{"initial_reset_timestamp": 1552541750.0668695, "timestamps": [1552542577.559787, 1552543381.7239993, 1552544001.5020397, 1552544583.1918244, 1552545127.7872217, 1552545673.8876898, 1552546223.3796132, 1552546771.4045897, 1552547534.1299324, 1552548147.903916, 1552548714.0918987, 1552549262.8980966, 1552549804.1273062, 1552550342.8791058, 1552550883.8511624, 1552551424.6828926, 1552551967.2019377, 1552552513.5024364, 1552553059.5719259, 1552553608.7443454], "episode_lengths": [1000, 1000, 1000, 1000, 1000, 1000, 1000, 1000, 1000, 1000, 1000, 1000, 1000, 1000, 1000, 1000, 1000, 1000, 1000, 1000], "episode_rewards": [4728.403794494208, 4759.301960086407, 4712.500565664772, 4801.101288537736, 4799.504644663521, 4818.607923306526, 4745.018788015644, 4740.477596818015, 4869.585472706239, 4736.427446092932, 4779.503998155035, 4880.052267934667, 4735.337227739606, 4799.832369807375, 4832.710542214421, 4832.268401438882, 4770.445852509151, 4686.229416991518, 4855.754539562303, 4725.727290402372], "episode_types": ["t", "t", "t", "t", "t", "t", "t", "t", "t", "t", "t", "t", "t", "t", "t", "t", "t", "t", "t", "t", "t"]}