{"initial_reset_timestamp": 1555835828.4438496, "timestamps": [1555836652.9206102], "episode_lengths": [1000], "episode_rewards": [4859.742469704299], "episode_types": ["t"]}