{"initial_reset_timestamp": 1552408302.0345058, "timestamps": [1552408449.6069312], "episode_lengths": [1000], "episode_rewards": [4633.797627667932], "episode_types": ["t"]}