{"initial_reset_timestamp": 1552462210.519228, "timestamps": [1552462858.2585359], "episode_lengths": [1000], "episode_rewards": [4855.113030693017], "episode_types": ["t"]}