{"initial_reset_timestamp": 1552373826.558699, "timestamps": [1552373986.0017784], "episode_lengths": [1000], "episode_rewards": [4560.321593945913], "episode_types": ["t"]}