{"initial_reset_timestamp": 1552363487.465447, "timestamps": [1552363647.93519], "episode_lengths": [1000], "episode_rewards": [4742.630345072645], "episode_types": ["t"]}