{"initial_reset_timestamp": 1554462607.035876, "timestamps": [1554463138.7593238], "episode_lengths": [1000], "episode_rewards": [-334.6281009940654], "episode_types": ["t"]}