{"initial_reset_timestamp": 1552430078.6582432, "timestamps": [1552430715.8983967], "episode_lengths": [1000], "episode_rewards": [4512.401601484836], "episode_types": ["t"]}