{"initial_reset_timestamp": 1552488571.8774498, "timestamps": [1552489289.1407871], "episode_lengths": [1000], "episode_rewards": [4700.986421631323], "episode_types": ["t"]}