{"initial_reset_timestamp": 1552794353.1721168, "timestamps": [1552794529.3451185, 1552794707.8589575, 1552794709.516253, 1552794710.883943, 1552794712.3172185, 1552794713.7030497, 1552794715.1179018, 1552794716.4592412, 1552794890.2301745, 1552794891.799317, 1552794893.1560194, 1552794894.4816065, 1552794895.8284895, 1552794897.168496, 1552794898.524159, 1552794899.8516417, 1552794901.2107034, 1552794902.5315764, 1552794903.9161732, 1552794905.2806017], "episode_lengths": [1000, 1000, 1000, 1000, 1000, 1000, 1000, 1000, 1000, 1000, 1000, 1000, 1000, 1000, 1000, 1000, 1000, 1000, 1000, 1000], "episode_rewards": [4340.295351376909, 4606.802152871665, 4545.2487780175015, 4459.632065201629, 4415.783163353381, 4514.6784474710375, 4477.400425083442, 4426.22809672726, 4398.7014657665995, 4456.121240363589, 4414.530089243263, 4418.980572824561, 4482.196632824461, 4409.586307444729, 4496.156818998565, 4519.550148867502, 4590.41382465059, 4523.20134968964, 4431.198813401868, 4505.952599318747], "episode_types": ["t", "t", "t", "t", "t", "t", "t", "t", "t", "t", "t", "t", "t", "t", "t", "t", "t", "t", "t", "t", "t"]}