{"initial_reset_timestamp": 1555876121.0034094, "timestamps": [1555876318.337927], "episode_lengths": [1000], "episode_rewards": [4486.786112515153], "episode_types": ["t"]}