{"initial_reset_timestamp": 1555873304.5038, "timestamps": [1555873960.8306282], "episode_lengths": [1000], "episode_rewards": [4560.423849912747], "episode_types": ["t"]}