{"initial_reset_timestamp": 1555778759.7162573, "timestamps": [1555779608.8001533], "episode_lengths": [1000], "episode_rewards": [4378.434238548457], "episode_types": ["t"]}