{"initial_reset_timestamp": 1552525949.983392, "timestamps": [1552526661.6810882], "episode_lengths": [1000], "episode_rewards": [4796.9434857355145], "episode_types": ["t"]}