{"initial_reset_timestamp": 1552503386.9857795, "timestamps": [1552504053.8564148], "episode_lengths": [1000], "episode_rewards": [4884.644352370821], "episode_types": ["t"]}