{"initial_reset_timestamp": 1552512498.6464424, "timestamps": [1552512669.8976164], "episode_lengths": [1000], "episode_rewards": [4497.518501265987], "episode_types": ["t"]}