{"initial_reset_timestamp": 1552496258.4571464, "timestamps": [1552496396.8181949], "episode_lengths": [1000], "episode_rewards": [4472.665442953242], "episode_types": ["t"]}