{"initial_reset_timestamp": 1555775842.7714133, "timestamps": [1555775970.8753214], "episode_lengths": [1000], "episode_rewards": [416.1669317309882], "episode_types": ["t"]}