{"initial_reset_timestamp": 1552466529.1511924, "timestamps": [1552467181.9884064], "episode_lengths": [1000], "episode_rewards": [4647.844192684184], "episode_types": ["t"]}