{"initial_reset_timestamp": 1555717108.3429387, "timestamps": [1555718045.3063786], "episode_lengths": [1000], "episode_rewards": [4738.167577211375], "episode_types": ["t"]}