{"initial_reset_timestamp": 1552554358.1049798, "timestamps": [1552555091.612603, 1552555824.7177618, 1552556374.2573981, 1552556974.4142928, 1552557575.2070317, 1552558095.329532, 1552558616.216074, 1552559169.970421, 1552559890.0216358, 1552560387.5546665], "episode_lengths": [1000, 1000, 1000, 1000, 1000, 1000, 1000, 1000, 1000, 1000], "episode_rewards": [4433.411560067476, 4570.528981644128, 4673.49792426642, 4506.425285863248, 4457.445946908795, 4659.444652069501, 4520.448343405175, 4529.186933226707, 4529.06208007637, 4528.955906846894], "episode_types": ["t", "t", "t", "t", "t", "t", "t", "t", "t", "t", "t"]}