{"initial_reset_timestamp": 1555694768.3776467, "timestamps": [1555695577.7706137], "episode_lengths": [1000], "episode_rewards": [4787.306467959946], "episode_types": ["t"]}