{"initial_reset_timestamp": 1552474846.5246596, "timestamps": [1552475470.3224792], "episode_lengths": [1000], "episode_rewards": [4879.602456208956], "episode_types": ["t"]}