{"initial_reset_timestamp": 1552549180.789606, "timestamps": [1552549799.466415], "episode_lengths": [1000], "episode_rewards": [4323.759922190997], "episode_types": ["t"]}