{"initial_reset_timestamp": 1552532596.7570748, "timestamps": [1552533402.5188422], "episode_lengths": [1000], "episode_rewards": [4800.699273599402], "episode_types": ["t"]}