{"initial_reset_timestamp": 1555743771.372276, "timestamps": [1555743992.0630991], "episode_lengths": [1000], "episode_rewards": [4459.371463017456], "episode_types": ["t"]}