{"initial_reset_timestamp": 1555757457.671549, "timestamps": [1555758087.8699718], "episode_lengths": [1000], "episode_rewards": [1029.1885120007112], "episode_types": ["t"]}