{"initial_reset_timestamp": 1552366794.910269, "timestamps": [1552367585.5592797], "episode_lengths": [1000], "episode_rewards": [4968.4714707149415], "episode_types": ["t"]}