{"initial_reset_timestamp": 1552518684.543948, "timestamps": [1552519310.3634536], "episode_lengths": [1000], "episode_rewards": [4824.409430971168], "episode_types": ["t"]}