{"initial_reset_timestamp": 1555805183.9355266, "timestamps": [1555805434.445798], "episode_lengths": [1000], "episode_rewards": [4523.593138905493], "episode_types": ["t"]}