{"initial_reset_timestamp": 1552509083.8043907, "timestamps": [1552509266.5972962], "episode_lengths": [1000], "episode_rewards": [4498.1398019594235], "episode_types": ["t"]}