{"initial_reset_timestamp": 1552568378.8933437, "timestamps": [1552568993.5586135], "episode_lengths": [1000], "episode_rewards": [4493.305932739817], "episode_types": ["t"]}