{"initial_reset_timestamp": 1552466104.567645, "timestamps": [1552466293.7837596], "episode_lengths": [1000], "episode_rewards": [4710.797282986137], "episode_types": ["t"]}