{"initial_reset_timestamp": 1552874108.7568257, "timestamps": [1552874289.9494324, 1552874473.1085517, 1552874474.6563852, 1552874476.134647, 1552874477.628569, 1552874479.080755, 1552874480.380401, 1552874481.6393895, 1552874661.7152247, 1552874663.7032094, 1552874665.4918978, 1552874667.0275865, 1552874668.4997048, 1552874669.9236617, 1552874671.379142, 1552874672.7872455, 1552874674.1806128, 1552874675.669694, 1552874677.2496316, 1552874678.6288853, 1552874680.027143, 1552874681.4176223, 1552874682.7829201, 1552874684.100021, 1552874685.4206722, 1552874686.671512, 1552874687.964761, 1552874842.9757032, 1552874844.5602646, 1552874845.9385345, 1552874847.3179767, 1552874848.6928399, 1552874850.043834, 1552874851.4211123, 1552874852.7792642, 1552874854.1052663, 1552874855.4252694, 1552874856.7146633, 1552874857.9875326, 1552874859.2424266, 1552874860.46974, 1552874861.69887, 1552874862.9007726, 1552874864.0964625, 1552874865.2650573, 1552874866.4893827, 1552874867.7285204, 1552874868.966496, 1552874870.2136347, 1552874871.4245825], "episode_lengths": [1000, 1000, 1000, 1000, 1000, 1000, 1000, 1000, 1000, 1000, 1000, 1000, 1000, 1000, 1000, 1000, 1000, 1000, 1000, 1000, 1000, 1000, 1000, 1000, 1000, 1000, 1000, 1000, 1000, 1000, 1000, 1000, 1000, 1000, 1000, 1000, 1000, 1000, 1000, 1000, 1000, 1000, 1000, 1000, 1000, 1000, 1000, 1000, 1000, 1000], "episode_rewards": [4401.3528722708215, 4669.038429569114, 4573.222946711199, 4598.096148614072, 4447.816729482216, 4332.9707110448635, 4615.062310508751, 4523.380857365882, 4532.423979028763, 4737.385034752276, 4705.907424199765, 4582.096081830698, 4334.106284230496, 4505.086055651067, 4556.595554512481, 4274.513538776944, 4507.709602472996, 4708.848413210095, 4819.516235904562, 4726.7041789247505, 4499.271890099114, 4418.145093853412, 4533.559728834828, 4452.406868867436, 4486.303400253461, 4391.071329414116, 4494.8483159789575, 4394.5499396757605, 4466.433156302094, 4438.6669536112195, 4289.206948648596, 4528.723518159924, 4427.287408759843, 4445.827133161395, 4429.899972968597, 4414.540948576673, 4365.406630918108, 4456.807405163903, 4461.824098092815, 4443.733483732838, 4441.263709815999, 4456.87163783003, 4374.064944785049, 4537.654274242875, 4491.48970121512, 4571.363983221223, 4494.460006118092, 4481.862217870419, 4444.941938369024, 4518.664374352624], "episode_types": ["t", "t", "t", "t", "t", "t", "t", "t", "t", "t", "t", "t", "t", "t", "t", "t", "t", "t", "t", "t", "t", "t", "t", "t", "t", "t", "t", "t", "t", "t", "t", "t", "t", "t", "t", "t", "t", "t", "t", "t", "t", "t", "t", "t", "t", "t", "t", "t", "t", "t", "t"]}