{"initial_reset_timestamp": 1555714167.512458, "timestamps": [1555715234.8919199], "episode_lengths": [1000], "episode_rewards": [4790.892204940757], "episode_types": ["t"]}