{"initial_reset_timestamp": 1552373916.326108, "timestamps": [1552374523.5711215], "episode_lengths": [1000], "episode_rewards": [4423.075964693866], "episode_types": ["t"]}