{"initial_reset_timestamp": 1555754970.1052346, "timestamps": [1555755502.5094702], "episode_lengths": [1000], "episode_rewards": [874.3339122365132], "episode_types": ["t"]}