{"initial_reset_timestamp": 1552373862.5303915, "timestamps": [1552374475.1315532], "episode_lengths": [1000], "episode_rewards": [4784.857379458847], "episode_types": ["t"]}