{"initial_reset_timestamp": 1555635555.1072378, "timestamps": [1555636126.5819533], "episode_lengths": [1000], "episode_rewards": [-242.62779825798438], "episode_types": ["t"]}