{"initial_reset_timestamp": 1552597323.4552553, "timestamps": [1552597939.9698102], "episode_lengths": [1000], "episode_rewards": [4698.2403495170865], "episode_types": ["t"]}