{"initial_reset_timestamp": 1552538915.5964181, "timestamps": [1552539084.1972084], "episode_lengths": [1000], "episode_rewards": [4418.059068261383], "episode_types": ["t"]}