{"initial_reset_timestamp": 1552379185.6846554, "timestamps": [1552379356.004902, 1552379524.7219334, 1552379526.371456, 1552379527.709526, 1552379529.0878448, 1552379530.5744963, 1552379532.058434, 1552379533.458073, 1552379677.2223816, 1552379679.3919356, 1552379681.4120617, 1552379682.8802452, 1552379684.7565036, 1552379686.6543794, 1552379688.598758, 1552379690.333763, 1552379691.8636053, 1552379693.7150652, 1552379695.5407937, 1552379697.4532063], "episode_lengths": [1000, 1000, 1000, 1000, 1000, 1000, 1000, 1000, 1000, 1000, 1000, 1000, 1000, 1000, 1000, 1000, 1000, 1000, 1000, 1000], "episode_rewards": [4352.271603587604, 4380.036155505194, 4478.968643362003, 4443.599459505835, 4470.512417607654, 4471.02317618454, 4424.25469114638, 4510.609235845886, 4467.554268107115, 4496.84501202051, 4495.221132402681, 4578.3029212388, 4510.7890976085155, 4468.320818095568, 4533.661862111149, 4516.871137354584, 4497.226566844848, 4721.034489833141, 4383.720235640652, 4492.5875220505895], "episode_types": ["t", "t", "t", "t", "t", "t", "t", "t", "t", "t", "t", "t", "t", "t", "t", "t", "t", "t", "t", "t", "t"]}