{"initial_reset_timestamp": 1552359120.2729566, "timestamps": [1552359740.941179], "episode_lengths": [1000], "episode_rewards": [4715.745088972969], "episode_types": ["t"]}