{"initial_reset_timestamp": 1552537478.960578, "timestamps": [1552537645.2373662], "episode_lengths": [1000], "episode_rewards": [4420.500228099522], "episode_types": ["t"]}