{"initial_reset_timestamp": 1552515764.6575344, "timestamps": [1552516453.2482786], "episode_lengths": [1000], "episode_rewards": [4679.264029684757], "episode_types": ["t"]}