{"initial_reset_timestamp": 1552475470.5261838, "timestamps": [1552476080.1764176], "episode_lengths": [1000], "episode_rewards": [4722.545477851715], "episode_types": ["t"]}