{"initial_reset_timestamp": 1552427038.1811152, "timestamps": [1552427195.1238368], "episode_lengths": [1000], "episode_rewards": [4481.889766171204], "episode_types": ["t"]}