{"initial_reset_timestamp": 1555661285.01713, "timestamps": [1555661883.2083368], "episode_lengths": [1000], "episode_rewards": [-346.24788824331984], "episode_types": ["t"]}