{"initial_reset_timestamp": 1555800331.6061754, "timestamps": [1555801339.0585828], "episode_lengths": [1000], "episode_rewards": [4399.716162856928], "episode_types": ["t"]}