{"initial_reset_timestamp": 1555755666.3130891, "timestamps": [1555755772.2330027], "episode_lengths": [1000], "episode_rewards": [20.579578092661766], "episode_types": ["t"]}