{"initial_reset_timestamp": 1554395905.639904, "timestamps": [1554396810.249051], "episode_lengths": [1000], "episode_rewards": [-349.1712783409569], "episode_types": ["t"]}