{"initial_reset_timestamp": 1552588821.8284094, "timestamps": [1552589494.2208655, 1552590171.5625434, 1552590674.4055383, 1552591180.1546257, 1552591677.4404206, 1552592252.8710089, 1552592833.797227, 1552593366.742907, 1552594043.6499696, 1552594547.123259, 1552595045.0891116, 1552595548.038895, 1552596058.2210674, 1552596567.0308185, 1552597073.3312495, 1552597580.3746202, 1552598088.987394, 1552598601.3505824, 1552599100.2273152, 1552599599.296975, 1552600093.1161215, 1552600572.9401681, 1552601040.9257977, 1552601528.1245992, 1552602078.3402562, 1552602601.320465, 1552603072.5160954, 1552603699.24778, 1552604161.3973448, 1552604637.867266, 1552605124.6287587, 1552605602.815466, 1552606066.6340358, 1552606523.5453453, 1552606980.3389025, 1552607441.3956559, 1552607904.847887, 1552608359.5973504, 1552608894.7727275, 1552609423.5891542, 1552609905.078785, 1552610362.7048516, 1552610817.4743688, 1552611269.9742272, 1552611721.4288228, 1552612174.353981, 1552612628.858228, 1552613085.296569, 1552613541.6479223, 1552613998.5877814], "episode_lengths": [1000, 1000, 1000, 1000, 1000, 1000, 1000, 1000, 1000, 1000, 1000, 1000, 1000, 1000, 1000, 1000, 1000, 1000, 1000, 1000, 1000, 1000, 1000, 1000, 1000, 1000, 1000, 1000, 1000, 1000, 1000, 1000, 1000, 1000, 1000, 1000, 1000, 1000, 1000, 1000, 1000, 1000, 1000, 1000, 1000, 1000, 1000, 1000, 1000, 1000], "episode_rewards": [4817.35352572272, 4743.21814029854, 4752.216825386925, 4744.643587135534, 4731.377577108602, 4783.229727658901, 4774.560685312599, 4745.65631442959, 4743.673675939754, 4777.371795819002, 4763.539855794798, 4811.1498004021405, 4830.1055260471785, 4766.002672649159, 4767.596602325418, 4797.76454361222, 4793.6141035885275, 4769.517479801081, 4798.4836516286305, 4787.161576328051, 4772.0480609459455, 4769.601959739628, 4800.699510244836, 4795.607601872547, 4786.375147567441, 4746.772235147339, 4827.2491844605975, 4792.864861929046, 4774.823333030378, 4778.588799747009, 4777.994164209276, 4786.924011304596, 4800.587331580502, 4782.204354749413, 4739.902594322025, 4724.703586737605, 4810.223866056284, 4721.201928361698, 4757.304765767864, 4788.108062203318, 4793.6094938591, 4764.489118142878, 4761.872783056509, 4774.611324060063, 4809.24835593801, 4781.319475042584, 4758.7927396759615, 4800.999606599607, 4763.0405560868285, 4805.772172685423], "episode_types": ["t", "t", "t", "t", "t", "t", "t", "t", "t", "t", "t", "t", "t", "t", "t", "t", "t", "t", "t", "t", "t", "t", "t", "t", "t", "t", "t", "t", "t", "t", "t", "t", "t", "t", "t", "t", "t", "t", "t", "t", "t", "t", "t", "t", "t", "t", "t", "t", "t", "t", "t"]}