{"initial_reset_timestamp": 1552452491.3839107, "timestamps": [1552452651.897696], "episode_lengths": [1000], "episode_rewards": [4598.921721098122], "episode_types": ["t"]}