{"initial_reset_timestamp": 1555679180.8183978, "timestamps": [1555679666.9733455], "episode_lengths": [1000], "episode_rewards": [924.0316096982128], "episode_types": ["t"]}