{"initial_reset_timestamp": 1555874605.8647587, "timestamps": [1555875325.6757784], "episode_lengths": [1000], "episode_rewards": [4499.835290608426], "episode_types": ["t"]}