{"initial_reset_timestamp": 1552606488.2907212, "timestamps": [1552606622.6216724], "episode_lengths": [1000], "episode_rewards": [4597.66242458858], "episode_types": ["t"]}