{"initial_reset_timestamp": 1552418325.2802148, "timestamps": [1552418469.6881704], "episode_lengths": [1000], "episode_rewards": [4545.360949593862], "episode_types": ["t"]}