{"initial_reset_timestamp": 1552552280.488134, "timestamps": [1552552906.8349857], "episode_lengths": [1000], "episode_rewards": [4616.903945206992], "episode_types": ["t"]}