{"initial_reset_timestamp": 1552589321.5041413, "timestamps": [1552589483.0409007], "episode_lengths": [1000], "episode_rewards": [4651.805610517568], "episode_types": ["t"]}