{"initial_reset_timestamp": 1554446332.5858424, "timestamps": [1554447058.7208688], "episode_lengths": [1000], "episode_rewards": [-219.0731646642561], "episode_types": ["t"]}