{"initial_reset_timestamp": 1555696488.5601678, "timestamps": [1555697503.663613], "episode_lengths": [1000], "episode_rewards": [4807.69602438811], "episode_types": ["t"]}