{"initial_reset_timestamp": 1552519684.826608, "timestamps": [1552519877.903472, 1552520068.7802665, 1552520070.5459578, 1552520072.110313, 1552520073.6244395, 1552520075.1284053, 1552520076.6288462, 1552520078.2803028, 1552520257.0062265, 1552520258.707359], "episode_lengths": [1000, 1000, 1000, 1000, 1000, 1000, 1000, 1000, 1000, 1000], "episode_rewards": [4351.70826864476, 4559.677303975756, 4601.668337794146, 4602.1695295401005, 4375.363953382916, 4292.318940715234, 4342.796035525638, 4368.801098494246, 4313.0621422520735, 4403.051658596331], "episode_types": ["t", "t", "t", "t", "t", "t", "t", "t", "t", "t", "t"]}