{"initial_reset_timestamp": 1555679829.6571748, "timestamps": [1555679845.9043121], "episode_lengths": [94], "episode_rewards": [-349.0411865792274], "episode_types": ["t", "t"]}