{"initial_reset_timestamp": 1555753544.7352762, "timestamps": [1555753743.7621424], "episode_lengths": [1000], "episode_rewards": [4434.291731192749], "episode_types": ["t"]}