{"initial_reset_timestamp": 1552485441.1304898, "timestamps": [1552486086.4925456], "episode_lengths": [1000], "episode_rewards": [4746.504065976976], "episode_types": ["t"]}