{"initial_reset_timestamp": 1552391278.4259932, "timestamps": [1552391886.1778696], "episode_lengths": [1000], "episode_rewards": [4910.300597908896], "episode_types": ["t"]}