{"initial_reset_timestamp": 1552511757.5901978, "timestamps": [1552512331.6185207], "episode_lengths": [1000], "episode_rewards": [4668.337754694399], "episode_types": ["t"]}