{"initial_reset_timestamp": 1555805962.7519631, "timestamps": [1555806264.089228], "episode_lengths": [1000], "episode_rewards": [4435.422971735595], "episode_types": ["t"]}