{"initial_reset_timestamp": 1552400431.7483675, "timestamps": [1552400614.3456664], "episode_lengths": [1000], "episode_rewards": [4619.412074088996], "episode_types": ["t"]}