{"initial_reset_timestamp": 1555710691.637592, "timestamps": [1555710830.0923548], "episode_lengths": [1000], "episode_rewards": [-104.6736797999783], "episode_types": ["t"]}