{"initial_reset_timestamp": 1552519793.0796046, "timestamps": [1552519950.903817, 1552520108.5946634, 1552520110.1372104, 1552520111.3990796, 1552520112.7661457, 1552520114.157839, 1552520115.439226, 1552520116.7738097, 1552520273.4449065, 1552520275.0269573, 1552520276.3466582, 1552520277.6815863, 1552520279.0268238, 1552520280.3716788, 1552520281.730732, 1552520283.0819635, 1552520284.4752533, 1552520285.8160276, 1552520287.158335, 1552520288.5187125, 1552520289.8835561, 1552520291.1826813, 1552520292.5221827, 1552520293.91398, 1552520295.2781332, 1552520296.670695, 1552520298.0511627, 1552520442.0492678, 1552520443.6224625, 1552520445.0206044, 1552520446.3560991, 1552520447.734474, 1552520449.0849333, 1552520450.5157793, 1552520451.8015823, 1552520453.1986291, 1552520454.6051803, 1552520455.9703956, 1552520457.3272774, 1552520458.6952274, 1552520460.1129367, 1552520461.5160441, 1552520462.900958, 1552520464.2847152, 1552520465.6450396, 1552520467.0056498, 1552520468.3577917, 1552520469.753953, 1552520471.1669793, 1552520472.5711963], "episode_lengths": [1000, 1000, 1000, 1000, 1000, 1000, 1000, 1000, 1000, 1000, 1000, 1000, 1000, 1000, 1000, 1000, 1000, 1000, 1000, 1000, 1000, 1000, 1000, 1000, 1000, 1000, 1000, 1000, 1000, 1000, 1000, 1000, 1000, 1000, 1000, 1000, 1000, 1000, 1000, 1000, 1000, 1000, 1000, 1000, 1000, 1000, 1000, 1000, 1000, 1000], "episode_rewards": [4717.423717264482, 4563.12309753437, 4528.977763842378, 4579.8681035985355, 4538.803814929277, 4517.911106397951, 4499.241001619913, 4546.602943327599, 4535.133881728002, 4509.999721960248, 4596.428639011984, 4512.159901751008, 4596.883499926733, 4540.289359610358, 4522.257704675744, 4684.858621692364, 4509.244578845114, 4476.856669564443, 4526.440629514937, 4415.722974973372, 4534.353110123549, 4515.750465434586, 4542.858789400491, 4442.914538134724, 4557.78507356364, 4551.626304768128, 4443.324952835489, 4634.820008594742, 4526.9329902994605, 4610.581734295589, 4599.70498579741, 4521.68372997781, 4483.8406994129855, 4470.366089708609, 4560.943116099333, 4595.054277676431, 4572.246337818157, 4533.821669392427, 4633.7773683224605, 4490.4830488249845, 4601.589322344879, 4534.923703505634, 4521.488185298654, 4464.841134675875, 4567.192825077671, 4628.732002653371, 4501.451346948398, 4539.10973944707, 4634.250076780014, 4538.487247960128], "episode_types": ["t", "t", "t", "t", "t", "t", "t", "t", "t", "t", "t", "t", "t", "t", "t", "t", "t", "t", "t", "t", "t", "t", "t", "t", "t", "t", "t", "t", "t", "t", "t", "t", "t", "t", "t", "t", "t", "t", "t", "t", "t", "t", "t", "t", "t", "t", "t", "t", "t", "t", "t"]}