{"initial_reset_timestamp": 1552494005.344234, "timestamps": [1552494687.2694361], "episode_lengths": [1000], "episode_rewards": [4675.701240198906], "episode_types": ["t"]}