{"initial_reset_timestamp": 1555912279.444185, "timestamps": [1555912463.2348752], "episode_lengths": [1000], "episode_rewards": [4466.598710404151], "episode_types": ["t"]}