{"initial_reset_timestamp": 1552548590.0035253, "timestamps": [1552549179.3093405], "episode_lengths": [1000], "episode_rewards": [4718.64890144275], "episode_types": ["t"]}