{"initial_reset_timestamp": 1552400447.9473333, "timestamps": [1552400628.438678], "episode_lengths": [1000], "episode_rewards": [4571.115911395509], "episode_types": ["t"]}