{"initial_reset_timestamp": 1552546421.0059714, "timestamps": [1552547112.5704286], "episode_lengths": [1000], "episode_rewards": [4755.132094856597], "episode_types": ["t"]}