{"initial_reset_timestamp": 1552419144.386166, "timestamps": [1552419294.2256649], "episode_lengths": [1000], "episode_rewards": [4431.158764172118], "episode_types": ["t"]}