{"initial_reset_timestamp": 1552469368.6728692, "timestamps": [1552469521.3327506], "episode_lengths": [1000], "episode_rewards": [4599.590505016593], "episode_types": ["t"]}