{"initial_reset_timestamp": 1552613763.8122573, "timestamps": [1552614482.9580057, 1552615205.830402, 1552615739.5833752, 1552616243.2191658, 1552616730.5344274, 1552617219.013403, 1552617706.6190472, 1552618191.4497454, 1552618839.0371504, 1552619329.1709867, 1552619815.307241, 1552620306.4489028, 1552620793.4901757, 1552621283.3972514, 1552621771.8464801, 1552622263.2404172, 1552622752.9597192, 1552623245.021903, 1552623735.2988386, 1552624221.494625], "episode_lengths": [1000, 1000, 1000, 1000, 1000, 1000, 1000, 1000, 1000, 1000, 1000, 1000, 1000, 1000, 1000, 1000, 1000, 1000, 1000, 1000], "episode_rewards": [4499.505542323655, 4682.153692691127, 4548.858325018781, 4539.951294237627, 4537.439876380115, 4673.112022982923, 4673.094194137807, 4673.0947337671305, 4673.095140463047, 4673.0618010276075, 4667.250930972371, 4673.121750569211, 4673.107290889014, 4667.434382208772, 4673.105565787735, 4673.054921472714, 4673.108307312192, 4673.094785107652, 4673.06335180878, 4648.12091582776], "episode_types": ["t", "t", "t", "t", "t", "t", "t", "t", "t", "t", "t", "t", "t", "t", "t", "t", "t", "t", "t", "t", "t"]}