{"initial_reset_timestamp": 1555824506.8699694, "timestamps": [1555825237.7180028], "episode_lengths": [1000], "episode_rewards": [4631.401099115016], "episode_types": ["t"]}