{"initial_reset_timestamp": 1555735664.16359, "timestamps": [1555736487.687988], "episode_lengths": [1000], "episode_rewards": [4663.334911919017], "episode_types": ["t"]}