{"initial_reset_timestamp": 1552788647.9976485, "timestamps": [1552789323.3215888, 1552789980.6425796, 1552790453.7281444, 1552790955.7549784, 1552791458.296117, 1552791963.2462773, 1552792464.6971543, 1552792968.768063, 1552793647.4394066, 1552794148.7615309, 1552794652.5913434, 1552795163.727944, 1552795677.6032708, 1552796187.3889828, 1552796700.8947074, 1552797216.195166, 1552797729.979091, 1552798231.4125304, 1552798735.7796986, 1552799238.8625348, 1552799740.534948, 1552800241.2391798, 1552800742.3459291, 1552801244.1976013, 1552801744.0756977, 1552802244.3523803, 1552802746.4410415, 1552803419.0360835, 1552803920.1638267, 1552804422.950471, 1552804923.1023586, 1552805422.5705526, 1552805922.3308916, 1552806423.0762522, 1552806924.8861732, 1552807424.0078814, 1552807924.6055498, 1552808428.2921295, 1552808928.9185615, 1552809427.8284233, 1552809927.1838126, 1552810422.5715904, 1552810920.9876304, 1552811417.9227257, 1552811918.5849845, 1552812419.8743494, 1552812917.298233, 1552813416.7222276, 1552813917.9680686, 1552814418.19871], "episode_lengths": [1000, 1000, 1000, 1000, 1000, 1000, 1000, 1000, 1000, 1000, 1000, 1000, 1000, 1000, 1000, 1000, 1000, 1000, 1000, 1000, 1000, 1000, 1000, 1000, 1000, 1000, 1000, 1000, 1000, 1000, 1000, 1000, 1000, 1000, 1000, 1000, 1000, 1000, 1000, 1000, 1000, 1000, 1000, 1000, 1000, 1000, 1000, 1000, 1000, 1000], "episode_rewards": [4350.054082875284, 4459.84224218, 4386.18606049634, 4362.943654454232, 4385.125427907675, 4460.562739817523, 4447.451246112436, 4439.905062533482, 4436.743845378008, 4433.965601308315, 4433.928114809285, 4433.787776186254, 4433.925180872314, 4432.843403654851, 4434.850689000331, 4435.483365302842, 4436.81005657532, 4439.365113475836, 4442.362878550383, 4446.731095251706, 4460.244298319236, 4475.216761038414, 4474.751907886812, 4476.15599685617, 4477.702768364158, 4484.950578222347, 4546.021348889251, 4557.568946265591, 4558.9385275514205, 4558.354095387205, 4557.703656963169, 4557.4800483661165, 4559.1032847663455, 4558.664312675151, 4558.305481939868, 4558.09060168053, 4558.514987284047, 4558.507771227885, 4557.726802268272, 4604.129982606091, 4605.556433766069, 4590.799600605149, 4600.451050565544, 4603.606115399315, 4584.9696750447765, 4588.756371527525, 4586.829822967482, 4600.074923619552, 4583.634206754774, 4593.366964617448], "episode_types": ["t", "t", "t", "t", "t", "t", "t", "t", "t", "t", "t", "t", "t", "t", "t", "t", "t", "t", "t", "t", "t", "t", "t", "t", "t", "t", "t", "t", "t", "t", "t", "t", "t", "t", "t", "t", "t", "t", "t", "t", "t", "t", "t", "t", "t", "t", "t", "t", "t", "t", "t"]}