{"initial_reset_timestamp": 1552699532.4684815, "timestamps": [1552700235.746292, 1552700950.6293263, 1552701469.3853273, 1552701990.6061149, 1552702515.0851233, 1552703030.7115963, 1552703543.4426157, 1552704072.3390763, 1552704800.7362373, 1552705281.64233, 1552705763.8607035, 1552706244.275369, 1552706726.619765, 1552707226.1931512, 1552707741.8946807, 1552708244.3887923, 1552708735.5899973, 1552709211.360707, 1552709689.8432367, 1552710167.910133], "episode_lengths": [1000, 1000, 1000, 1000, 1000, 1000, 1000, 1000, 1000, 1000, 1000, 1000, 1000, 1000, 1000, 1000, 1000, 1000, 1000, 1000], "episode_rewards": [4670.978513275464, 4414.577205506535, 4572.154666688556, 4508.488898645258, 4335.803841043351, 4291.859997879948, 4461.615108819459, 4320.989649892817, 4678.313926160888, 4545.015781465025, 4604.064030942735, 4637.787600140099, 4610.2671860079745, 4618.212006534851, 4453.861755038429, 4436.6475317696, 4326.920481987567, 4554.026875223952, 4612.528322416388, 4597.911399952684], "episode_types": ["t", "t", "t", "t", "t", "t", "t", "t", "t", "t", "t", "t", "t", "t", "t", "t", "t", "t", "t", "t", "t"]}