{"initial_reset_timestamp": 1552451340.1592383, "timestamps": [1552452033.470581], "episode_lengths": [1000], "episode_rewards": [4647.808601251258], "episode_types": ["t"]}