{"initial_reset_timestamp": 1552601695.7238793, "timestamps": [1552602411.7220347], "episode_lengths": [1000], "episode_rewards": [4649.979526222086], "episode_types": ["t"]}