{"initial_reset_timestamp": 1555805702.1640253, "timestamps": [1555805962.4521549], "episode_lengths": [1000], "episode_rewards": [4377.980286742417], "episode_types": ["t"]}