{"initial_reset_timestamp": 1552446903.922427, "timestamps": [1552447749.947972], "episode_lengths": [1000], "episode_rewards": [4709.271033832453], "episode_types": ["t"]}