{"initial_reset_timestamp": 1555661883.7855031, "timestamps": [1555662264.8598993], "episode_lengths": [731], "episode_rewards": [-2251.531955162663], "episode_types": ["t"]}