{"initial_reset_timestamp": 1555702729.5447717, "timestamps": [1555702975.448205], "episode_lengths": [1000], "episode_rewards": [4669.036582453218], "episode_types": ["t"]}