{"initial_reset_timestamp": 1552602481.0664086, "timestamps": [1552603205.822257, 1552603922.9433749, 1552604452.1132255, 1552604979.0847337, 1552605505.8054035, 1552606034.3313227, 1552606556.2051337, 1552607080.7637153, 1552607799.455117, 1552608325.4407406, 1552608923.1981857, 1552609522.792409, 1552610058.5452118, 1552610587.342717, 1552611118.0108776, 1552611649.9379115, 1552612181.3836527, 1552612707.585758, 1552613236.7855792, 1552613763.3137383], "episode_lengths": [1000, 1000, 1000, 1000, 1000, 1000, 1000, 1000, 1000, 1000, 1000, 1000, 1000, 1000, 1000, 1000, 1000, 1000, 1000, 1000], "episode_rewards": [4813.37779665673, 4772.220364198374, 4761.425535469311, 4788.049752225621, 4730.880157509518, 4757.13755986538, 4767.120587889647, 4757.76001559445, 4762.595898964354, 4804.246433393635, 4774.763317668019, 4769.2733034525345, 4763.670628028118, 4789.052040966541, 4755.678115308115, 4797.352949339332, 4796.295418561303, 4798.004838295955, 4753.767498208203, 4769.978475814321], "episode_types": ["t", "t", "t", "t", "t", "t", "t", "t", "t", "t", "t", "t", "t", "t", "t", "t", "t", "t", "t", "t", "t"]}