{"initial_reset_timestamp": 1552427517.9166381, "timestamps": [1552428156.515594], "episode_lengths": [1000], "episode_rewards": [4320.6378222385765], "episode_types": ["t"]}