{"initial_reset_timestamp": 1552453961.9468927, "timestamps": [1552454145.4809618], "episode_lengths": [1000], "episode_rewards": [4586.296396090595], "episode_types": ["t"]}