{"initial_reset_timestamp": 1552477931.548341, "timestamps": [1552478114.9464228], "episode_lengths": [1000], "episode_rewards": [4418.30567223385], "episode_types": ["t"]}