{"initial_reset_timestamp": 1552511130.476061, "timestamps": [1552511757.374634], "episode_lengths": [1000], "episode_rewards": [4577.905089389968], "episode_types": ["t"]}