{"initial_reset_timestamp": 1552486165.1712785, "timestamps": [1552486336.8604617], "episode_lengths": [1000], "episode_rewards": [4322.283525019378], "episode_types": ["t"]}