{"initial_reset_timestamp": 1552470523.5434713, "timestamps": [1552470701.5387142], "episode_lengths": [1000], "episode_rewards": [4548.472065822339], "episode_types": ["t"]}