{"initial_reset_timestamp": 1552403024.56429, "timestamps": [1552403669.9825115], "episode_lengths": [1000], "episode_rewards": [4704.692015720023], "episode_types": ["t"]}