{"initial_reset_timestamp": 1552287436.07918, "timestamps": [1552288034.3842177, 1552288632.5151513, 1552289075.9775212, 1552289517.427766, 1552289957.8701658, 1552290397.173718, 1552290839.89672, 1552291282.2574668, 1552291877.8584914, 1552292318.766288, 1552292785.4918132, 1552293284.7025676, 1552293760.6456323, 1552294197.9553795, 1552294637.6810842, 1552295074.2525578, 1552295510.709463, 1552295948.4755106, 1552296431.1888857, 1552296928.7571712], "episode_lengths": [1000, 1000, 1000, 1000, 1000, 1000, 1000, 1000, 1000, 1000, 1000, 1000, 1000, 1000, 1000, 1000, 1000, 1000, 1000, 1000], "episode_rewards": [4420.598989131269, 4573.027351368833, 4489.788370466733, 4392.3000797376735, 4546.553549811229, 4546.430414043978, 4545.6329953762215, 4546.020953810001, 4546.444208480095, 4547.1061330757275, 4546.647901320834, 4546.588906754855, 4546.771770917511, 4545.815334347632, 4546.378114782979, 4546.686504779466, 4546.689765707093, 4547.064323481475, 4547.0622458080215, 4546.285086500553], "episode_types": ["t", "t", "t", "t", "t", "t", "t", "t", "t", "t", "t", "t", "t", "t", "t", "t", "t", "t", "t", "t", "t"]}