{"initial_reset_timestamp": 1552270769.9395814, "timestamps": [1552270927.4690626, 1552271086.380675, 1552271088.0219038, 1552271089.4777277, 1552271090.9855692, 1552271092.5618536, 1552271094.1464822, 1552271095.6099265, 1552271252.6091242, 1552271254.2205527, 1552271255.483512, 1552271256.84255, 1552271258.2624023, 1552271259.6351354, 1552271261.006225, 1552271262.326799, 1552271263.8138843, 1552271265.332381, 1552271266.7753134, 1552271268.2770178], "episode_lengths": [1000, 1000, 1000, 1000, 1000, 1000, 1000, 1000, 1000, 1000, 1000, 1000, 1000, 1000, 1000, 1000, 1000, 1000, 1000, 1000], "episode_rewards": [4583.69710543088, 4651.661476292631, 4624.055379299166, 4607.2335264744825, 4676.96761143268, 4682.538868734615, 4684.403133923646, 4694.239595219438, 4680.560273565839, 4673.014413721943, 4733.4032895282135, 4663.407588738923, 4687.706375491908, 4681.909735100752, 4702.446937311198, 4624.659382441011, 4744.170948889788, 4630.751421711105, 4619.271454500296, 4666.362278164473], "episode_types": ["t", "t", "t", "t", "t", "t", "t", "t", "t", "t", "t", "t", "t", "t", "t", "t", "t", "t", "t", "t", "t"]}