{"initial_reset_timestamp": 1552606622.815744, "timestamps": [1552606754.6552653], "episode_lengths": [1000], "episode_rewards": [4312.4770939547625], "episode_types": ["t"]}