{"initial_reset_timestamp": 1555763435.7903647, "timestamps": [1555763651.2576823], "episode_lengths": [1000], "episode_rewards": [4540.588161067352], "episode_types": ["t"]}