{"initial_reset_timestamp": 1552409909.0256047, "timestamps": [1552410527.4356968], "episode_lengths": [1000], "episode_rewards": [4770.017914317856], "episode_types": ["t"]}