{"initial_reset_timestamp": 1552537138.8758438, "timestamps": [1552537304.7679334], "episode_lengths": [1000], "episode_rewards": [4387.279366652778], "episode_types": ["t"]}