{"initial_reset_timestamp": 1552434156.8552027, "timestamps": [1552434820.968556], "episode_lengths": [1000], "episode_rewards": [4419.0356609246855], "episode_types": ["t"]}