{"initial_reset_timestamp": 1552438047.2854269, "timestamps": [1552438845.5841503], "episode_lengths": [1000], "episode_rewards": [4561.170867663799], "episode_types": ["t"]}