{"initial_reset_timestamp": 1552453210.0050921, "timestamps": [1552453944.997134, 1552454648.8038812, 1552455194.6712945, 1552455776.3202078, 1552456341.3985355, 1552456844.5291553, 1552457348.4558923, 1552457852.8409426, 1552458562.9295275, 1552459126.4031773], "episode_lengths": [1000, 1000, 1000, 1000, 1000, 1000, 1000, 1000, 1000, 1000], "episode_rewards": [4289.451597655117, 4711.674557383075, 4592.735862564302, 4576.0782105573735, 4649.046651748101, 4662.569572867666, 4687.291840731913, 4692.91766316044, 4693.417184204537, 4691.488151326176], "episode_types": ["t", "t", "t", "t", "t", "t", "t", "t", "t", "t", "t"]}