{"initial_reset_timestamp": 1552503314.986677, "timestamps": [1552503479.5091465], "episode_lengths": [1000], "episode_rewards": [4556.892961017207], "episode_types": ["t"]}