{"initial_reset_timestamp": 1552398377.346602, "timestamps": [1552398987.1365306], "episode_lengths": [1000], "episode_rewards": [4574.732526942563], "episode_types": ["t"]}