{"initial_reset_timestamp": 1552463662.5375512, "timestamps": [1552464374.2196844], "episode_lengths": [1000], "episode_rewards": [4884.829503412606], "episode_types": ["t"]}