{"initial_reset_timestamp": 1552471394.041718, "timestamps": [1552472003.590876, 1552472681.5038333, 1552473195.309325, 1552473693.8963945, 1552474212.703558, 1552474730.479352, 1552475205.4650192, 1552475659.591326, 1552476265.3515399, 1552476720.996609, 1552477170.2819066, 1552477621.07254, 1552478134.3685684, 1552478645.5112422, 1552479107.2429998, 1552479561.862963, 1552480023.6149623, 1552480482.5409796, 1552480943.6003711, 1552481404.5587327, 1552481897.0159168, 1552482415.1962209, 1552482936.9249442, 1552483406.0484686, 1552483869.1406586, 1552484312.3903222, 1552484764.4742599, 1552485377.5254724, 1552485827.071742, 1552486325.8415196, 1552486841.3703191, 1552487322.5795796, 1552487837.6424496, 1552488347.6702259, 1552488822.703759, 1552489329.9172966, 1552489843.2789125, 1552490334.274967, 1552490789.1596668, 1552491238.818263, 1552491697.5451918, 1552492154.190196, 1552492610.8109584, 1552493067.2258308, 1552493564.3908284, 1552494074.4021275, 1552494578.0423176, 1552495030.6497724, 1552495481.8352587, 1552495932.3841052], "episode_lengths": [1000, 1000, 1000, 1000, 1000, 1000, 1000, 1000, 1000, 1000, 1000, 1000, 1000, 1000, 1000, 1000, 1000, 1000, 1000, 1000, 1000, 1000, 1000, 1000, 1000, 1000, 1000, 1000, 1000, 1000, 1000, 1000, 1000, 1000, 1000, 1000, 1000, 1000, 1000, 1000, 1000, 1000, 1000, 1000, 1000, 1000, 1000, 1000, 1000, 1000], "episode_rewards": [4687.5596149129615, 4871.89062897789, 4709.839157685731, 4804.692750914089, 4770.397897644461, 4859.829847786117, 4783.118269911549, 4702.595212042339, 4806.023376660689, 4712.209622667712, 4761.125185155937, 4860.482237461989, 4690.414344024613, 4887.660690599686, 4730.78773583303, 4752.626892699008, 4781.042310025176, 4854.743246024094, 4757.936528508794, 4797.769274174282, 4821.425003534724, 4774.339605977965, 4867.212556775324, 4742.684773439254, 4787.314285272789, 4848.186716723368, 4734.205102185552, 4865.984030884063, 4841.8050021027275, 4655.383305114839, 4849.194937016862, 4685.5919887048585, 4839.023280419699, 4775.091480125001, 4893.421818587386, 4689.743387964191, 4873.912853612481, 4767.441636544549, 4784.310005715191, 4890.458932304449, 4737.8519286540995, 4797.893789431094, 4727.791260802309, 4795.278805851738, 4708.960919353649, 4845.192497433942, 4797.836438244875, 4713.409148502508, 4771.106760555445, 4797.081317683335], "episode_types": ["t", "t", "t", "t", "t", "t", "t", "t", "t", "t", "t", "t", "t", "t", "t", "t", "t", "t", "t", "t", "t", "t", "t", "t", "t", "t", "t", "t", "t", "t", "t", "t", "t", "t", "t", "t", "t", "t", "t", "t", "t", "t", "t", "t", "t", "t", "t", "t", "t", "t", "t"]}