{"initial_reset_timestamp": 1552360001.1827266, "timestamps": [1552360600.9415035], "episode_lengths": [1000], "episode_rewards": [4807.668684843135], "episode_types": ["t"]}