{"initial_reset_timestamp": 1552492766.3927145, "timestamps": [1552493468.0881095], "episode_lengths": [1000], "episode_rewards": [4445.425360536657], "episode_types": ["t"]}