{"initial_reset_timestamp": 1552504290.510349, "timestamps": [1552504434.9479804], "episode_lengths": [1000], "episode_rewards": [4384.733379209236], "episode_types": ["t"]}