{"initial_reset_timestamp": 1555778585.314646, "timestamps": [1555778691.8214962], "episode_lengths": [1000], "episode_rewards": [-204.6602180519412], "episode_types": ["t"]}