{"initial_reset_timestamp": 1552494932.7585847, "timestamps": [1552495596.6091254], "episode_lengths": [1000], "episode_rewards": [4536.022556516804], "episode_types": ["t"]}