{"initial_reset_timestamp": 1555723562.1469815, "timestamps": [1555723831.9544048], "episode_lengths": [1000], "episode_rewards": [4591.468829259103], "episode_types": ["t"]}