{"initial_reset_timestamp": 1552462961.5231555, "timestamps": [1552463662.3054154], "episode_lengths": [1000], "episode_rewards": [4702.7209810841005], "episode_types": ["t"]}