{"initial_reset_timestamp": 1552395872.789109, "timestamps": [1552396485.051348], "episode_lengths": [1000], "episode_rewards": [4495.690769181726], "episode_types": ["t"]}