{"initial_reset_timestamp": 1555772125.4643996, "timestamps": [1555772649.9475956], "episode_lengths": [1000], "episode_rewards": [1086.749016506468], "episode_types": ["t"]}