{"initial_reset_timestamp": 1555642172.201968, "timestamps": [1555642798.9395683], "episode_lengths": [1000], "episode_rewards": [-349.7055071245183], "episode_types": ["t"]}