{"initial_reset_timestamp": 1552536883.387934, "timestamps": [1552537575.542075], "episode_lengths": [1000], "episode_rewards": [4605.712584173563], "episode_types": ["t"]}