{"initial_reset_timestamp": 1554443515.8677406, "timestamps": [1554444176.8350363], "episode_lengths": [1000], "episode_rewards": [-257.59854284676356], "episode_types": ["t"]}