{"initial_reset_timestamp": 1552513807.8370943, "timestamps": [1552514440.3807704], "episode_lengths": [1000], "episode_rewards": [4481.826999838139], "episode_types": ["t"]}