{"initial_reset_timestamp": 1552581361.2033763, "timestamps": [1552581978.9937873], "episode_lengths": [1000], "episode_rewards": [4800.353174455736], "episode_types": ["t"]}