{"initial_reset_timestamp": 1552411279.2292001, "timestamps": [1552411980.0936852], "episode_lengths": [1000], "episode_rewards": [4415.185517565025], "episode_types": ["t"]}