{"initial_reset_timestamp": 1555700196.9358232, "timestamps": [1555701038.9853566], "episode_lengths": [1000], "episode_rewards": [4963.932093394094], "episode_types": ["t"]}