{"initial_reset_timestamp": 1552358434.0741422, "timestamps": [1552359119.9888048], "episode_lengths": [1000], "episode_rewards": [4841.835716375699], "episode_types": ["t"]}