{"initial_reset_timestamp": 1555822945.7090685, "timestamps": [1555823772.238503], "episode_lengths": [1000], "episode_rewards": [4631.424207501039], "episode_types": ["t"]}