{"initial_reset_timestamp": 1552551924.7360086, "timestamps": [1552552083.3414867], "episode_lengths": [1000], "episode_rewards": [4684.768349162552], "episode_types": ["t"]}