{"initial_reset_timestamp": 1555840351.9084759, "timestamps": [1555841094.203877], "episode_lengths": [1000], "episode_rewards": [4547.864917130289], "episode_types": ["t"]}