{"initial_reset_timestamp": 1555700458.4713156, "timestamps": [1555701053.3119802], "episode_lengths": [1000], "episode_rewards": [1103.0309871249972], "episode_types": ["t"]}