{"initial_reset_timestamp": 1552370667.6503706, "timestamps": [1552371369.7598236], "episode_lengths": [1000], "episode_rewards": [4425.639001033871], "episode_types": ["t"]}