{"initial_reset_timestamp": 1552380967.7693584, "timestamps": [1552381590.2702885], "episode_lengths": [1000], "episode_rewards": [4656.512008718427], "episode_types": ["t"]}