{"initial_reset_timestamp": 1552478300.0170376, "timestamps": [1552478489.332299], "episode_lengths": [1000], "episode_rewards": [4443.389278486417], "episode_types": ["t"]}