{"initial_reset_timestamp": 1555694199.3932922, "timestamps": [1555694904.5531425], "episode_lengths": [1000], "episode_rewards": [954.6868275334316], "episode_types": ["t"]}