{"initial_reset_timestamp": 1552452435.754561, "timestamps": [1552453095.142154], "episode_lengths": [1000], "episode_rewards": [4491.546953038976], "episode_types": ["t"]}