{"initial_reset_timestamp": 1552468425.781366, "timestamps": [1552469045.9046013], "episode_lengths": [1000], "episode_rewards": [4663.393172957005], "episode_types": ["t"]}