{"initial_reset_timestamp": 1555825764.8277075, "timestamps": [1555825939.0483577], "episode_lengths": [1000], "episode_rewards": [4414.276770302599], "episode_types": ["t"]}