{"initial_reset_timestamp": 1555859537.3742597, "timestamps": [1555859702.0979168], "episode_lengths": [1000], "episode_rewards": [4539.634240245197], "episode_types": ["t"]}