{"initial_reset_timestamp": 1552501253.265064, "timestamps": [1552501438.4996152], "episode_lengths": [1000], "episode_rewards": [4456.420406834152], "episode_types": ["t"]}