{"initial_reset_timestamp": 1552622450.6683097, "timestamps": [1552622588.497991], "episode_lengths": [1000], "episode_rewards": [4428.135954116458], "episode_types": ["t"]}