{"initial_reset_timestamp": 1552466294.0195754, "timestamps": [1552466483.1704237], "episode_lengths": [1000], "episode_rewards": [4479.399721303953], "episode_types": ["t"]}