{"initial_reset_timestamp": 1552380240.6461124, "timestamps": [1552380934.9998953], "episode_lengths": [1000], "episode_rewards": [4526.291141449484], "episode_types": ["t"]}