{"initial_reset_timestamp": 1555772653.5574164, "timestamps": [1555773231.394421], "episode_lengths": [1000], "episode_rewards": [692.0969430911383], "episode_types": ["t"]}