{"initial_reset_timestamp": 1555676021.1228206, "timestamps": [1555676534.0563118], "episode_lengths": [1000], "episode_rewards": [1026.3713290971612], "episode_types": ["t"]}