{"initial_reset_timestamp": 1552525230.962271, "timestamps": [1552525949.7502046], "episode_lengths": [1000], "episode_rewards": [4742.054173600673], "episode_types": ["t"]}