{"initial_reset_timestamp": 1552242945.683343, "timestamps": [1552243542.907436, 1552244139.3336263, 1552244583.9452353, 1552245027.5404754, 1552245470.7442114, 1552245913.3847528, 1552246359.1180398, 1552246799.494868, 1552247396.0418293, 1552247841.4140751], "episode_lengths": [1000, 1000, 1000, 1000, 1000, 1000, 1000, 1000, 1000, 1000], "episode_rewards": [4685.851682219997, 4749.655683773431, 4862.544557715624, 4777.007088264952, 4761.633215701242, 4896.458641704494, 4708.504124640385, 4861.559045177319, 4776.912082768178, 4750.928388170088], "episode_types": ["t", "t", "t", "t", "t", "t", "t", "t", "t", "t", "t"]}