{"initial_reset_timestamp": 1555693787.3484435, "timestamps": [1555694768.052829], "episode_lengths": [1000], "episode_rewards": [4766.666779157815], "episode_types": ["t"]}