{"initial_reset_timestamp": 1555727839.5763655, "timestamps": [1555728041.8433993], "episode_lengths": [1000], "episode_rewards": [4384.7157402348885], "episode_types": ["t"]}