{"initial_reset_timestamp": 1555885636.524635, "timestamps": [1555886307.248207], "episode_lengths": [1000], "episode_rewards": [4235.797636755107], "episode_types": ["t"]}