{"initial_reset_timestamp": 1552497581.0835931, "timestamps": [1552498202.8111537], "episode_lengths": [1000], "episode_rewards": [4380.872900505604], "episode_types": ["t"]}