{"initial_reset_timestamp": 1552521861.2436292, "timestamps": [1552522522.1722243], "episode_lengths": [1000], "episode_rewards": [4700.868715069069], "episode_types": ["t"]}