{"initial_reset_timestamp": 1552348388.3441951, "timestamps": [1552349091.4276156, 1552349792.1278863, 1552350309.6784832, 1552350838.6872385, 1552351363.384871, 1552351890.0076864, 1552352417.076197, 1552352944.6527863, 1552353659.4551313, 1552354189.709325], "episode_lengths": [1000, 1000, 1000, 1000, 1000, 1000, 1000, 1000, 1000, 1000], "episode_rewards": [4647.655533594463, 4869.004972087411, 4743.081281627909, 4835.570363208358, 4754.875329203103, 4856.669478321417, 4703.984773597745, 4840.5154675983395, 4765.113989763881, 4860.41283140466], "episode_types": ["t", "t", "t", "t", "t", "t", "t", "t", "t", "t", "t"]}