{"initial_reset_timestamp": 1552765377.2814295, "timestamps": [1552765543.5823443, 1552765709.0395358, 1552765710.6868544, 1552765712.085859, 1552765713.4842496, 1552765714.8606405, 1552765716.181701, 1552765717.4773328, 1552765879.3151085, 1552765880.8705583, 1552765882.2405415, 1552765883.627685, 1552765885.0143883, 1552765886.589141, 1552765888.1398258, 1552765889.694425, 1552765891.2708957, 1552765892.8490703, 1552765894.4026735, 1552765895.8478713], "episode_lengths": [1000, 1000, 1000, 1000, 1000, 1000, 1000, 1000, 1000, 1000, 1000, 1000, 1000, 1000, 1000, 1000, 1000, 1000, 1000, 1000], "episode_rewards": [4373.988025778914, 4671.440010392234, 4507.561226801597, 4525.085400721803, 4354.340365167693, 4445.095706322936, 4379.943483636413, 4432.351936054583, 4373.990508600002, 4518.991500505543, 4473.955781213296, 4532.375278830632, 4431.895845172009, 4419.180411593055, 4521.297130538552, 4465.939100219454, 4475.254639376035, 4390.149687834976, 4440.802897886825, 4370.503736243602], "episode_types": ["t", "t", "t", "t", "t", "t", "t", "t", "t", "t", "t", "t", "t", "t", "t", "t", "t", "t", "t", "t", "t"]}