{"initial_reset_timestamp": 1552576474.2069821, "timestamps": [1552577081.0382578], "episode_lengths": [1000], "episode_rewards": [4843.441497487193], "episode_types": ["t"]}