{"initial_reset_timestamp": 1552599173.1564178, "timestamps": [1552599788.1268623], "episode_lengths": [1000], "episode_rewards": [4429.735794444601], "episode_types": ["t"]}