{"initial_reset_timestamp": 1552452173.2569652, "timestamps": [1552452332.3927088], "episode_lengths": [1000], "episode_rewards": [4530.044376771535], "episode_types": ["t"]}