{"initial_reset_timestamp": 1554465243.2582064, "timestamps": [1554465795.4259224], "episode_lengths": [1000], "episode_rewards": [-761.0093686124886], "episode_types": ["t"]}