{"initial_reset_timestamp": 1554396811.2707508, "timestamps": [1554397004.2681468], "episode_lengths": [1000], "episode_rewards": [-288.8532738949168], "episode_types": ["t", "t"]}