{"initial_reset_timestamp": 1552593345.9710076, "timestamps": [1552594062.411472, 1552594777.1170933, 1552595306.39184, 1552595840.704971, 1552596375.697665, 1552596910.0782247, 1552597443.047068, 1552597977.1311545, 1552598701.0736594, 1552599230.9637647], "episode_lengths": [1000, 1000, 1000, 1000, 1000, 1000, 1000, 1000, 1000, 1000], "episode_rewards": [4479.467186435913, 4490.030238825831, 4388.825736492196, 4559.971879051826, 4615.096573729831, 4614.013791947312, 4602.314469095961, 4605.932892898437, 4586.761356769096, 4568.1446787086215], "episode_types": ["t", "t", "t", "t", "t", "t", "t", "t", "t", "t", "t"]}