{"initial_reset_timestamp": 1552556494.0033312, "timestamps": [1552556650.261537], "episode_lengths": [1000], "episode_rewards": [4471.467804075525], "episode_types": ["t"]}