{"initial_reset_timestamp": 1555812098.0539982, "timestamps": [1555812381.1934602], "episode_lengths": [1000], "episode_rewards": [4309.124073926038], "episode_types": ["t"]}