{"initial_reset_timestamp": 1552458081.1801226, "timestamps": [1552458771.7673264], "episode_lengths": [1000], "episode_rewards": [4771.517543289849], "episode_types": ["t"]}