{"initial_reset_timestamp": 1552477266.82134, "timestamps": [1552477929.6075244], "episode_lengths": [1000], "episode_rewards": [4563.502939569567], "episode_types": ["t"]}