{"initial_reset_timestamp": 1552621547.9930363, "timestamps": [1552621708.8078024], "episode_lengths": [1000], "episode_rewards": [4536.23894202118], "episode_types": ["t"]}