{"initial_reset_timestamp": 1552440443.7299843, "timestamps": [1552440619.093744], "episode_lengths": [1000], "episode_rewards": [4544.270867603124], "episode_types": ["t"]}