{"initial_reset_timestamp": 1555640156.7001429, "timestamps": [1555640301.4201446], "episode_lengths": [1000], "episode_rewards": [-2637.6985888720296], "episode_types": ["t", "t"]}