{"initial_reset_timestamp": 1552619723.8931792, "timestamps": [1552620278.6100626], "episode_lengths": [1000], "episode_rewards": [4644.897313410052], "episode_types": ["t"]}