{"initial_reset_timestamp": 1555854211.2309906, "timestamps": [1555854965.7983975], "episode_lengths": [1000], "episode_rewards": [4779.2348661550295], "episode_types": ["t"]}