{"initial_reset_timestamp": 1555838151.1277301, "timestamps": [1555838881.281399], "episode_lengths": [1000], "episode_rewards": [4527.056473509833], "episode_types": ["t"]}