{"initial_reset_timestamp": 1552363885.3902986, "timestamps": [1552364040.2282689], "episode_lengths": [1000], "episode_rewards": [4754.038144186742], "episode_types": ["t"]}