{"initial_reset_timestamp": 1552531341.7649057, "timestamps": [1552532109.820149], "episode_lengths": [1000], "episode_rewards": [4871.334445149795], "episode_types": ["t"]}