{"initial_reset_timestamp": 1552587014.551056, "timestamps": [1552587645.0031166], "episode_lengths": [1000], "episode_rewards": [4513.942034307209], "episode_types": ["t"]}