{"initial_reset_timestamp": 1555685223.840751, "timestamps": [1555685856.0475965], "episode_lengths": [1000], "episode_rewards": [850.3498848837164], "episode_types": ["t"]}