{"initial_reset_timestamp": 1555832700.9756258, "timestamps": [1555833373.9088922], "episode_lengths": [1000], "episode_rewards": [4523.751823991936], "episode_types": ["t"]}