{"initial_reset_timestamp": 1555701877.4715683, "timestamps": [1555702728.021702], "episode_lengths": [1000], "episode_rewards": [4963.967548357282], "episode_types": ["t"]}