{"initial_reset_timestamp": 1552376948.8396094, "timestamps": [1552377602.5378647], "episode_lengths": [1000], "episode_rewards": [4714.148625607341], "episode_types": ["t"]}