{"initial_reset_timestamp": 1552479769.7737365, "timestamps": [1552480409.8150342], "episode_lengths": [1000], "episode_rewards": [4422.1367604094285], "episode_types": ["t"]}