{"initial_reset_timestamp": 1552460829.7872353, "timestamps": [1552461538.7361262], "episode_lengths": [1000], "episode_rewards": [4687.546154749398], "episode_types": ["t"]}