{"initial_reset_timestamp": 1552573653.179617, "timestamps": [1552573802.853811], "episode_lengths": [1000], "episode_rewards": [4504.603902316975], "episode_types": ["t"]}