{"initial_reset_timestamp": 1552451772.7721512, "timestamps": [1552452435.5415463], "episode_lengths": [1000], "episode_rewards": [4451.229625628252], "episode_types": ["t"]}