{"initial_reset_timestamp": 1554410981.6408799, "timestamps": [1554411809.3176177], "episode_lengths": [1000], "episode_rewards": [-831.2318686562417], "episode_types": ["t"]}