{"initial_reset_timestamp": 1555892044.5088735, "timestamps": [1555892721.551179], "episode_lengths": [1000], "episode_rewards": [4495.563179342469], "episode_types": ["t"]}