{"initial_reset_timestamp": 1555719834.0631616, "timestamps": [1555720801.4104772], "episode_lengths": [1000], "episode_rewards": [4628.286999943522], "episode_types": ["t"]}