{"initial_reset_timestamp": 1555911587.4802213, "timestamps": [1555912275.2121637], "episode_lengths": [1000], "episode_rewards": [4583.20990809804], "episode_types": ["t"]}