{"initial_reset_timestamp": 1552368291.8245358, "timestamps": [1552368900.3523903], "episode_lengths": [1000], "episode_rewards": [4739.16195266751], "episode_types": ["t"]}