{"initial_reset_timestamp": 1552401146.2315598, "timestamps": [1552401770.193508], "episode_lengths": [1000], "episode_rewards": [4641.950552090475], "episode_types": ["t"]}