{"initial_reset_timestamp": 1552372086.0363753, "timestamps": [1552372696.6859746], "episode_lengths": [1000], "episode_rewards": [4491.241108571535], "episode_types": ["t"]}