{"initial_reset_timestamp": 1552605511.8019526, "timestamps": [1552605679.346078], "episode_lengths": [1000], "episode_rewards": [4345.710583863504], "episode_types": ["t"]}