{"initial_reset_timestamp": 1555818415.962639, "timestamps": [1555819145.233522], "episode_lengths": [1000], "episode_rewards": [4861.278097941187], "episode_types": ["t"]}