{"initial_reset_timestamp": 1552449537.9073224, "timestamps": [1552450156.8322535], "episode_lengths": [1000], "episode_rewards": [4408.10693943715], "episode_types": ["t"]}