{"initial_reset_timestamp": 1552487458.150165, "timestamps": [1552488160.0648005], "episode_lengths": [1000], "episode_rewards": [4605.862357955358], "episode_types": ["t"]}