{"initial_reset_timestamp": 1555719407.5398133, "timestamps": [1555719537.650427], "episode_lengths": [1000], "episode_rewards": [1933.3608390586764], "episode_types": ["t"]}