{"initial_reset_timestamp": 1552495114.3373525, "timestamps": [1552495726.834379], "episode_lengths": [1000], "episode_rewards": [4688.986855340156], "episode_types": ["t"]}