{"initial_reset_timestamp": 1552618053.3587914, "timestamps": [1552618613.5137897], "episode_lengths": [1000], "episode_rewards": [4618.512351106897], "episode_types": ["t"]}