{"initial_reset_timestamp": 1554444935.3316078, "timestamps": [1554445093.4215653], "episode_lengths": [1000], "episode_rewards": [-515.5559141189856], "episode_types": ["t", "t"]}