{"initial_reset_timestamp": 1552432900.3004458, "timestamps": [1552433541.0803711], "episode_lengths": [1000], "episode_rewards": [4428.00923813744], "episode_types": ["t"]}