{"initial_reset_timestamp": 1552407539.7874742, "timestamps": [1552408154.9653394], "episode_lengths": [1000], "episode_rewards": [4674.2955737522025], "episode_types": ["t"]}