{"initial_reset_timestamp": 1555737378.729642, "timestamps": [1555738268.168001], "episode_lengths": [1000], "episode_rewards": [4739.950371949301], "episode_types": ["t"]}