{"initial_reset_timestamp": 1554452320.6144307, "timestamps": [1554452931.8397522], "episode_lengths": [1000], "episode_rewards": [-1081.2536517074361], "episode_types": ["t"]}