{"initial_reset_timestamp": 1552593661.0468314, "timestamps": [1552594266.4772913], "episode_lengths": [1000], "episode_rewards": [4840.900573893805], "episode_types": ["t"]}