{"initial_reset_timestamp": 1552397643.889541, "timestamps": [1552398199.7671967], "episode_lengths": [1000], "episode_rewards": [4547.6703627778], "episode_types": ["t"]}