{"initial_reset_timestamp": 1552384484.4276824, "timestamps": [1552384638.8836656], "episode_lengths": [1000], "episode_rewards": [4574.191810372679], "episode_types": ["t"]}