{"initial_reset_timestamp": 1552363804.477066, "timestamps": [1552363961.5347428], "episode_lengths": [1000], "episode_rewards": [4825.40894512374], "episode_types": ["t"]}