{"initial_reset_timestamp": 1552660466.1046162, "timestamps": [1552661137.3019142, 1552661813.4237356, 1552662314.9095209, 1552662816.2442791, 1552663315.1284268, 1552663817.3544784, 1552664316.8935037, 1552664816.8157034, 1552665496.1569378, 1552665991.4194148, 1552666485.4660947, 1552666987.715377, 1552667477.9469087, 1552667980.2715662, 1552668459.6387627, 1552668943.4975896, 1552669438.6891496, 1552669909.7094111, 1552670373.5373194, 1552670851.304233], "episode_lengths": [1000, 1000, 1000, 1000, 1000, 1000, 1000, 1000, 1000, 1000, 1000, 1000, 1000, 1000, 1000, 1000, 1000, 1000, 1000, 1000], "episode_rewards": [4644.87182739616, 4743.013295104616, 4833.474061447452, 4823.120018789481, 4837.437163779793, 4747.620037456108, 4789.0032564396915, 4812.172389926068, 4719.14144752981, 4807.522566016139, 4773.348533664783, 4860.114538889485, 4758.636519126415, 4689.711833599851, 4877.6890204283645, 4791.245280899744, 4759.276857727165, 4765.427581124631, 4698.121496374371, 4893.089772503569], "episode_types": ["t", "t", "t", "t", "t", "t", "t", "t", "t", "t", "t", "t", "t", "t", "t", "t", "t", "t", "t", "t", "t"]}