{"initial_reset_timestamp": 1552523273.5728152, "timestamps": [1552523482.5251548], "episode_lengths": [1000], "episode_rewards": [4521.408246632129], "episode_types": ["t"]}