{"initial_reset_timestamp": 1552476080.378983, "timestamps": [1552476691.1830585], "episode_lengths": [1000], "episode_rewards": [4818.665830893846], "episode_types": ["t"]}