{"initial_reset_timestamp": 1552463961.8090928, "timestamps": [1552464579.9438963], "episode_lengths": [1000], "episode_rewards": [4629.242355532709], "episode_types": ["t"]}