{"initial_reset_timestamp": 1552378302.3625143, "timestamps": [1552378950.26328], "episode_lengths": [1000], "episode_rewards": [4283.976813807753], "episode_types": ["t"]}