{"initial_reset_timestamp": 1552763187.7664855, "timestamps": [1552763865.7515955, 1552764541.7273262, 1552765047.8492777, 1552765555.1562169, 1552766066.068049, 1552766581.0179374, 1552767097.128313, 1552767614.7741642, 1552768304.095572, 1552768817.320857, 1552769324.6032739, 1552769824.7106361, 1552770328.8969877, 1552770836.8280258, 1552771336.070789, 1552771900.947385, 1552772483.2848396, 1552772987.3841195, 1552773488.8740082, 1552773993.143611, 1552774495.0769815, 1552774997.6940794, 1552775500.1246128, 1552776004.1312392, 1552776477.6900797, 1552776945.26014, 1552777420.3240955, 1552778095.9062269, 1552778579.15772, 1552779052.5286636, 1552779554.8177195, 1552780052.6890335, 1552780538.774318, 1552781037.6800134, 1552781529.1673849, 1552782003.1970289, 1552782482.7013817, 1552782947.5403106, 1552783411.7399182, 1552783878.7994084, 1552784353.2357197, 1552784821.4416356, 1552785289.9995828, 1552785756.9960866, 1552786239.8309777, 1552786719.5460217, 1552787183.2115097, 1552787667.1535149, 1552788159.0525048, 1552788647.4970984], "episode_lengths": [1000, 1000, 1000, 1000, 1000, 1000, 1000, 1000, 1000, 1000, 1000, 1000, 1000, 1000, 1000, 1000, 1000, 1000, 1000, 1000, 1000, 1000, 1000, 1000, 1000, 1000, 1000, 1000, 1000, 1000, 1000, 1000, 1000, 1000, 1000, 1000, 1000, 1000, 1000, 1000, 1000, 1000, 1000, 1000, 1000, 1000, 1000, 1000, 1000, 1000], "episode_rewards": [4749.602180121672, 4831.845616034704, 4802.490154477372, 4677.7278711867275, 4869.479004019255, 4754.036807571439, 4742.146114393158, 4748.503726809724, 4893.376380551362, 4725.653214777766, 4814.16568907836, 4705.631020920382, 4776.131798809897, 4856.218084331878, 4714.791717563907, 4840.181779075522, 4742.409960249522, 4693.673085379211, 4861.938834792226, 4718.961011350577, 4883.823394996797, 4707.976699465657, 4819.096191667283, 4754.571560709085, 4679.959718375528, 4849.4403448568755, 4801.055437161142, 4814.115237399647, 4746.143823061423, 4814.526660071919, 4851.970380412797, 4691.698877553591, 4858.605034377956, 4803.058397084588, 4692.7314896007965, 4837.201904090103, 4764.357324836865, 4807.305607237626, 4775.530545631536, 4863.420288507311, 4714.8427057635445, 4860.969577371952, 4755.6680536036, 4833.698368882932, 4728.240837034528, 4756.307682450189, 4884.234731243649, 4800.99671403487, 4701.641467509171, 4805.024489781335], "episode_types": ["t", "t", "t", "t", "t", "t", "t", "t", "t", "t", "t", "t", "t", "t", "t", "t", "t", "t", "t", "t", "t", "t", "t", "t", "t", "t", "t", "t", "t", "t", "t", "t", "t", "t", "t", "t", "t", "t", "t", "t", "t", "t", "t", "t", "t", "t", "t", "t", "t", "t", "t"]}