{"initial_reset_timestamp": 1552606170.7677028, "timestamps": [1552606333.6620135], "episode_lengths": [1000], "episode_rewards": [4684.523176215506], "episode_types": ["t"]}