{"initial_reset_timestamp": 1555792323.8990183, "timestamps": [1555793329.3642166], "episode_lengths": [1000], "episode_rewards": [4764.064485821402], "episode_types": ["t"]}