{"initial_reset_timestamp": 1552417848.857766, "timestamps": [1552418008.1277888], "episode_lengths": [1000], "episode_rewards": [4534.20850270206], "episode_types": ["t"]}