{"initial_reset_timestamp": 1552549896.7309685, "timestamps": [1552550537.1562612], "episode_lengths": [1000], "episode_rewards": [4456.923829777396], "episode_types": ["t"]}