{"initial_reset_timestamp": 1555802330.4952586, "timestamps": [1555803298.2076128], "episode_lengths": [1000], "episode_rewards": [4274.152080179735], "episode_types": ["t"]}