{"initial_reset_timestamp": 1552509839.4175937, "timestamps": [1552510502.2208495], "episode_lengths": [1000], "episode_rewards": [4421.591995073943], "episode_types": ["t"]}