{"initial_reset_timestamp": 1552847791.6519034, "timestamps": [1552848483.6004012, 1552849176.8894532, 1552849689.4991395, 1552850201.7864823, 1552850718.4466121, 1552851233.2245421, 1552851747.910423, 1552852260.1406922, 1552852954.3527281, 1552853467.462747, 1552853978.3823473, 1552854489.3655941, 1552855001.9212265, 1552855515.7621078, 1552856026.4087954, 1552856537.888555, 1552857050.236897, 1552857559.961084, 1552858071.1306639, 1552858584.8422542, 1552859098.997035, 1552859609.4577415, 1552860120.9283462, 1552860632.8539405, 1552861145.3995411, 1552861656.295086, 1552862167.486702, 1552862859.35671, 1552863366.8332565, 1552863877.8776367, 1552864390.2055323, 1552864903.129975, 1552865412.8084881, 1552865926.486326, 1552866439.9078321, 1552866951.9910448, 1552867465.6293828, 1552867978.4306405, 1552868486.9320478, 1552868998.0571547, 1552869509.8116195, 1552870018.2451627, 1552870531.0553904, 1552871042.5367365, 1552871551.1784968, 1552872063.9005094, 1552872577.357256, 1552873086.5352936, 1552873598.0281374, 1552874108.2662168], "episode_lengths": [1000, 1000, 1000, 1000, 1000, 1000, 1000, 1000, 1000, 1000, 1000, 1000, 1000, 1000, 1000, 1000, 1000, 1000, 1000, 1000, 1000, 1000, 1000, 1000, 1000, 1000, 1000, 1000, 1000, 1000, 1000, 1000, 1000, 1000, 1000, 1000, 1000, 1000, 1000, 1000, 1000, 1000, 1000, 1000, 1000, 1000, 1000, 1000, 1000, 1000], "episode_rewards": [4479.739776095719, 4578.545132567974, 4584.7992316479285, 4589.428381808208, 4612.160704437543, 4590.830772411617, 4587.8955830877585, 4607.470891529423, 4607.788473917379, 4608.441585564207, 4608.468254048828, 4608.555209838831, 4608.7188725814285, 4608.247502618427, 4608.840994738662, 4608.818778521725, 4608.841192269981, 4608.78436052526, 4608.840222352879, 4608.501058632182, 4608.840184136531, 4608.842398174989, 4608.841778531903, 4608.840207666595, 4608.840193728132, 4608.818926023876, 4608.840250195274, 4608.432905884782, 4608.843899952901, 4608.840184047692, 4608.84018218584, 4608.8401833660055, 4608.840206415113, 4608.840195032798, 4608.840185217483, 4608.845638465084, 4608.8401849819975, 4608.840195709355, 4608.840183715173, 4608.840184770399, 4608.84122253984, 4608.840187443296, 4608.845811783426, 4608.840181434228, 4608.840190061189, 4608.8418542832305, 4608.84027322547, 4608.840220263772, 4608.840184667414, 4608.840307315997], "episode_types": ["t", "t", "t", "t", "t", "t", "t", "t", "t", "t", "t", "t", "t", "t", "t", "t", "t", "t", "t", "t", "t", "t", "t", "t", "t", "t", "t", "t", "t", "t", "t", "t", "t", "t", "t", "t", "t", "t", "t", "t", "t", "t", "t", "t", "t", "t", "t", "t", "t", "t", "t"]}