{"initial_reset_timestamp": 1552613219.2841096, "timestamps": [1552613821.3374152], "episode_lengths": [1000], "episode_rewards": [4741.382569760244], "episode_types": ["t"]}