{"initial_reset_timestamp": 1555743543.6018295, "timestamps": [1555743771.0294201], "episode_lengths": [1000], "episode_rewards": [4527.1714799072], "episode_types": ["t"]}