{"initial_reset_timestamp": 1552500880.820985, "timestamps": [1552501069.2025757], "episode_lengths": [1000], "episode_rewards": [4568.307143538076], "episode_types": ["t"]}