{"initial_reset_timestamp": 1552772466.2618868, "timestamps": [1552773166.9644933, 1552773873.0801156, 1552774391.5492344, 1552774908.9259934, 1552775425.0990276, 1552775942.3712668, 1552776462.825556, 1552776983.9615827, 1552777687.3305454, 1552778208.3587143, 1552778727.3893, 1552779246.2052135, 1552779765.4422214, 1552780288.0603127, 1552780808.1266167, 1552781332.4799607, 1552781854.0413983, 1552782374.9821796, 1552782893.8263361, 1552783411.3671267], "episode_lengths": [1000, 1000, 1000, 1000, 1000, 1000, 1000, 1000, 1000, 1000, 1000, 1000, 1000, 1000, 1000, 1000, 1000, 1000, 1000, 1000], "episode_rewards": [4707.130131490059, 4742.47422724776, 4760.489473309271, 4890.146941412326, 4805.467071395227, 4698.765237715098, 4840.514780166461, 4851.015193658309, 4690.59032554016, 4897.359032278403, 4752.831826306707, 4755.14824630005, 4834.342778069289, 4760.296175155905, 4671.509140599052, 4849.2494453241825, 4805.345775416583, 4710.244500998681, 4880.734077564406, 4797.114013283039], "episode_types": ["t", "t", "t", "t", "t", "t", "t", "t", "t", "t", "t", "t", "t", "t", "t", "t", "t", "t", "t", "t", "t"]}