{"initial_reset_timestamp": 1552414397.9507582, "timestamps": [1552415102.7471516], "episode_lengths": [1000], "episode_rewards": [4209.876402482347], "episode_types": ["t"]}