{"initial_reset_timestamp": 1555638909.3945587, "timestamps": [1555639536.282079], "episode_lengths": [1000], "episode_rewards": [-444.63576368578373], "episode_types": ["t"]}