{"initial_reset_timestamp": 1555762808.9972184, "timestamps": [1555763434.236665], "episode_lengths": [1000], "episode_rewards": [4631.280151427928], "episode_types": ["t"]}