{"initial_reset_timestamp": 1555723022.0343823, "timestamps": [1555723278.5654771], "episode_lengths": [1000], "episode_rewards": [4535.569283047777], "episode_types": ["t"]}