{"initial_reset_timestamp": 1555717604.4165475, "timestamps": [1555718527.5362952], "episode_lengths": [1000], "episode_rewards": [4730.741502929956], "episode_types": ["t"]}