{"initial_reset_timestamp": 1552588317.9319985, "timestamps": [1552588997.8497655], "episode_lengths": [1000], "episode_rewards": [4517.485764902142], "episode_types": ["t"]}