{"initial_reset_timestamp": 1552400794.9850848, "timestamps": [1552400970.121863], "episode_lengths": [1000], "episode_rewards": [4502.520808320473], "episode_types": ["t"]}