{"initial_reset_timestamp": 1552536964.579635, "timestamps": [1552537138.6435232], "episode_lengths": [1000], "episode_rewards": [4466.061136681396], "episode_types": ["t"]}