{"initial_reset_timestamp": 1552479256.7026417, "timestamps": [1552479871.8822238], "episode_lengths": [1000], "episode_rewards": [4764.552760372452], "episode_types": ["t"]}