{"initial_reset_timestamp": 1555904324.2104073, "timestamps": [1555905022.3580065], "episode_lengths": [1000], "episode_rewards": [4679.5686972087815], "episode_types": ["t"]}