{"initial_reset_timestamp": 1552362794.0437412, "timestamps": [1552363405.697718], "episode_lengths": [1000], "episode_rewards": [4966.5974200931205], "episode_types": ["t"]}