{"initial_reset_timestamp": 1552357812.1046727, "timestamps": [1552358433.865202], "episode_lengths": [1000], "episode_rewards": [4800.608055259537], "episode_types": ["t"]}