{"initial_reset_timestamp": 1552407881.4326508, "timestamps": [1552408014.5883732], "episode_lengths": [1000], "episode_rewards": [4669.075069879275], "episode_types": ["t"]}