{"initial_reset_timestamp": 1552493468.355016, "timestamps": [1552494231.2485888], "episode_lengths": [1000], "episode_rewards": [4539.773293743653], "episode_types": ["t"]}