{"initial_reset_timestamp": 1555865720.00656, "timestamps": [1555866400.8491766], "episode_lengths": [1000], "episode_rewards": [4641.184989672173], "episode_types": ["t"]}