{"initial_reset_timestamp": 1552490774.1965244, "timestamps": [1552491508.0802705, 1552492234.7765222, 1552492774.8617475, 1552493325.0564072, 1552493930.115289, 1552494534.4345155, 1552495066.6817493, 1552495598.1345503, 1552496314.3839138, 1552496851.6533945, 1552497388.3677466, 1552497920.7185097, 1552498455.9257035, 1552498990.4187236, 1552499523.9212692, 1552500057.939892, 1552500599.2030795, 1552501192.0550492, 1552501794.640779, 1552502361.1679454], "episode_lengths": [1000, 1000, 1000, 1000, 1000, 1000, 1000, 1000, 1000, 1000, 1000, 1000, 1000, 1000, 1000, 1000, 1000, 1000, 1000, 1000], "episode_rewards": [4312.0304068688665, 4499.654389001247, 4503.769052195772, 4498.6341575098595, 4492.792195410938, 4455.04321329936, 4335.7148663067865, 4472.388939646323, 4472.080345293408, 4472.730959170765, 4472.5476391208595, 4471.943556806195, 4472.50127340012, 4472.58402007143, 4472.436094905058, 4472.593355827201, 4472.709663819159, 4471.812233837912, 4472.50282657932, 4473.03497827788], "episode_types": ["t", "t", "t", "t", "t", "t", "t", "t", "t", "t", "t", "t", "t", "t", "t", "t", "t", "t", "t", "t", "t"]}