{"initial_reset_timestamp": 1552544349.060327, "timestamps": [1552545037.3163302], "episode_lengths": [1000], "episode_rewards": [4671.06621674786], "episode_types": ["t"]}