{"initial_reset_timestamp": 1552538746.310356, "timestamps": [1552538915.364689], "episode_lengths": [1000], "episode_rewards": [4352.306837098557], "episode_types": ["t"]}