{"initial_reset_timestamp": 1552585073.133495, "timestamps": [1552585686.4314842], "episode_lengths": [1000], "episode_rewards": [4521.547475934499], "episode_types": ["t"]}