{"initial_reset_timestamp": 1554434737.8539827, "timestamps": [1554435463.1687288], "episode_lengths": [1000], "episode_rewards": [-401.20201139678335], "episode_types": ["t"]}