{"initial_reset_timestamp": 1552514440.6236997, "timestamps": [1552515134.1684282], "episode_lengths": [1000], "episode_rewards": [4583.747025318093], "episode_types": ["t"]}