{"initial_reset_timestamp": 1552609585.8560264, "timestamps": [1552610194.7508955], "episode_lengths": [1000], "episode_rewards": [4669.694412455709], "episode_types": ["t"]}