{"initial_reset_timestamp": 1555722782.856715, "timestamps": [1555723021.6713922], "episode_lengths": [1000], "episode_rewards": [4622.866307708563], "episode_types": ["t"]}