{"initial_reset_timestamp": 1552405020.8462675, "timestamps": [1552405650.635844], "episode_lengths": [1000], "episode_rewards": [4461.953442095843], "episode_types": ["t"]}