{"initial_reset_timestamp": 1552359741.1456928, "timestamps": [1552360342.9522204], "episode_lengths": [1000], "episode_rewards": [4873.116002271238], "episode_types": ["t"]}