{"initial_reset_timestamp": 1555775670.2250028, "timestamps": [1555776512.2263014], "episode_lengths": [1000], "episode_rewards": [4774.57468189601], "episode_types": ["t"]}