{"initial_reset_timestamp": 1552452811.6519263, "timestamps": [1552452972.37604], "episode_lengths": [1000], "episode_rewards": [4564.985025457613], "episode_types": ["t"]}