{"initial_reset_timestamp": 1552477301.2739058, "timestamps": [1552477946.099612], "episode_lengths": [1000], "episode_rewards": [4675.58173913903], "episode_types": ["t"]}