{"initial_reset_timestamp": 1552434437.6136677, "timestamps": [1552435217.0163882], "episode_lengths": [1000], "episode_rewards": [4744.798053477851], "episode_types": ["t"]}