{"initial_reset_timestamp": 1552276509.9289389, "timestamps": [1552277105.03501, 1552277779.4979055, 1552278257.512689, 1552278697.4576979, 1552279139.8543808, 1552279579.4162922, 1552280019.07774, 1552280459.2599607, 1552281052.2422261, 1552281492.4985926], "episode_lengths": [1000, 1000, 1000, 1000, 1000, 1000, 1000, 1000, 1000, 1000], "episode_rewards": [4788.366570810694, 4776.3694541816785, 4744.534276981111, 4753.815873129149, 4763.796937543771, 4752.761538086461, 4764.365277169162, 4769.064509788539, 4741.069440091541, 4800.991194033922], "episode_types": ["t", "t", "t", "t", "t", "t", "t", "t", "t", "t", "t"]}