{"initial_reset_timestamp": 1552251997.917478, "timestamps": [1552252596.474499, 1552253200.32835, 1552253653.129589, 1552254099.2593935, 1552254546.9156103, 1552254995.7801862, 1552255442.8848443, 1552255889.2139115, 1552256496.4349134, 1552256941.599619, 1552257392.1386175, 1552257836.9261289, 1552258280.862098, 1552258725.9472136, 1552259206.2440712, 1552259710.3616605, 1552260177.0945656, 1552260619.3144124, 1552261118.4997256, 1552261624.9214854], "episode_lengths": [1000, 1000, 1000, 1000, 1000, 1000, 1000, 1000, 1000, 1000, 1000, 1000, 1000, 1000, 1000, 1000, 1000, 1000, 1000, 1000], "episode_rewards": [4746.009212912788, 4760.628310624719, 4800.677571716375, 4728.236277096811, 4763.568427818392, 4752.806855908915, 4777.79887635611, 4799.291517874493, 4842.113429112379, 4766.672446405977, 4742.10778462851, 4816.287737738773, 4782.377107965844, 4812.780891013418, 4705.9231092209275, 4776.3948180909465, 4799.025488809857, 4808.821372408536, 4756.501359145928, 4749.649443962738], "episode_types": ["t", "t", "t", "t", "t", "t", "t", "t", "t", "t", "t", "t", "t", "t", "t", "t", "t", "t", "t", "t", "t"]}