{"initial_reset_timestamp": 1552495932.82581, "timestamps": [1552496535.9503446, 1552497143.865654, 1552497594.5868633, 1552498039.5202346, 1552498487.9590688, 1552498936.7128544, 1552499380.7744193, 1552499822.2015436, 1552500427.7965672, 1552500902.4197083, 1552501408.9095142, 1552501912.4495382, 1552502383.6460726, 1552502835.9571629, 1552503291.2732208, 1552503742.1037455, 1552504191.0867014, 1552504668.8790705, 1552505175.9293962, 1552505680.1641219, 1552506153.0798948, 1552506688.2382793, 1552507238.4163995, 1552507722.9015388, 1552508164.5925038, 1552508609.6517167, 1552509050.4995406, 1552509713.6043854, 1552510215.7198606, 1552510660.9498658, 1552511107.629177, 1552511551.713585, 1552511996.765672, 1552512440.0538974, 1552512890.4510627, 1552513330.3040755, 1552513783.698429, 1552514236.58525, 1552514716.4480078, 1552515211.9133584, 1552515704.4967656, 1552516149.944618, 1552516650.2667701, 1552517138.204102, 1552517614.136056, 1552518047.9540215, 1552518485.7805676, 1552518920.2127705, 1552519355.3862119, 1552519792.647696], "episode_lengths": [1000, 1000, 1000, 1000, 1000, 1000, 1000, 1000, 1000, 1000, 1000, 1000, 1000, 1000, 1000, 1000, 1000, 1000, 1000, 1000, 1000, 1000, 1000, 1000, 1000, 1000, 1000, 1000, 1000, 1000, 1000, 1000, 1000, 1000, 1000, 1000, 1000, 1000, 1000, 1000, 1000, 1000, 1000, 1000, 1000, 1000, 1000, 1000, 1000, 1000], "episode_rewards": [4606.402343611357, 4510.137498810236, 4435.9649711220845, 4643.135370516905, 4674.70118085356, 4672.737269655733, 4671.2705351877685, 4662.7533709599375, 4659.083876558882, 4662.27650079071, 4584.002116673981, 4648.641736978216, 4650.834994478296, 4653.666716732179, 4654.00334293765, 4654.961905637739, 4654.4555689905, 4654.705734594741, 4654.296038862815, 4656.065888146523, 4656.886033586176, 4657.5385927318885, 4656.346378812969, 4655.9365560709975, 4654.525195711326, 4652.478126803568, 4655.605528380934, 4652.344896123377, 4657.5452586413485, 4651.5233404421215, 4651.978586809835, 4632.352578223247, 4729.01198358411, 4693.4186659850075, 4696.446205259903, 4696.276619594227, 4695.665382227694, 4696.268789547921, 4694.570282572241, 4695.5417806689375, 4694.833576215363, 4695.038575917939, 4680.839948578072, 4673.737701353455, 4685.96381345619, 4689.421688298847, 4689.843203445596, 4691.460056324316, 4690.926410055536, 4691.2458017035515], "episode_types": ["t", "t", "t", "t", "t", "t", "t", "t", "t", "t", "t", "t", "t", "t", "t", "t", "t", "t", "t", "t", "t", "t", "t", "t", "t", "t", "t", "t", "t", "t", "t", "t", "t", "t", "t", "t", "t", "t", "t", "t", "t", "t", "t", "t", "t", "t", "t", "t", "t", "t", "t"]}