{"initial_reset_timestamp": 1552492100.9781487, "timestamps": [1552492766.181257], "episode_lengths": [1000], "episode_rewards": [4536.294423029346], "episode_types": ["t"]}