{"initial_reset_timestamp": 1552424881.4348452, "timestamps": [1552425505.3890505], "episode_lengths": [1000], "episode_rewards": [4827.706453868899], "episode_types": ["t"]}