{"initial_reset_timestamp": 1552503147.7037144, "timestamps": [1552503314.7753363], "episode_lengths": [1000], "episode_rewards": [4582.443301165193], "episode_types": ["t"]}