{"initial_reset_timestamp": 1555839110.7255208, "timestamps": [1555839778.7782423], "episode_lengths": [1000], "episode_rewards": [4518.234315304228], "episode_types": ["t"]}