{"initial_reset_timestamp": 1552413770.7656345, "timestamps": [1552414397.697794], "episode_lengths": [1000], "episode_rewards": [4464.13673095898], "episode_types": ["t"]}