{"initial_reset_timestamp": 1552473458.337265, "timestamps": [1552474142.3910196], "episode_lengths": [1000], "episode_rewards": [4641.132465217931], "episode_types": ["t"]}