{"initial_reset_timestamp": 1552415267.8692632, "timestamps": [1552415879.04947, 1552416490.7307336, 1552416992.587187, 1552417491.253141, 1552417948.2645144, 1552418394.6963644, 1552418877.2966325, 1552419385.3562818, 1552420053.2542634, 1552420502.0851583, 1552420984.039237, 1552421493.366979, 1552422001.6042457, 1552422456.8391984, 1552422907.2529724, 1552423420.957957, 1552423931.102798, 1552424421.3603947, 1552424866.3530176, 1552425318.0199947, 1552425769.0711858, 1552426218.0135593, 1552426699.1297762, 1552427206.8478494, 1552427686.1710272, 1552428139.7174432, 1552428593.913032, 1552429207.000345, 1552429666.0443635, 1552430125.5249155, 1552430582.4141905, 1552431038.049019, 1552431492.4146414, 1552431963.3418381, 1552432482.163643, 1552433002.150131, 1552433469.253092, 1552433908.8247993, 1552434337.2067564, 1552434825.9433703, 1552435340.3143888, 1552435849.7409215, 1552436277.366219, 1552436724.736557, 1552437188.5823793, 1552437612.6230547, 1552438078.2336116, 1552438578.2352533, 1552439070.380711, 1552439519.816874], "episode_lengths": [1000, 1000, 1000, 1000, 1000, 1000, 1000, 1000, 1000, 1000, 1000, 1000, 1000, 1000, 1000, 1000, 1000, 1000, 1000, 1000, 1000, 1000, 1000, 1000, 1000, 1000, 1000, 1000, 1000, 1000, 1000, 1000, 1000, 1000, 1000, 1000, 1000, 1000, 1000, 1000, 1000, 1000, 1000, 1000, 1000, 1000, 1000, 1000, 1000, 1000], "episode_rewards": [4649.01526177285, 4804.275619707647, 4743.085011907928, 4809.585782587831, 4783.2640724052235, 4879.8465506914035, 4693.8758034595885, 4824.129959487256, 4884.2654338485445, 4748.275326093179, 4754.677720045477, 4767.656553496397, 4852.773039447653, 4802.309577090293, 4700.6262961600205, 4910.052658555963, 4781.494401065221, 4808.895767209606, 4710.927220858471, 4828.733104621051, 4800.055726997745, 4814.397126961007, 4766.633688580307, 4704.640943447266, 4824.065847251219, 4755.933804022799, 4807.713681329935, 4720.926508371949, 4820.982766514132, 4801.185227914171, 4780.40826423612, 4711.026893442048, 4890.025279707691, 4689.023386093254, 4844.8444548930365, 4801.908479247383, 4794.684074999985, 4725.498514268631, 4796.828942896442, 4807.046900875868, 4686.586494616721, 4801.425016133329, 4901.159268509229, 4805.785256108727, 4726.0700234031765, 4854.138473630062, 4808.275816386655, 4756.547490998063, 4778.760812674065, 4896.937365989756], "episode_types": ["t", "t", "t", "t", "t", "t", "t", "t", "t", "t", "t", "t", "t", "t", "t", "t", "t", "t", "t", "t", "t", "t", "t", "t", "t", "t", "t", "t", "t", "t", "t", "t", "t", "t", "t", "t", "t", "t", "t", "t", "t", "t", "t", "t", "t", "t", "t", "t", "t", "t", "t"]}