{"initial_reset_timestamp": 1555763177.05713, "timestamps": [1555763676.122506], "episode_lengths": [1000], "episode_rewards": [1005.3870863865707], "episode_types": ["t"]}