{"initial_reset_timestamp": 1552509266.8806815, "timestamps": [1552509474.9703443], "episode_lengths": [1000], "episode_rewards": [4445.5285514117295], "episode_types": ["t"]}