{"initial_reset_timestamp": 1552372696.887042, "timestamps": [1552373306.841689], "episode_lengths": [1000], "episode_rewards": [4423.136247173133], "episode_types": ["t"]}