{"initial_reset_timestamp": 1552520897.1443672, "timestamps": [1552521062.3702724], "episode_lengths": [1000], "episode_rewards": [4381.485963616869], "episode_types": ["t"]}