{"initial_reset_timestamp": 1555763979.481359, "timestamps": [1555764118.2593045], "episode_lengths": [1000], "episode_rewards": [684.3344479115734], "episode_types": ["t"]}