{"initial_reset_timestamp": 1555628828.1428156, "timestamps": [1555629380.8739927], "episode_lengths": [1000], "episode_rewards": [915.243017037952], "episode_types": ["t"]}