{"initial_reset_timestamp": 1552392054.8051867, "timestamps": [1552392664.0450287], "episode_lengths": [1000], "episode_rewards": [4794.816984163716], "episode_types": ["t"]}