{"initial_reset_timestamp": 1552501069.4580135, "timestamps": [1552501253.0065472], "episode_lengths": [1000], "episode_rewards": [4397.632586758137], "episode_types": ["t"]}