{"initial_reset_timestamp": 1552448505.5542257, "timestamps": [1552449157.6413255], "episode_lengths": [1000], "episode_rewards": [4842.5726713620925], "episode_types": ["t"]}