{"initial_reset_timestamp": 1552504054.0966303, "timestamps": [1552504763.7011778], "episode_lengths": [1000], "episode_rewards": [4813.01932599164], "episode_types": ["t"]}