{"initial_reset_timestamp": 1552442858.1074154, "timestamps": [1552443479.8666635], "episode_lengths": [1000], "episode_rewards": [4725.860955031072], "episode_types": ["t"]}