{"initial_reset_timestamp": 1552407418.475168, "timestamps": [1552408032.5618017], "episode_lengths": [1000], "episode_rewards": [4803.451621494449], "episode_types": ["t"]}