{"initial_reset_timestamp": 1552491417.8174548, "timestamps": [1552492042.8637118], "episode_lengths": [1000], "episode_rewards": [4783.366619184969], "episode_types": ["t"]}