{"initial_reset_timestamp": 1552419467.1524773, "timestamps": [1552419646.7589874], "episode_lengths": [1000], "episode_rewards": [4629.381186301143], "episode_types": ["t"]}