{"initial_reset_timestamp": 1555782843.6964905, "timestamps": [1555783037.4213853], "episode_lengths": [1000], "episode_rewards": [4453.6953120025155], "episode_types": ["t"]}