{"initial_reset_timestamp": 1555715901.340981, "timestamps": [1555716474.7518904], "episode_lengths": [1000], "episode_rewards": [950.377246032796], "episode_types": ["t"]}