{"initial_reset_timestamp": 1552580135.0288134, "timestamps": [1552580745.6013987], "episode_lengths": [1000], "episode_rewards": [4801.655854450134], "episode_types": ["t"]}