{"initial_reset_timestamp": 1552598559.3598907, "timestamps": [1552599171.5137417], "episode_lengths": [1000], "episode_rewards": [4842.753933584666], "episode_types": ["t"]}