{"initial_reset_timestamp": 1552252729.7244463, "timestamps": [1552252884.9454002, 1552253043.0871124, 1552253044.5490882, 1552253046.1554174, 1552253047.6656232, 1552253049.008269, 1552253050.3171449, 1552253051.6948612, 1552253197.1090622, 1552253198.6994946], "episode_lengths": [1000, 1000, 1000, 1000, 1000, 1000, 1000, 1000, 1000, 1000], "episode_rewards": [4561.295762185807, 4644.392300925126, 4701.954581453474, 4618.60926817723, 4669.533579217345, 4754.131551298614, 4706.601567602173, 4661.76038450958, 4719.030514894981, 4734.117022955322], "episode_types": ["t", "t", "t", "t", "t", "t", "t", "t", "t", "t", "t"]}