{"initial_reset_timestamp": 1555747339.5618713, "timestamps": [1555747478.27569], "episode_lengths": [1000], "episode_rewards": [1042.2332890464943], "episode_types": ["t"]}