{"initial_reset_timestamp": 1552468529.5208619, "timestamps": [1552468696.293355], "episode_lengths": [1000], "episode_rewards": [4481.082086555031], "episode_types": ["t"]}