{"initial_reset_timestamp": 1555761570.7732477, "timestamps": [1555761800.0620234], "episode_lengths": [1000], "episode_rewards": [4457.652426376793], "episode_types": ["t"]}