{"initial_reset_timestamp": 1552465081.8991938, "timestamps": [1552465791.9929416], "episode_lengths": [1000], "episode_rewards": [4381.656273462716], "episode_types": ["t"]}