{"initial_reset_timestamp": 1552367784.4681697, "timestamps": [1552367967.5012417], "episode_lengths": [1000], "episode_rewards": [4760.977764371594], "episode_types": ["t"]}