{"initial_reset_timestamp": 1552532722.014017, "timestamps": [1552533428.752309], "episode_lengths": [1000], "episode_rewards": [4548.073217143], "episode_types": ["t"]}