{"initial_reset_timestamp": 1554393698.546806, "timestamps": [1554393892.338052], "episode_lengths": [1000], "episode_rewards": [-468.56588195728364], "episode_types": ["t", "t"]}