{"initial_reset_timestamp": 1552397755.8217306, "timestamps": [1552398377.1348658], "episode_lengths": [1000], "episode_rewards": [4508.356365870911], "episode_types": ["t"]}