{"initial_reset_timestamp": 1552439574.2191648, "timestamps": [1552440267.6789463], "episode_lengths": [1000], "episode_rewards": [4648.46286400828], "episode_types": ["t"]}