{"initial_reset_timestamp": 1552413828.0500746, "timestamps": [1552414472.35291], "episode_lengths": [1000], "episode_rewards": [4787.090593754068], "episode_types": ["t"]}