{"initial_reset_timestamp": 1555646763.2894497, "timestamps": [1555646909.2803884], "episode_lengths": [1000], "episode_rewards": [-3031.130578530967], "episode_types": ["t", "t"]}