{"initial_reset_timestamp": 1554404186.8324482, "timestamps": [1554404968.808539], "episode_lengths": [1000], "episode_rewards": [-290.8432355509447], "episode_types": ["t"]}