{"initial_reset_timestamp": 1555820113.8217332, "timestamps": [1555820284.8271966], "episode_lengths": [1000], "episode_rewards": [4335.614005695663], "episode_types": ["t"]}