{"initial_reset_timestamp": 1552418407.0871198, "timestamps": [1552419091.4209404], "episode_lengths": [1000], "episode_rewards": [4642.282239796846], "episode_types": ["t"]}