{"initial_reset_timestamp": 1555693306.0285125, "timestamps": [1555694242.5045967], "episode_lengths": [1000], "episode_rewards": [4888.263791310335], "episode_types": ["t"]}