{"initial_reset_timestamp": 1552364273.4816592, "timestamps": [1552364878.8712225], "episode_lengths": [1000], "episode_rewards": [4968.577430284594], "episode_types": ["t"]}