{"initial_reset_timestamp": 1554420486.7293239, "timestamps": [1554420642.6301777], "episode_lengths": [1000], "episode_rewards": [-844.1926199242166], "episode_types": ["t", "t"]}