{"initial_reset_timestamp": 1554447059.3006487, "timestamps": [1554447706.8588064], "episode_lengths": [1000], "episode_rewards": [-371.16675326047414], "episode_types": ["t"]}