{"initial_reset_timestamp": 1552730750.3408706, "timestamps": [1552731431.9526672, 1552732112.4438431, 1552732616.8911943, 1552733116.0791166, 1552733611.2701359, 1552734100.4452908, 1552734592.3213253, 1552735081.5020206, 1552735734.770167, 1552736221.2725492, 1552736707.8086517, 1552737191.8344626, 1552737676.5928998, 1552738161.3232546, 1552738649.211916, 1552739143.045361, 1552739633.992704, 1552740127.5747895, 1552740618.869972, 1552741111.7894437, 1552741598.3622944, 1552742080.111938, 1552742562.2903597, 1552743042.125898, 1552743523.2411206, 1552744003.6973715, 1552744538.0805867, 1552745272.9647558, 1552745757.8610678, 1552746241.2646463, 1552746725.3621705, 1552747208.2637997, 1552747692.6525202, 1552748175.9346445, 1552748659.4436758, 1552749142.2266915, 1552749624.3923671, 1552750108.946068, 1552750590.3422387, 1552751074.005846, 1552751557.7415497, 1552752040.8222492, 1552752523.470274, 1552753006.66868, 1552753490.7109842, 1552753971.0918095, 1552754454.6818671, 1552754936.9327292, 1552755421.523733, 1552755908.2493627], "episode_lengths": [1000, 1000, 1000, 1000, 1000, 1000, 1000, 1000, 1000, 1000, 1000, 1000, 1000, 1000, 1000, 1000, 1000, 1000, 1000, 1000, 1000, 1000, 1000, 1000, 1000, 1000, 1000, 1000, 1000, 1000, 1000, 1000, 1000, 1000, 1000, 1000, 1000, 1000, 1000, 1000, 1000, 1000, 1000, 1000, 1000, 1000, 1000, 1000, 1000, 1000], "episode_rewards": [4573.873880157251, 4597.99619091915, 4452.599459732006, 4496.44940581525, 4368.412328844589, 4496.489564631226, 4589.488896410872, 4499.001148329036, 4487.962950467471, 4391.524271913918, 4622.6426914513395, 4536.165547707198, 4600.158555152036, 4600.1457040944515, 4600.1458203145285, 4600.0164678712545, 4600.144658955573, 4600.146255631555, 4600.147700656148, 4600.145562971741, 4600.53713379556, 4600.145888001352, 4600.153585108015, 4600.145614986798, 4600.165199991415, 4600.138084477536, 4600.15017890415, 4600.14672793518, 4600.005465746354, 4600.147682242217, 4600.145679099354, 4600.153563680986, 4600.146026153021, 4600.164446926566, 4600.148280640778, 4600.145556535796, 4600.1455697556785, 4600.091405678068, 4600.067321416669, 4600.103973201643, 4600.153575793077, 4600.005629455553, 4600.145688072209, 4600.145873912351, 4600.146855726022, 4600.145633268202, 4600.146047915925, 4600.142995751655, 4600.31942129652, 4600.133122976934], "episode_types": ["t", "t", "t", "t", "t", "t", "t", "t", "t", "t", "t", "t", "t", "t", "t", "t", "t", "t", "t", "t", "t", "t", "t", "t", "t", "t", "t", "t", "t", "t", "t", "t", "t", "t", "t", "t", "t", "t", "t", "t", "t", "t", "t", "t", "t", "t", "t", "t", "t", "t", "t"]}