{"initial_reset_timestamp": 1552490268.040826, "timestamps": [1552490429.168471], "episode_lengths": [1000], "episode_rewards": [4532.524704339408], "episode_types": ["t"]}