{"initial_reset_timestamp": 1552385310.7697265, "timestamps": [1552385952.5032716], "episode_lengths": [1000], "episode_rewards": [4660.607294408575], "episode_types": ["t"]}