{"initial_reset_timestamp": 1552397086.443582, "timestamps": [1552397643.677369], "episode_lengths": [1000], "episode_rewards": [4534.6872276056665], "episode_types": ["t"]}