{"initial_reset_timestamp": 1555722223.7223783, "timestamps": [1555722391.919317], "episode_lengths": [1000], "episode_rewards": [1718.7576682898366], "episode_types": ["t"]}