{"initial_reset_timestamp": 1552269484.667944, "timestamps": [1552269640.5303388, 1552269797.0152178, 1552269798.6647398, 1552269800.0642622, 1552269801.3926725, 1552269802.6806283, 1552269803.9665866, 1552269805.2101817, 1552269960.426249, 1552269961.9105282], "episode_lengths": [1000, 1000, 1000, 1000, 1000, 1000, 1000, 1000, 1000, 1000], "episode_rewards": [4450.126405004649, 4640.144745184075, 4389.06129923039, 4665.226881896973, 4703.589823842511, 4462.081838219067, 4640.776676958262, 4612.49821273518, 4558.849457269722, 4500.538323535309], "episode_types": ["t", "t", "t", "t", "t", "t", "t", "t", "t", "t", "t"]}