{"initial_reset_timestamp": 1552524808.0176785, "timestamps": [1552524948.6199899], "episode_lengths": [1000], "episode_rewards": [4351.130354800616], "episode_types": ["t"]}