{"initial_reset_timestamp": 1552232852.4795787, "timestamps": [1552233449.8504934, 1552234050.5580542, 1552234497.3475664, 1552234942.4803772, 1552235386.9973526, 1552235830.48006, 1552236277.4341235, 1552236726.3598454, 1552237327.386305, 1552237771.1687317], "episode_lengths": [1000, 1000, 1000, 1000, 1000, 1000, 1000, 1000, 1000, 1000], "episode_rewards": [4955.937265327963, 4962.491782086418, 4962.4706664233745, 4962.557514400951, 4962.625090995186, 4962.670508210999, 4962.706357241009, 4962.730423473466, 4962.705533033964, 4962.678464630692], "episode_types": ["t", "t", "t", "t", "t", "t", "t", "t", "t", "t", "t"]}