{"initial_reset_timestamp": 1552362178.3580525, "timestamps": [1552362793.8089795], "episode_lengths": [1000], "episode_rewards": [4970.239284574261], "episode_types": ["t"]}