{"initial_reset_timestamp": 1552417122.6105287, "timestamps": [1552417787.8591623], "episode_lengths": [1000], "episode_rewards": [4642.022899210262], "episode_types": ["t"]}