{"initial_reset_timestamp": 1552534135.2142773, "timestamps": [1552534818.00583], "episode_lengths": [1000], "episode_rewards": [4483.754494908512], "episode_types": ["t"]}