{"initial_reset_timestamp": 1552463837.5160525, "timestamps": [1552463995.1648643, 1552464152.7387369, 1552464154.3329735, 1552464155.736858, 1552464157.241599, 1552464158.7804523, 1552464160.3190627, 1552464161.9556081, 1552464300.298437, 1552464301.9219177, 1552464303.3630946, 1552464304.6742637, 1552464305.9468923, 1552464307.284176, 1552464308.6316018, 1552464310.047417, 1552464311.3579974, 1552464312.624705, 1552464313.8924835, 1552464315.2120297, 1552464316.5190375, 1552464317.8961544, 1552464319.4011624, 1552464320.8777306, 1552464322.378981, 1552464323.9126265, 1552464325.4468386, 1552464458.2494564, 1552464459.8337653, 1552464461.2537434, 1552464462.632597, 1552464464.0602741, 1552464465.464903, 1552464466.8807583, 1552464468.1404333, 1552464469.4951649, 1552464470.8678794, 1552464472.2930572, 1552464473.5960467, 1552464474.9094512, 1552464476.241521, 1552464477.47735, 1552464478.7456613, 1552464480.198377, 1552464481.7110243, 1552464483.1974678, 1552464484.7950046, 1552464486.3945782, 1552464488.0269208, 1552464489.6408806], "episode_lengths": [1000, 1000, 1000, 1000, 1000, 1000, 1000, 1000, 1000, 1000, 1000, 1000, 1000, 1000, 1000, 1000, 1000, 1000, 1000, 1000, 1000, 1000, 1000, 1000, 1000, 1000, 1000, 1000, 1000, 1000, 1000, 1000, 1000, 1000, 1000, 1000, 1000, 1000, 1000, 1000, 1000, 1000, 1000, 1000, 1000, 1000, 1000, 1000, 1000, 1000], "episode_rewards": [4521.717304696215, 4625.900664206185, 4605.861914334143, 4607.32569586309, 4668.568988166415, 4672.826711618275, 4658.625783764731, 4595.467896727927, 4625.991874952196, 4619.3052362721655, 4514.90874947955, 4462.390759945508, 4356.546494519805, 4282.463423429429, 4291.764197064328, 4408.896064962303, 4609.430858374314, 4581.555925438348, 4734.1152989184375, 4381.505263954568, 4374.972293085743, 4374.0423479880255, 4700.782247690984, 4767.247230880629, 4655.652532631534, 4275.053567243124, 4319.1480069508125, 4341.3662061666155, 4300.119405325645, 4414.818144574685, 4659.777112600906, 4632.47633674635, 4402.732824925796, 4306.443460334975, 4417.239341479269, 4336.839939100611, 4559.534182416649, 4482.044308521542, 4611.28210918466, 4535.297226043905, 4480.568327635884, 4291.166342476545, 4406.935710950693, 4267.666177054587, 4322.268308045852, 4613.0293781245555, 4678.881939940318, 4406.631774655925, 4326.909651091106, 4565.235409136614], "episode_types": ["t", "t", "t", "t", "t", "t", "t", "t", "t", "t", "t", "t", "t", "t", "t", "t", "t", "t", "t", "t", "t", "t", "t", "t", "t", "t", "t", "t", "t", "t", "t", "t", "t", "t", "t", "t", "t", "t", "t", "t", "t", "t", "t", "t", "t", "t", "t", "t", "t", "t", "t"]}