{"initial_reset_timestamp": 1555781791.3346562, "timestamps": [1555782841.5773885], "episode_lengths": [1000], "episode_rewards": [4395.542798693243], "episode_types": ["t"]}