{"initial_reset_timestamp": 1555738268.5132914, "timestamps": [1555739117.9954004], "episode_lengths": [1000], "episode_rewards": [4862.038584294966], "episode_types": ["t"]}