{"initial_reset_timestamp": 1552520062.998912, "timestamps": [1552520225.6805384], "episode_lengths": [1000], "episode_rewards": [4519.956416365464], "episode_types": ["t"]}