{"initial_reset_timestamp": 1552430882.3433385, "timestamps": [1552431047.5159512], "episode_lengths": [1000], "episode_rewards": [4618.429847037885], "episode_types": ["t"]}