{"initial_reset_timestamp": 1552448398.3589673, "timestamps": [1552449102.9328048, 1552449809.3911538, 1552450336.5688474, 1552450862.1307404, 1552451386.2159085, 1552451909.9536822, 1552452436.0125978, 1552452960.6808455, 1552453667.8014047, 1552454200.3912127, 1552454727.3444366, 1552455305.562684, 1552455908.7392366, 1552456482.178614, 1552457014.2015111, 1552457540.7148697, 1552458059.1024313, 1552458642.6556592, 1552459241.0853925, 1552459845.751501], "episode_lengths": [1000, 1000, 1000, 1000, 1000, 1000, 1000, 1000, 1000, 1000, 1000, 1000, 1000, 1000, 1000, 1000, 1000, 1000, 1000, 1000], "episode_rewards": [4726.4374806259275, 4795.69308980529, 4835.190667416344, 4786.202759384493, 4705.589168033293, 4901.3958578813335, 4791.650404647888, 4775.797134499416, 4818.093995220752, 4698.089211606551, 4825.313662866449, 4824.911458654518, 4737.154107317086, 4839.861921526925, 4815.931320977041, 4755.999072803471, 4695.937007296797, 4831.338429863303, 4871.682880696425, 4711.300473762594], "episode_types": ["t", "t", "t", "t", "t", "t", "t", "t", "t", "t", "t", "t", "t", "t", "t", "t", "t", "t", "t", "t", "t"]}