{"initial_reset_timestamp": 1552418469.891693, "timestamps": [1552418637.277274], "episode_lengths": [1000], "episode_rewards": [4629.476665304769], "episode_types": ["t"]}