{"initial_reset_timestamp": 1552553609.2518773, "timestamps": [1552554334.9552395, 1552555053.1913786, 1552555581.2836251, 1552556108.1453164, 1552556675.9305522, 1552557271.5634747, 1552557849.5208778, 1552558373.9387999, 1552559182.724679, 1552559763.96434, 1552560287.2401597, 1552560815.4394884, 1552561344.5536172, 1552561875.0901363, 1552562408.9710753, 1552562940.2484972, 1552563469.4082491, 1552563997.8056386, 1552564524.9778702, 1552565052.9354768], "episode_lengths": [1000, 1000, 1000, 1000, 1000, 1000, 1000, 1000, 1000, 1000, 1000, 1000, 1000, 1000, 1000, 1000, 1000, 1000, 1000, 1000], "episode_rewards": [4349.632010586703, 4543.872873790013, 4680.22475367276, 4687.23990510536, 4678.066499219796, 4678.386365312902, 4691.879595359332, 4695.530085459773, 4695.2266728344, 4696.028075541569, 4695.794586000985, 4696.139374528799, 4696.187486012432, 4696.209650765019, 4696.128722592918, 4696.369915696401, 4696.319475777952, 4696.215459940389, 4695.805686573865, 4695.998523511732], "episode_types": ["t", "t", "t", "t", "t", "t", "t", "t", "t", "t", "t", "t", "t", "t", "t", "t", "t", "t", "t", "t", "t"]}