{"initial_reset_timestamp": 1555838436.3043997, "timestamps": [1555839107.7707968], "episode_lengths": [1000], "episode_rewards": [4678.572092689334], "episode_types": ["t"]}