{"initial_reset_timestamp": 1552506243.9809735, "timestamps": [1552507054.4813232], "episode_lengths": [1000], "episode_rewards": [4610.090065805998], "episode_types": ["t"]}