{"initial_reset_timestamp": 1552414472.574358, "timestamps": [1552415177.1053412], "episode_lengths": [1000], "episode_rewards": [4783.472632096751], "episode_types": ["t"]}