{"initial_reset_timestamp": 1555715235.2571871, "timestamps": [1555716285.8106759], "episode_lengths": [1000], "episode_rewards": [4905.627436240636], "episode_types": ["t"]}