{"initial_reset_timestamp": 1552317669.7765868, "timestamps": [1552318327.7259886, 1552318988.6469405, 1552319478.0318315, 1552319962.7161067, 1552320447.7681963, 1552320932.3126988, 1552321418.6219447, 1552321902.3709438, 1552322558.4589498, 1552323046.7501602], "episode_lengths": [1000, 1000, 1000, 1000, 1000, 1000, 1000, 1000, 1000, 1000], "episode_rewards": [4709.108302313217, 4666.825524931563, 4675.743923345904, 4567.2583001505, 4374.621611659173, 4402.432192996425, 4486.13563868369, 4603.884793084054, 4603.864212829156, 4603.974120523828], "episode_types": ["t", "t", "t", "t", "t", "t", "t", "t", "t", "t", "t"]}