{"initial_reset_timestamp": 1552304008.3431888, "timestamps": [1552304694.3594453, 1552305388.3512688, 1552305899.479977, 1552306410.9689152, 1552306917.91414, 1552307433.312458, 1552307937.4571135, 1552308387.3767579, 1552308985.843613, 1552309426.2990155, 1552309871.5823696, 1552310315.7555413, 1552310757.1546338, 1552311199.125912, 1552311695.4181402, 1552312198.8045256, 1552312649.3746114, 1552313092.275098, 1552313540.274809, 1552313982.8059816], "episode_lengths": [1000, 1000, 1000, 1000, 1000, 1000, 1000, 1000, 1000, 1000, 1000, 1000, 1000, 1000, 1000, 1000, 1000, 1000, 1000, 1000], "episode_rewards": [4641.971767228871, 4800.350123122736, 4827.09747786861, 4764.305374995134, 4766.395875663896, 4889.823707120636, 4706.032739087435, 4866.345373840087, 4851.046195664559, 4762.809624167785, 4684.937199879119, 4834.010412314718, 4728.810444041228, 4835.040066339478, 4787.202065713791, 4780.128453117244, 4724.729852423777, 4748.143843359799, 4805.484912102178, 4758.265397470459], "episode_types": ["t", "t", "t", "t", "t", "t", "t", "t", "t", "t", "t", "t", "t", "t", "t", "t", "t", "t", "t", "t", "t"]}