{"initial_reset_timestamp": 1554423045.4191267, "timestamps": [1554423905.2921634], "episode_lengths": [1000], "episode_rewards": [-525.3429677985356], "episode_types": ["t"]}