{"initial_reset_timestamp": 1552537633.8514977, "timestamps": [1552538238.1561472], "episode_lengths": [1000], "episode_rewards": [4640.553091140043], "episode_types": ["t"]}