{"initial_reset_timestamp": 1555856623.952311, "timestamps": [1555857373.567869], "episode_lengths": [1000], "episode_rewards": [4639.749597265207], "episode_types": ["t"]}