{"initial_reset_timestamp": 1554449677.6210158, "timestamps": [1554450329.304815], "episode_lengths": [1000], "episode_rewards": [120.70647341823621], "episode_types": ["t"]}