{"initial_reset_timestamp": 1552350657.385749, "timestamps": [1552350827.410459, 1552350994.1690834, 1552350995.8024962, 1552350997.2518091, 1552350998.6341207, 1552351000.0309103, 1552351001.4961293, 1552351002.9644175, 1552351164.761152, 1552351166.4277112, 1552351167.9211564, 1552351169.2646446, 1552351170.6328611, 1552351172.0290654, 1552351173.4427712, 1552351174.830466, 1552351176.1568167, 1552351177.526955, 1552351178.856309, 1552351180.2317252], "episode_lengths": [1000, 1000, 1000, 1000, 1000, 1000, 1000, 1000, 1000, 1000, 1000, 1000, 1000, 1000, 1000, 1000, 1000, 1000, 1000, 1000], "episode_rewards": [4378.610724139346, 4478.614140703912, 4665.196385552129, 4674.368506738581, 4450.255321037805, 4406.763298198617, 4551.577981441024, 4564.317835391435, 4614.42169545414, 4648.781467436778, 4626.067966887916, 4437.142689378798, 4458.007833501343, 4485.989866544417, 4586.39909022596, 4576.126712622565, 4544.08753423928, 4555.053771753699, 4436.529192917098, 4448.580749436004], "episode_types": ["t", "t", "t", "t", "t", "t", "t", "t", "t", "t", "t", "t", "t", "t", "t", "t", "t", "t", "t", "t", "t"]}