{"initial_reset_timestamp": 1555670924.9526103, "timestamps": [1555671091.8876464], "episode_lengths": [1000], "episode_rewards": [-3011.3586167779704], "episode_types": ["t", "t"]}