{"initial_reset_timestamp": 1552448926.5927792, "timestamps": [1552449537.6969159], "episode_lengths": [1000], "episode_rewards": [4463.681458891756], "episode_types": ["t"]}