{"initial_reset_timestamp": 1552508761.3910944, "timestamps": [1552509395.7608624], "episode_lengths": [1000], "episode_rewards": [4825.565093304722], "episode_types": ["t"]}