{"initial_reset_timestamp": 1552520225.9001012, "timestamps": [1552520393.2374492], "episode_lengths": [1000], "episode_rewards": [4633.463117960086], "episode_types": ["t"]}