{"initial_reset_timestamp": 1554458362.5710268, "timestamps": [1554458892.1694162], "episode_lengths": [1000], "episode_rewards": [-295.8499353525162], "episode_types": ["t"]}