{"initial_reset_timestamp": 1552496340.7803965, "timestamps": [1552496961.5230362], "episode_lengths": [1000], "episode_rewards": [4789.711542247583], "episode_types": ["t"]}