{"initial_reset_timestamp": 1552602411.9416325, "timestamps": [1552603043.477571], "episode_lengths": [1000], "episode_rewards": [4647.376349311324], "episode_types": ["t"]}