{"initial_reset_timestamp": 1552443250.612356, "timestamps": [1552443420.7263305], "episode_lengths": [1000], "episode_rewards": [4548.771700863796], "episode_types": ["t"]}