{"initial_reset_timestamp": 1555801339.3082647, "timestamps": [1555802330.1602275], "episode_lengths": [1000], "episode_rewards": [4383.925900427254], "episode_types": ["t"]}