{"initial_reset_timestamp": 1552409947.5245814, "timestamps": [1552410122.4458022, 1552410290.3627813, 1552410292.2453694, 1552410293.892494, 1552410295.6096218, 1552410297.2590282, 1552410298.841866, 1552410300.298762, 1552410446.6750584, 1552410448.372207, 1552410449.8232992, 1552410451.3332734, 1552410452.9268503, 1552410454.7283773, 1552410456.3332453, 1552410457.9608552, 1552410459.543204, 1552410461.1155412, 1552410462.7229662, 1552410464.2164912], "episode_lengths": [1000, 1000, 1000, 1000, 1000, 1000, 1000, 1000, 1000, 1000, 1000, 1000, 1000, 1000, 1000, 1000, 1000, 1000, 1000, 1000], "episode_rewards": [4277.612581261122, 4557.939229135271, 4613.034280470144, 4370.57789976666, 4469.741397119067, 4498.857955759399, 4473.912464039383, 4375.313880478908, 4489.742762396644, 4664.343099165742, 4426.848288394766, 4547.715197887213, 4408.443235819098, 4616.8375681460375, 4376.183402838556, 4659.047574717107, 4607.064427009724, 4653.7815866312585, 4661.932794646742, 4605.415006276571], "episode_types": ["t", "t", "t", "t", "t", "t", "t", "t", "t", "t", "t", "t", "t", "t", "t", "t", "t", "t", "t", "t", "t"]}