{"initial_reset_timestamp": 1552422041.592108, "timestamps": [1552422695.0647576], "episode_lengths": [1000], "episode_rewards": [4742.955980015897], "episode_types": ["t"]}