{"initial_reset_timestamp": 1552454527.3339758, "timestamps": [1552454690.4189036], "episode_lengths": [1000], "episode_rewards": [4671.7324622484975], "episode_types": ["t"]}