{"initial_reset_timestamp": 1555838881.5250928, "timestamps": [1555839612.3871202], "episode_lengths": [1000], "episode_rewards": [4554.966292353011], "episode_types": ["t"]}