{"initial_reset_timestamp": 1552429672.9356227, "timestamps": [1552430295.5603173], "episode_lengths": [1000], "episode_rewards": [4415.9373623430365], "episode_types": ["t"]}