{"initial_reset_timestamp": 1552572399.171174, "timestamps": [1552572588.1748767], "episode_lengths": [1000], "episode_rewards": [4355.218653115498], "episode_types": ["t"]}