{"initial_reset_timestamp": 1552374146.909671, "timestamps": [1552374306.104637], "episode_lengths": [1000], "episode_rewards": [4689.40719347325], "episode_types": ["t"]}