{"initial_reset_timestamp": 1552437757.1941848, "timestamps": [1552438495.1581895], "episode_lengths": [1000], "episode_rewards": [4794.131805427754], "episode_types": ["t"]}