{"initial_reset_timestamp": 1552440269.2373743, "timestamps": [1552440443.5006657], "episode_lengths": [1000], "episode_rewards": [4388.203693965634], "episode_types": ["t"]}