{"initial_reset_timestamp": 1555628202.9056282, "timestamps": [1555628827.5792482], "episode_lengths": [1000], "episode_rewards": [-324.27911933973263], "episode_types": ["t"]}