{"initial_reset_timestamp": 1552453132.2059639, "timestamps": [1552453295.19577], "episode_lengths": [1000], "episode_rewards": [4523.79726974141], "episode_types": ["t"]}