{"initial_reset_timestamp": 1555783037.6754978, "timestamps": [1555783305.7663012], "episode_lengths": [1000], "episode_rewards": [4430.573096954142], "episode_types": ["t"]}