{"initial_reset_timestamp": 1552247841.8386922, "timestamps": [1552248437.8831203, 1552249031.0334165, 1552249464.7088532, 1552249893.7282743, 1552250322.9570684, 1552250751.8235247, 1552251198.4300616, 1552251684.3472822, 1552252300.2732332, 1552252729.3113627], "episode_lengths": [1000, 1000, 1000, 1000, 1000, 1000, 1000, 1000, 1000, 1000], "episode_rewards": [4381.057152369487, 4565.950065805476, 4542.937815883425, 4609.92392120924, 4631.022792377519, 4631.0364030482115, 4631.090711205203, 4631.044134215484, 4631.045172746259, 4631.056388081579], "episode_types": ["t", "t", "t", "t", "t", "t", "t", "t", "t", "t", "t"]}