{"initial_reset_timestamp": 1555768846.8691847, "timestamps": [1555769678.5270848], "episode_lengths": [1000], "episode_rewards": [4597.546397812945], "episode_types": ["t"]}