{"initial_reset_timestamp": 1552509676.2377589, "timestamps": [1552509873.8241067], "episode_lengths": [1000], "episode_rewards": [4478.454892186842], "episode_types": ["t"]}