{"initial_reset_timestamp": 1554459415.4479194, "timestamps": [1554459535.7476134], "episode_lengths": [1000], "episode_rewards": [-609.2789724382108], "episode_types": ["t", "t"]}