{"initial_reset_timestamp": 1552510711.727197, "timestamps": [1552511328.5008583], "episode_lengths": [1000], "episode_rewards": [4782.325573532748], "episode_types": ["t"]}