{"initial_reset_timestamp": 1552374475.337284, "timestamps": [1552375092.2196531], "episode_lengths": [1000], "episode_rewards": [4776.429816590354], "episode_types": ["t"]}