{"initial_reset_timestamp": 1552534197.5396285, "timestamps": [1552534377.188034, 1552534544.628783, 1552534546.3779988, 1552534547.8535306, 1552534549.293811, 1552534550.7889965, 1552534552.3047352, 1552534553.8419535, 1552534730.1215398, 1552534732.135707, 1552534733.85061, 1552534735.3494384, 1552534736.815389, 1552534738.2291968, 1552534739.7292655, 1552534741.236869, 1552534742.6941173, 1552534744.1538718, 1552534745.6101253, 1552534747.0798295], "episode_lengths": [1000, 1000, 1000, 1000, 1000, 1000, 1000, 1000, 1000, 1000, 1000, 1000, 1000, 1000, 1000, 1000, 1000, 1000, 1000, 1000], "episode_rewards": [4367.2343881874585, 4574.713988443485, 4629.671323357318, 4549.132535027759, 4438.653357094884, 4496.751006156758, 4695.351688957758, 4371.576729146685, 4662.1404523900355, 4545.738354114003, 4634.371084671438, 4452.472916400256, 4554.131656202034, 4524.191129178053, 4546.663505985172, 4568.897991360805, 4459.289754202851, 4549.489924083432, 4617.349616038892, 4466.427424657939], "episode_types": ["t", "t", "t", "t", "t", "t", "t", "t", "t", "t", "t", "t", "t", "t", "t", "t", "t", "t", "t", "t", "t"]}