{"initial_reset_timestamp": 1552368484.6567504, "timestamps": [1552368641.0810735], "episode_lengths": [1000], "episode_rewards": [4755.719284683155], "episode_types": ["t"]}