{"initial_reset_timestamp": 1552538255.746735, "timestamps": [1552538408.7273774], "episode_lengths": [1000], "episode_rewards": [4668.632074865653], "episode_types": ["t"]}