{"initial_reset_timestamp": 1552559660.9088864, "timestamps": [1552560268.5807428], "episode_lengths": [1000], "episode_rewards": [4694.977888083843], "episode_types": ["t"]}