{"initial_reset_timestamp": 1552416432.3461185, "timestamps": [1552417122.3591275], "episode_lengths": [1000], "episode_rewards": [4642.281608194358], "episode_types": ["t"]}