{"initial_reset_timestamp": 1552396641.954252, "timestamps": [1552396800.6618235], "episode_lengths": [1000], "episode_rewards": [4523.55571114295], "episode_types": ["t"]}