{"initial_reset_timestamp": 1552463497.40509, "timestamps": [1552464131.2978034], "episode_lengths": [1000], "episode_rewards": [4619.4446986114845], "episode_types": ["t"]}