{"initial_reset_timestamp": 1552482174.5151496, "timestamps": [1552482374.7573743], "episode_lengths": [1000], "episode_rewards": [4425.625240961519], "episode_types": ["t"]}