{"initial_reset_timestamp": 1555636774.8160489, "timestamps": [1555636948.8383126], "episode_lengths": [1000], "episode_rewards": [-2557.3425354184296], "episode_types": ["t", "t"]}