{"initial_reset_timestamp": 1552374464.5801075, "timestamps": [1552374621.3133864], "episode_lengths": [1000], "episode_rewards": [4624.220571319725], "episode_types": ["t"]}