{"initial_reset_timestamp": 1552440619.322818, "timestamps": [1552440794.3488472], "episode_lengths": [1000], "episode_rewards": [4515.611832064838], "episode_types": ["t"]}