{"initial_reset_timestamp": 1552354190.2431881, "timestamps": [1552354887.0230691, 1552355583.5432487, 1552356100.8962343, 1552356629.6472414, 1552357197.757839, 1552357803.1850572, 1552358348.5412407, 1552358958.730519, 1552359722.8794842, 1552360258.446979], "episode_lengths": [1000, 1000, 1000, 1000, 1000, 1000, 1000, 1000, 1000, 1000], "episode_rewards": [4410.51340014635, 4569.355693485859, 4611.5291120825, 4484.3071235572625, 4645.951221095172, 4646.649840860413, 4646.327175944947, 4646.3449850408, 4646.5463332072, 4646.495123782619], "episode_types": ["t", "t", "t", "t", "t", "t", "t", "t", "t", "t", "t"]}