{"initial_reset_timestamp": 1552403670.2332623, "timestamps": [1552404365.6055605], "episode_lengths": [1000], "episode_rewards": [4750.359863106802], "episode_types": ["t"]}