{"initial_reset_timestamp": 1552323047.222316, "timestamps": [1552323215.4871147, 1552323380.4406598, 1552323381.9753785, 1552323383.5178044, 1552323385.105292, 1552323386.7202806, 1552323388.3671637, 1552323390.0911565, 1552323550.7456381, 1552323552.6320949], "episode_lengths": [1000, 1000, 1000, 1000, 1000, 1000, 1000, 1000, 1000, 1000], "episode_rewards": [4383.060711107155, 4436.072393434503, 4632.611970211053, 4530.822998902146, 4467.701019324167, 4465.491341380569, 4452.848156545388, 4356.197375015555, 4463.0203560692835, 4546.31814784649], "episode_types": ["t", "t", "t", "t", "t", "t", "t", "t", "t", "t", "t"]}