{"initial_reset_timestamp": 1552469999.513945, "timestamps": [1552470170.333093], "episode_lengths": [1000], "episode_rewards": [4449.817361089675], "episode_types": ["t"]}