{"initial_reset_timestamp": 1552672255.4823039, "timestamps": [1552672918.3632932, 1552673585.375515, 1552674083.2697334, 1552674580.8732715, 1552675077.0070155, 1552675573.3978965, 1552676069.8125598, 1552676567.3925173, 1552677237.9108245, 1552677736.5790133, 1552678229.230547, 1552678722.9573767, 1552679217.0254045, 1552679708.3140988, 1552680199.6827085, 1552680687.1844833, 1552681176.0823796, 1552681667.1393344, 1552682164.3402765, 1552682661.7793622, 1552683155.6271937, 1552683652.6367176, 1552684146.532883, 1552684643.494625, 1552685130.4450383, 1552685615.1634545, 1552686100.5826457, 1552686754.094367, 1552687240.8041513, 1552687757.915492, 1552688321.2644415, 1552688850.5886288, 1552689336.3081417, 1552689825.3892214, 1552690312.4170709, 1552690800.2420456, 1552691288.7751558, 1552691776.963499, 1552692265.089202, 1552692752.8695872, 1552693242.297443, 1552693730.9006944, 1552694219.0006473, 1552694706.6772451, 1552695196.043587, 1552695682.3899906, 1552696168.6253438, 1552696656.5032027, 1552697143.7195191, 1552697629.3732967], "episode_lengths": [1000, 1000, 1000, 1000, 1000, 1000, 1000, 1000, 1000, 1000, 1000, 1000, 1000, 1000, 1000, 1000, 1000, 1000, 1000, 1000, 1000, 1000, 1000, 1000, 1000, 1000, 1000, 1000, 1000, 1000, 1000, 1000, 1000, 1000, 1000, 1000, 1000, 1000, 1000, 1000, 1000, 1000, 1000, 1000, 1000, 1000, 1000, 1000, 1000, 1000], "episode_rewards": [4465.258009722764, 4605.133674687608, 4654.51185979488, 4639.892959673338, 4654.898767567018, 4633.016477711897, 4643.929223440103, 4567.549396664798, 4623.98484721908, 4644.8686197903035, 4565.662399700681, 4529.105623776998, 4588.780612800337, 4497.897583260358, 4540.210392517702, 4665.275442422049, 4686.713486467831, 4681.700339805777, 4683.656509870564, 4664.061648538762, 4590.556768216298, 4688.148669879252, 4689.257079907679, 4688.880841697512, 4689.856824573412, 4689.686796457207, 4689.454285555434, 4688.64540718277, 4689.2052715831605, 4688.618688915934, 4689.5985099716745, 4689.115533528335, 4689.769830019657, 4690.304970845325, 4690.100304583698, 4689.947217086276, 4687.049860645922, 4683.3647119722555, 4679.109259387609, 4678.68650332679, 4685.301727786036, 4686.302203387842, 4690.4295645934035, 4692.34846196219, 4691.159260416273, 4690.444987477936, 4692.6269909024895, 4696.761840864799, 4696.940595243843, 4696.848539936989], "episode_types": ["t", "t", "t", "t", "t", "t", "t", "t", "t", "t", "t", "t", "t", "t", "t", "t", "t", "t", "t", "t", "t", "t", "t", "t", "t", "t", "t", "t", "t", "t", "t", "t", "t", "t", "t", "t", "t", "t", "t", "t", "t", "t", "t", "t", "t", "t", "t", "t", "t", "t", "t"]}