{"initial_reset_timestamp": 1552429051.457543, "timestamps": [1552429672.7218764], "episode_lengths": [1000], "episode_rewards": [4408.853717804918], "episode_types": ["t"]}