{"initial_reset_timestamp": 1552610801.4715962, "timestamps": [1552611403.787578], "episode_lengths": [1000], "episode_rewards": [4720.60493335449], "episode_types": ["t"]}