{"initial_reset_timestamp": 1555875525.2039056, "timestamps": [1555875723.244337], "episode_lengths": [1000], "episode_rewards": [4533.41915416812], "episode_types": ["t"]}