{"initial_reset_timestamp": 1555795192.1989715, "timestamps": [1555796209.5035665], "episode_lengths": [1000], "episode_rewards": [4652.39286035667], "episode_types": ["t"]}