{"initial_reset_timestamp": 1552621709.0271056, "timestamps": [1552621874.711638], "episode_lengths": [1000], "episode_rewards": [4668.0132255519375], "episode_types": ["t"]}