{"initial_reset_timestamp": 1552536193.1746943, "timestamps": [1552536883.1569355], "episode_lengths": [1000], "episode_rewards": [4548.731256227709], "episode_types": ["t"]}