{"initial_reset_timestamp": 1554455202.4422677, "timestamps": [1554455324.3614047], "episode_lengths": [1000], "episode_rewards": [-629.5107843036428], "episode_types": ["t", "t"]}