{"initial_reset_timestamp": 1552383051.1379423, "timestamps": [1552383659.6593988], "episode_lengths": [1000], "episode_rewards": [4616.590684328445], "episode_types": ["t"]}