{"initial_reset_timestamp": 1552606754.8846793, "timestamps": [1552606890.8608005], "episode_lengths": [1000], "episode_rewards": [4516.0138581548035], "episode_types": ["t"]}