{"initial_reset_timestamp": 1555783341.580029, "timestamps": [1555784326.5499651], "episode_lengths": [1000], "episode_rewards": [4704.405266352096], "episode_types": ["t"]}