{"initial_reset_timestamp": 1552474732.2123094, "timestamps": [1552475383.731416], "episode_lengths": [1000], "episode_rewards": [4315.1862414221705], "episode_types": ["t"]}