{"initial_reset_timestamp": 1555692062.6166089, "timestamps": [1555692241.3346565], "episode_lengths": [1000], "episode_rewards": [173.2414465616289], "episode_types": ["t"]}