{"initial_reset_timestamp": 1555819876.711308, "timestamps": [1555820607.6839137], "episode_lengths": [1000], "episode_rewards": [4807.4244352020105], "episode_types": ["t"]}