{"initial_reset_timestamp": 1552431215.0825994, "timestamps": [1552431360.6166067], "episode_lengths": [1000], "episode_rewards": [4526.437562715665], "episode_types": ["t"]}