{"initial_reset_timestamp": 1552466780.5629754, "timestamps": [1552467520.9194696, 1552468261.4142902, 1552468809.0036745, 1552469346.677804, 1552469896.1690757, 1552470517.5246298, 1552471160.3306017, 1552471729.7438376, 1552472492.7751243, 1552473093.163309], "episode_lengths": [1000, 1000, 1000, 1000, 1000, 1000, 1000, 1000, 1000, 1000], "episode_rewards": [4714.680548903964, 4737.678814176977, 4886.464915329143, 4709.08629803372, 4814.845511749267, 4726.168874325702, 4754.645077394074, 4798.082238436737, 4836.460971287507, 4687.146394782593], "episode_types": ["t", "t", "t", "t", "t", "t", "t", "t", "t", "t", "t"]}