{"initial_reset_timestamp": 1552460218.8845694, "timestamps": [1552460931.0673246], "episode_lengths": [1000], "episode_rewards": [4822.551117351814], "episode_types": ["t"]}