{"initial_reset_timestamp": 1555766903.324922, "timestamps": [1555767065.2353904], "episode_lengths": [1000], "episode_rewards": [825.9871579167764], "episode_types": ["t"]}