{"initial_reset_timestamp": 1555805434.7790196, "timestamps": [1555805701.8405776], "episode_lengths": [1000], "episode_rewards": [4392.808426265832], "episode_types": ["t"]}