{"initial_reset_timestamp": 1552384171.5618114, "timestamps": [1552384330.364078], "episode_lengths": [1000], "episode_rewards": [4555.2715050187935], "episode_types": ["t"]}