{"initial_reset_timestamp": 1555657598.0694845, "timestamps": [1555658237.1613157], "episode_lengths": [1000], "episode_rewards": [-321.43712137593303], "episode_types": ["t"]}