{"initial_reset_timestamp": 1552507897.0003774, "timestamps": [1552508513.344291], "episode_lengths": [1000], "episode_rewards": [4671.0645087334315], "episode_types": ["t"]}