{"initial_reset_timestamp": 1552401982.0068507, "timestamps": [1552402136.2745538], "episode_lengths": [1000], "episode_rewards": [4495.490562770393], "episode_types": ["t"]}