{"initial_reset_timestamp": 1555793332.772252, "timestamps": [1555794267.5028305], "episode_lengths": [1000], "episode_rewards": [4478.335178909433], "episode_types": ["t"]}