{"initial_reset_timestamp": 1555653648.194824, "timestamps": [1555654250.617291], "episode_lengths": [1000], "episode_rewards": [-269.9156361306994], "episode_types": ["t"]}