{"initial_reset_timestamp": 1552605842.8166904, "timestamps": [1552606006.1611044], "episode_lengths": [1000], "episode_rewards": [4688.376470437254], "episode_types": ["t"]}