{"initial_reset_timestamp": 1555721218.2273314, "timestamps": [1555721836.547676], "episode_lengths": [1000], "episode_rewards": [1129.9202324308176], "episode_types": ["t"]}