{"initial_reset_timestamp": 1552423283.185471, "timestamps": [1552423984.010668], "episode_lengths": [1000], "episode_rewards": [4759.952151817647], "episode_types": ["t"]}