{"initial_reset_timestamp": 1552490097.6488569, "timestamps": [1552490267.826656], "episode_lengths": [1000], "episode_rewards": [4417.607448723701], "episode_types": ["t"]}