{"initial_reset_timestamp": 1555871893.439146, "timestamps": [1555872593.0655825], "episode_lengths": [1000], "episode_rewards": [4406.70348938477], "episode_types": ["t"]}