{"initial_reset_timestamp": 1552374839.3127294, "timestamps": [1552374996.8794441], "episode_lengths": [1000], "episode_rewards": [4645.014279523417], "episode_types": ["t"]}