{"initial_reset_timestamp": 1554449005.2975407, "timestamps": [1554449676.869869], "episode_lengths": [1000], "episode_rewards": [-201.7026684774277], "episode_types": ["t"]}