{"initial_reset_timestamp": 1552227915.6583378, "timestamps": [1552228525.133731, 1552229127.380014, 1552229572.4041646, 1552230026.2928853, 1552230478.0057518, 1552230925.1259775, 1552231370.4699461, 1552231816.244963, 1552232420.6721692, 1552232869.1938934, 1552233318.9543202, 1552233768.729024, 1552234221.7253976, 1552234667.4851685, 1552235113.5320382, 1552235554.0671308, 1552235999.192328, 1552236443.6846344, 1552236897.2455063, 1552237332.4432983], "episode_lengths": [1000, 1000, 1000, 1000, 1000, 1000, 1000, 1000, 1000, 1000, 1000, 1000, 1000, 1000, 1000, 1000, 1000, 1000, 1000, 1000], "episode_rewards": [4690.046610489871, 4811.894990971925, 4865.574813944609, 4692.702700483649, 4814.300251003372, 4702.065384325546, 4771.003344693307, 4794.652410938205, 4784.932681920166, 4853.528441964401, 4683.05539733121, 4792.444294188594, 4826.987812203701, 4803.817858834304, 4672.736579935146, 4801.51746681756, 4780.057958475572, 4875.779131565057, 4706.3824074525355, 4742.5904985241505], "episode_types": ["t", "t", "t", "t", "t", "t", "t", "t", "t", "t", "t", "t", "t", "t", "t", "t", "t", "t", "t", "t", "t"]}