{"initial_reset_timestamp": 1555886310.986928, "timestamps": [1555886485.1808045], "episode_lengths": [1000], "episode_rewards": [4435.282771301409], "episode_types": ["t"]}