{"initial_reset_timestamp": 1552415808.6796134, "timestamps": [1552416432.1321597], "episode_lengths": [1000], "episode_rewards": [4679.386986390823], "episode_types": ["t"]}