{"initial_reset_timestamp": 1554456265.4421659, "timestamps": [1554456795.7290444], "episode_lengths": [1000], "episode_rewards": [-287.22863686784996], "episode_types": ["t"]}