{"initial_reset_timestamp": 1552355554.0415452, "timestamps": [1552356152.5068738], "episode_lengths": [1000], "episode_rewards": [4769.663313139014], "episode_types": ["t"]}