{"initial_reset_timestamp": 1552468039.5332017, "timestamps": [1552468221.8518734], "episode_lengths": [1000], "episode_rewards": [4790.893958169368], "episode_types": ["t"]}