{"initial_reset_timestamp": 1555761024.3973956, "timestamps": [1555761854.9085183], "episode_lengths": [1000], "episode_rewards": [4166.811732675562], "episode_types": ["t"]}