{"initial_reset_timestamp": 1552564547.8642151, "timestamps": [1552565154.0723383], "episode_lengths": [1000], "episode_rewards": [4681.420794786385], "episode_types": ["t"]}