{"initial_reset_timestamp": 1555839781.5816712, "timestamps": [1555839954.3823073], "episode_lengths": [1000], "episode_rewards": [4376.783109472372], "episode_types": ["t"]}