{"initial_reset_timestamp": 1554423906.2490635, "timestamps": [1554424089.3662562], "episode_lengths": [1000], "episode_rewards": [-396.7393268918657], "episode_types": ["t", "t"]}