{"initial_reset_timestamp": 1552581423.4760797, "timestamps": [1552581597.9888246, 1552581773.4640353, 1552581775.050406, 1552581776.5353873, 1552581777.9228134, 1552581779.4004195, 1552581780.9144511, 1552581782.4680765, 1552581922.368087, 1552581924.1113813, 1552581925.606269, 1552581927.0193665, 1552581928.3860853, 1552581929.7693155, 1552581931.183583, 1552581932.553196, 1552581934.0683794, 1552581935.5186284, 1552581936.9165735, 1552581938.3396714, 1552581939.7271302, 1552581941.0442092, 1552581942.4012575, 1552581943.7839952, 1552581945.1143985, 1552581946.461131, 1552581947.8657312, 1552582085.801845, 1552582087.4125695, 1552582088.869052, 1552582090.282719, 1552582091.6803083, 1552582093.0016198, 1552582094.3722997, 1552582095.7328248, 1552582097.124679, 1552582098.526175, 1552582099.9264596, 1552582101.3712988, 1552582102.754139, 1552582104.1993234, 1552582105.6612122, 1552582107.0789127, 1552582108.4696352, 1552582109.8474562, 1552582111.2430887, 1552582112.6259098, 1552582113.9920375, 1552582115.4167151, 1552582116.8250287], "episode_lengths": [1000, 1000, 1000, 1000, 1000, 1000, 1000, 1000, 1000, 1000, 1000, 1000, 1000, 1000, 1000, 1000, 1000, 1000, 1000, 1000, 1000, 1000, 1000, 1000, 1000, 1000, 1000, 1000, 1000, 1000, 1000, 1000, 1000, 1000, 1000, 1000, 1000, 1000, 1000, 1000, 1000, 1000, 1000, 1000, 1000, 1000, 1000, 1000, 1000, 1000], "episode_rewards": [4424.459779426949, 4600.319659342577, 4753.986185146578, 4561.102153634418, 4660.392607787504, 4696.114123252742, 4558.694904986373, 4661.529735153065, 4608.706662738902, 4418.650333904646, 4660.963390310518, 4586.80653615316, 4493.139147337677, 4687.953818452519, 4653.2245271778065, 4577.871639646396, 4611.726558502442, 4627.077977362837, 4502.789694049044, 4693.204618768183, 4516.721520039515, 4569.144356644388, 4466.914614027694, 4480.420626943617, 4584.059944486853, 4562.461814968195, 4504.281090497368, 4603.82077300273, 4500.862550109252, 4522.003072843729, 4478.351463458669, 4615.5296999139955, 4599.625370823331, 4594.371886964395, 4472.764812980703, 4591.097574592555, 4619.172729268802, 4437.880387158507, 4501.792399440265, 4582.973929614293, 4583.689172881842, 4616.258213669294, 4534.635379685066, 4486.634398863623, 4503.084333666319, 4550.970411633215, 4441.829133894588, 4554.645299117033, 4498.224894278325, 4614.593866844799], "episode_types": ["t", "t", "t", "t", "t", "t", "t", "t", "t", "t", "t", "t", "t", "t", "t", "t", "t", "t", "t", "t", "t", "t", "t", "t", "t", "t", "t", "t", "t", "t", "t", "t", "t", "t", "t", "t", "t", "t", "t", "t", "t", "t", "t", "t", "t", "t", "t", "t", "t", "t", "t"]}