{"initial_reset_timestamp": 1552572719.8991876, "timestamps": [1552573443.862088, 1552574173.4505482, 1552574722.0141644, 1552575282.66316, 1552575888.1852794, 1552576497.1418219, 1552577026.5610065, 1552577555.646748, 1552578280.7630029, 1552578811.6334913, 1552579343.9659357, 1552579875.978205, 1552580404.629551, 1552580940.7327425, 1552581481.120558, 1552582016.7816556, 1552582553.6926227, 1552583094.5857596, 1552583634.1391692, 1552584176.4578578], "episode_lengths": [1000, 1000, 1000, 1000, 1000, 1000, 1000, 1000, 1000, 1000, 1000, 1000, 1000, 1000, 1000, 1000, 1000, 1000, 1000, 1000], "episode_rewards": [4747.302322944092, 4720.765909474277, 4885.455196312718, 4758.628426812901, 4792.025476271956, 4779.614881151194, 4735.547974229908, 4705.818126577331, 4863.241664848752, 4846.658399506902, 4704.206521050008, 4876.878988299987, 4713.961847669589, 4879.890778591457, 4792.839257929077, 4832.099938836037, 4761.107847552535, 4702.972955153213, 4803.449483384381, 4842.594352217032], "episode_types": ["t", "t", "t", "t", "t", "t", "t", "t", "t", "t", "t", "t", "t", "t", "t", "t", "t", "t", "t", "t", "t"]}