{"initial_reset_timestamp": 1555658237.9707844, "timestamps": [1555658885.3346984], "episode_lengths": [1000], "episode_rewards": [-2942.1891400462127], "episode_types": ["t"]}