{"initial_reset_timestamp": 1552475383.9386697, "timestamps": [1552476011.5361829], "episode_lengths": [1000], "episode_rewards": [4525.789589452953], "episode_types": ["t"]}