{"initial_reset_timestamp": 1552478653.8752124, "timestamps": [1552479393.713859, 1552480139.753767, 1552480691.0045295, 1552481246.461646, 1552481823.3091824, 1552482443.0077524, 1552483047.5169437, 1552483602.343657, 1552484345.8112843, 1552484902.8685043, 1552485452.364697, 1552486005.9850285, 1552486622.7831182, 1552487204.009596, 1552487819.3899317, 1552488432.3453543, 1552489007.9655352, 1552489623.2005763, 1552490230.8386624, 1552490773.6875196], "episode_lengths": [1000, 1000, 1000, 1000, 1000, 1000, 1000, 1000, 1000, 1000, 1000, 1000, 1000, 1000, 1000, 1000, 1000, 1000, 1000, 1000], "episode_rewards": [4716.231809855499, 4757.997632829342, 4825.6920280038985, 4865.452537981831, 4702.598942546171, 4833.14831825092, 4863.362926915105, 4682.925020933943, 4875.972441860055, 4744.750946001878, 4801.618445102068, 4728.925448712411, 4845.299424990126, 4831.05269583528, 4729.593238075379, 4876.633516080724, 4703.515221985834, 4823.991706309797, 4820.1490091613, 4792.751083896672], "episode_types": ["t", "t", "t", "t", "t", "t", "t", "t", "t", "t", "t", "t", "t", "t", "t", "t", "t", "t", "t", "t", "t"]}