{"initial_reset_timestamp": 1555754897.723524, "timestamps": [1555755688.8539705], "episode_lengths": [1000], "episode_rewards": [4673.589196944499], "episode_types": ["t"]}