{"initial_reset_timestamp": 1552419713.4696045, "timestamps": [1552419929.7750616, 1552420127.7497752, 1552420129.3857334, 1552420130.7898176, 1552420132.2767367, 1552420133.6993957, 1552420135.1176991, 1552420136.5857174, 1552420322.6199534, 1552420324.3293927], "episode_lengths": [1000, 1000, 1000, 1000, 1000, 1000, 1000, 1000, 1000, 1000], "episode_rewards": [4498.866477679139, 4480.205187604973, 4483.292757911017, 4604.669428524695, 4531.391860506889, 4532.941363440661, 4616.224415702625, 4498.757060919406, 4377.479287094843, 4562.7377749409015], "episode_types": ["t", "t", "t", "t", "t", "t", "t", "t", "t", "t", "t"]}