{"initial_reset_timestamp": 1552451113.2383144, "timestamps": [1552451772.5605583], "episode_lengths": [1000], "episode_rewards": [4469.66378486633], "episode_types": ["t"]}