{"initial_reset_timestamp": 1555744238.920079, "timestamps": [1555744368.4543777], "episode_lengths": [1000], "episode_rewards": [757.9657641264298], "episode_types": ["t"]}