{"initial_reset_timestamp": 1554392912.6485512, "timestamps": [1554393697.6941192], "episode_lengths": [1000], "episode_rewards": [-616.3350967621396], "episode_types": ["t"]}