{"initial_reset_timestamp": 1555709414.9997892, "timestamps": [1555710036.590379], "episode_lengths": [1000], "episode_rewards": [1180.4210182342647], "episode_types": ["t"]}