{"initial_reset_timestamp": 1555768947.294328, "timestamps": [1555769466.764028], "episode_lengths": [1000], "episode_rewards": [1070.1465586645008], "episode_types": ["t"]}