{"initial_reset_timestamp": 1555825239.9035993, "timestamps": [1555825413.4888394], "episode_lengths": [1000], "episode_rewards": [4436.449460530296], "episode_types": ["t"]}