{"initial_reset_timestamp": 1552617468.492162, "timestamps": [1552618053.164215], "episode_lengths": [1000], "episode_rewards": [4562.6866812433545], "episode_types": ["t"]}