{"initial_reset_timestamp": 1552558359.6568007, "timestamps": [1552559137.1338995], "episode_lengths": [1000], "episode_rewards": [4722.944206087094], "episode_types": ["t"]}