{"initial_reset_timestamp": 1554438564.229086, "timestamps": [1554439287.0092242], "episode_lengths": [1000], "episode_rewards": [-489.6188417657111], "episode_types": ["t"]}