{"initial_reset_timestamp": 1552517193.8372202, "timestamps": [1552517879.0570183], "episode_lengths": [1000], "episode_rewards": [4839.629790079563], "episode_types": ["t"]}