{"initial_reset_timestamp": 1555803102.3807614, "timestamps": [1555803350.220881], "episode_lengths": [1000], "episode_rewards": [4467.72940601268], "episode_types": ["t"]}