{"initial_reset_timestamp": 1552371477.8043964, "timestamps": [1552372085.8345065], "episode_lengths": [1000], "episode_rewards": [4384.089635303906], "episode_types": ["t"]}