{"initial_reset_timestamp": 1552359259.37784, "timestamps": [1552359866.7265973, 1552360477.02593, 1552360925.881176, 1552361374.3484693, 1552361823.2426684, 1552362276.5424185, 1552362729.8759537, 1552363183.9176939, 1552363799.584527, 1552364253.8990939, 1552364700.430308, 1552365149.1004195, 1552365597.7924564, 1552366047.8768094, 1552366553.9302506, 1552367105.3754914, 1552367682.2044652, 1552368196.0285342, 1552368656.7426429, 1552369110.6802073, 1552369555.755097, 1552370003.8995037, 1552370490.1266115, 1552370998.932647, 1552371497.7384255, 1552371943.3140166, 1552372387.7284126, 1552372988.9863327, 1552373433.7543864, 1552373875.719277, 1552374320.699458, 1552374762.939091, 1552375210.8328204, 1552375664.2378187, 1552376114.8773677, 1552376563.1521742, 1552377010.070035, 1552377472.473196, 1552377978.4410503, 1552378480.191899, 1552378937.2832236, 1552379385.6977751, 1552379853.9129295, 1552380360.762469, 1552380872.4340506, 1552381338.5311182, 1552381792.0606582, 1552382245.7536051, 1552382703.752101, 1552383157.0422587], "episode_lengths": [1000, 1000, 1000, 1000, 1000, 1000, 1000, 1000, 1000, 1000, 1000, 1000, 1000, 1000, 1000, 1000, 1000, 1000, 1000, 1000, 1000, 1000, 1000, 1000, 1000, 1000, 1000, 1000, 1000, 1000, 1000, 1000, 1000, 1000, 1000, 1000, 1000, 1000, 1000, 1000, 1000, 1000, 1000, 1000, 1000, 1000, 1000, 1000, 1000, 1000], "episode_rewards": [4640.263989803896, 4853.11561487175, 4721.608889982308, 4848.658656650665, 4831.653501437547, 4766.478596714159, 4750.892371437452, 4866.467632565914, 4707.937072613197, 4811.508873016246, 4724.540646623988, 4891.130808202996, 4723.874005259121, 4808.00178442054, 4728.445955050052, 4875.708540340644, 4704.827790946739, 4819.64381607674, 4772.675659287808, 4861.547360036965, 4726.575316700247, 4759.4336677071, 4790.118127809381, 4884.654564739597, 4788.356008113111, 4725.865086448464, 4793.603497303182, 4782.681784777495, 4745.790332250166, 4896.054798402047, 4712.463645261777, 4795.871877120242, 4793.868489922228, 4824.06206163774, 4871.628552720253, 4726.947588139958, 4728.290431967497, 4888.580539671618, 4726.202030512766, 4857.555512186633, 4863.681269340869, 4684.240656643754, 4771.643634696721, 4835.98781433078, 4801.758571945049, 4715.0386782847945, 4813.715258126065, 4834.392811706425, 4772.940609888507, 4759.178024989728], "episode_types": ["t", "t", "t", "t", "t", "t", "t", "t", "t", "t", "t", "t", "t", "t", "t", "t", "t", "t", "t", "t", "t", "t", "t", "t", "t", "t", "t", "t", "t", "t", "t", "t", "t", "t", "t", "t", "t", "t", "t", "t", "t", "t", "t", "t", "t", "t", "t", "t", "t", "t", "t"]}