{"initial_reset_timestamp": 1552516426.1391892, "timestamps": [1552517092.8089004], "episode_lengths": [1000], "episode_rewards": [4372.306271437668], "episode_types": ["t"]}