{"initial_reset_timestamp": 1552459502.9612749, "timestamps": [1552460218.6696665], "episode_lengths": [1000], "episode_rewards": [4657.28483316664], "episode_types": ["t"]}