{"initial_reset_timestamp": 1555758090.9078443, "timestamps": [1555758593.044279], "episode_lengths": [1000], "episode_rewards": [32.39525909791784], "episode_types": ["t"]}