{"initial_reset_timestamp": 1552413771.7655723, "timestamps": [1552413931.2420816], "episode_lengths": [1000], "episode_rewards": [4511.348429074439], "episode_types": ["t"]}