{"initial_reset_timestamp": 1552393848.9371336, "timestamps": [1552394493.6005137], "episode_lengths": [1000], "episode_rewards": [4673.725724286331], "episode_types": ["t"]}