{"initial_reset_timestamp": 1552293591.1109514, "timestamps": [1552294242.174949, 1552294894.0744472, 1552295376.9737267, 1552295863.8505237, 1552296390.8191977, 1552296946.9738526, 1552297447.0413568, 1552297930.910155, 1552298586.6325, 1552299071.6014926], "episode_lengths": [1000, 1000, 1000, 1000, 1000, 1000, 1000, 1000, 1000, 1000], "episode_rewards": [4769.815351526692, 4795.902066481624, 4754.68045287696, 4761.416530143074, 4781.251701339923, 4805.372992855624, 4725.447352615556, 4826.593466795677, 4809.755443097782, 4809.050589017964], "episode_types": ["t", "t", "t", "t", "t", "t", "t", "t", "t", "t", "t"]}