{"initial_reset_timestamp": 1552440605.9982216, "timestamps": [1552440782.5213432, 1552440957.3387094, 1552440959.1522934, 1552440960.7248383, 1552440962.1608932, 1552440963.5244503, 1552440964.9437473, 1552440966.3346186, 1552441144.2398765, 1552441145.9447396, 1552441147.3858864, 1552441148.886855, 1552441150.36534, 1552441151.7822237, 1552441153.2319481, 1552441154.689321, 1552441156.1445978, 1552441157.6836472, 1552441159.1453872, 1552441160.629277], "episode_lengths": [1000, 1000, 1000, 1000, 1000, 1000, 1000, 1000, 1000, 1000, 1000, 1000, 1000, 1000, 1000, 1000, 1000, 1000, 1000, 1000], "episode_rewards": [4373.013257356617, 4603.0243930399665, 4662.7706839993925, 4616.76459506714, 4431.550885998044, 4530.117110743408, 4614.307441776362, 4469.771385538133, 4511.356763412878, 4379.033984307121, 4538.747966162873, 4655.1157088034215, 4728.0457552801145, 4629.204162325063, 4481.263103229302, 4516.439247299382, 4460.798497422967, 4628.083794153241, 4520.5450886413055, 4520.860197769906], "episode_types": ["t", "t", "t", "t", "t", "t", "t", "t", "t", "t", "t", "t", "t", "t", "t", "t", "t", "t", "t", "t", "t"]}