{"initial_reset_timestamp": 1552560388.0953913, "timestamps": [1552560582.1956217, 1552560773.9880056, 1552560775.7437353, 1552560777.241388, 1552560778.7081163, 1552560780.0660746, 1552560781.4554138, 1552560782.9010582, 1552560974.7410686, 1552560976.3607821], "episode_lengths": [1000, 1000, 1000, 1000, 1000, 1000, 1000, 1000, 1000, 1000], "episode_rewards": [4253.707138204468, 4708.5610066452655, 4500.507643500606, 4386.4465210156295, 4530.346946561157, 4474.6704054342335, 4669.424156148319, 4337.193685872152, 4494.602459895615, 4422.435708309484], "episode_types": ["t", "t", "t", "t", "t", "t", "t", "t", "t", "t", "t"]}