{"initial_reset_timestamp": 1552559880.3491552, "timestamps": [1552560560.8745189], "episode_lengths": [1000], "episode_rewards": [4786.2275129709515], "episode_types": ["t"]}