{"initial_reset_timestamp": 1552483015.24228, "timestamps": [1552483573.8338075], "episode_lengths": [1000], "episode_rewards": [4491.387178691973], "episode_types": ["t"]}