{"initial_reset_timestamp": 1552363330.9860802, "timestamps": [1552363487.2508876], "episode_lengths": [1000], "episode_rewards": [4804.041716310717], "episode_types": ["t"]}