{"initial_reset_timestamp": 1552356152.742939, "timestamps": [1552356763.7770545], "episode_lengths": [1000], "episode_rewards": [4784.654741416365], "episode_types": ["t"]}