{"initial_reset_timestamp": 1555684607.881049, "timestamps": [1555685222.83131], "episode_lengths": [1000], "episode_rewards": [852.0064531900487], "episode_types": ["t"]}