{"initial_reset_timestamp": 1552368326.0482302, "timestamps": [1552368484.435148], "episode_lengths": [1000], "episode_rewards": [4733.126404767174], "episode_types": ["t"]}