{"initial_reset_timestamp": 1552519830.9141102, "timestamps": [1552520486.0860834], "episode_lengths": [1000], "episode_rewards": [4675.091399237542], "episode_types": ["t"]}