{"initial_reset_timestamp": 1552436056.1496263, "timestamps": [1552436214.081301], "episode_lengths": [1000], "episode_rewards": [4560.376490730696], "episode_types": ["t"]}