{"initial_reset_timestamp": 1555682142.1082401, "timestamps": [1555682758.309053], "episode_lengths": [1000], "episode_rewards": [1167.0994709204163], "episode_types": ["t"]}