{"initial_reset_timestamp": 1552427195.3180852, "timestamps": [1552427350.3703065], "episode_lengths": [1000], "episode_rewards": [4525.597774373738], "episode_types": ["t"]}