{"initial_reset_timestamp": 1555673697.9959154, "timestamps": [1555673852.103388], "episode_lengths": [1000], "episode_rewards": [-2986.883857659364], "episode_types": ["t", "t"]}