{"initial_reset_timestamp": 1552494500.7365022, "timestamps": [1552495114.1352632], "episode_lengths": [1000], "episode_rewards": [4744.545120764755], "episode_types": ["t"]}