{"initial_reset_timestamp": 1555746782.1616771, "timestamps": [1555747337.3008728], "episode_lengths": [1000], "episode_rewards": [672.2943220311605], "episode_types": ["t"]}