{"initial_reset_timestamp": 1552449235.9454415, "timestamps": [1552449935.3505476], "episode_lengths": [1000], "episode_rewards": [4777.369008503766], "episode_types": ["t"]}