{"initial_reset_timestamp": 1552394039.9732857, "timestamps": [1552394660.154111], "episode_lengths": [1000], "episode_rewards": [4720.535830635403], "episode_types": ["t"]}