{"initial_reset_timestamp": 1555702275.5738225, "timestamps": [1555702508.3313081], "episode_lengths": [1000], "episode_rewards": [4629.203733385963], "episode_types": ["t"]}