{"initial_reset_timestamp": 1552427350.603364, "timestamps": [1552427500.4156017], "episode_lengths": [1000], "episode_rewards": [4561.877984925633], "episode_types": ["t"]}