{"initial_reset_timestamp": 1552595484.03977, "timestamps": [1552596096.9634163], "episode_lengths": [1000], "episode_rewards": [4740.112068716541], "episode_types": ["t"]}