{"initial_reset_timestamp": 1552548350.3959968, "timestamps": [1552549084.922507, 1552549818.729285, 1552550361.6426203, 1552550903.0289514, 1552551446.6676984, 1552551988.8131056, 1552552531.3643506, 1552553074.8539844, 1552553812.4979985, 1552554357.508539], "episode_lengths": [1000, 1000, 1000, 1000, 1000, 1000, 1000, 1000, 1000, 1000], "episode_rewards": [4875.4535510882715, 4781.395438092483, 4820.936338802164, 4744.359415979236, 4792.656495198738, 4806.115113914894, 4760.006014205588, 4767.707300968764, 4790.304714966325, 4794.438353087836], "episode_types": ["t", "t", "t", "t", "t", "t", "t", "t", "t", "t", "t"]}