{"initial_reset_timestamp": 1555764108.4801693, "timestamps": [1555764359.0401368], "episode_lengths": [1000], "episode_rewards": [4287.427164841169], "episode_types": ["t"]}