{"initial_reset_timestamp": 1554399066.7993166, "timestamps": [1554399823.4583938], "episode_lengths": [1000], "episode_rewards": [443.9327692982611], "episode_types": ["t"]}