{"initial_reset_timestamp": 1552560268.7879786, "timestamps": [1552560878.8620682], "episode_lengths": [1000], "episode_rewards": [4880.311336363735], "episode_types": ["t"]}