{"initial_reset_timestamp": 1552427161.3035438, "timestamps": [1552427812.2388747], "episode_lengths": [1000], "episode_rewards": [4769.235801810725], "episode_types": ["t"]}