{"initial_reset_timestamp": 1552435184.2331717, "timestamps": [1552435369.28576], "episode_lengths": [1000], "episode_rewards": [4516.663771028425], "episode_types": ["t"]}