{"initial_reset_timestamp": 1552524670.1966047, "timestamps": [1552524807.8041556], "episode_lengths": [1000], "episode_rewards": [4399.390440252981], "episode_types": ["t"]}