{"initial_reset_timestamp": 1555745026.853795, "timestamps": [1555745252.948617], "episode_lengths": [1000], "episode_rewards": [4312.309268436422], "episode_types": ["t"]}