{"initial_reset_timestamp": 1552441205.8835957, "timestamps": [1552441881.4259224], "episode_lengths": [1000], "episode_rewards": [4647.433060398889], "episode_types": ["t"]}