{"initial_reset_timestamp": 1552361321.3168814, "timestamps": [1552361937.561002], "episode_lengths": [1000], "episode_rewards": [4968.646230677553], "episode_types": ["t"]}