{"initial_reset_timestamp": 1552369015.1363637, "timestamps": [1552369687.9507434, 1552370391.599076, 1552370933.8645144, 1552371461.767021, 1552371926.3194864, 1552372389.9744003, 1552372851.9811459, 1552373314.3567383, 1552373923.0071437, 1552374386.35005, 1552374850.4927433, 1552375316.871759, 1552375782.165902, 1552376245.4123144, 1552376704.279106, 1552377168.6505382, 1552377677.4072561, 1552378210.7045252, 1552378722.7469106, 1552379185.2192879], "episode_lengths": [1000, 1000, 1000, 1000, 1000, 1000, 1000, 1000, 1000, 1000, 1000, 1000, 1000, 1000, 1000, 1000, 1000, 1000, 1000, 1000], "episode_rewards": [4379.665580508368, 4156.9269592655955, 4350.040499620776, 4674.7063914819, 4677.048533726681, 4677.715080469337, 4678.521766471117, 4677.0257740768, 4676.646136702313, 4676.062413242968, 4675.834047316075, 4675.78817337739, 4676.760579864415, 4677.191442481222, 4678.342919468332, 4677.844774772575, 4676.454355047204, 4679.559762439689, 4678.332848993371, 4680.251003937675], "episode_types": ["t", "t", "t", "t", "t", "t", "t", "t", "t", "t", "t", "t", "t", "t", "t", "t", "t", "t", "t", "t", "t"]}