{"initial_reset_timestamp": 1552367397.1647575, "timestamps": [1552368117.1274967], "episode_lengths": [1000], "episode_rewards": [4688.731772455201], "episode_types": ["t"]}