{"initial_reset_timestamp": 1552384639.1189919, "timestamps": [1552384791.80673], "episode_lengths": [1000], "episode_rewards": [4710.209503482272], "episode_types": ["t"]}