{"initial_reset_timestamp": 1552545727.1839864, "timestamps": [1552546420.7930417], "episode_lengths": [1000], "episode_rewards": [4829.35495328877], "episode_types": ["t"]}