{"initial_reset_timestamp": 1552374306.3194067, "timestamps": [1552374464.3644319], "episode_lengths": [1000], "episode_rewards": [4701.617111222942], "episode_types": ["t"]}