{"initial_reset_timestamp": 1555687780.8052685, "timestamps": [1555688325.5137627], "episode_lengths": [1000], "episode_rewards": [891.9253465995959], "episode_types": ["t"]}