{"initial_reset_timestamp": 1552622725.4878612, "timestamps": [1552622863.7873654], "episode_lengths": [1000], "episode_rewards": [4513.2324309873175], "episode_types": ["t"]}