{"initial_reset_timestamp": 1552406746.560948, "timestamps": [1552407418.2605288], "episode_lengths": [1000], "episode_rewards": [4742.8662645378445], "episode_types": ["t"]}