{"initial_reset_timestamp": 1555776512.468545, "timestamps": [1555777344.4757128], "episode_lengths": [1000], "episode_rewards": [4706.5157976216915], "episode_types": ["t"]}