{"initial_reset_timestamp": 1552512333.2994869, "timestamps": [1552512498.418384], "episode_lengths": [1000], "episode_rewards": [4568.846244114188], "episode_types": ["t"]}