{"initial_reset_timestamp": 1552566386.5207734, "timestamps": [1552567044.1615422], "episode_lengths": [1000], "episode_rewards": [4538.046605968622], "episode_types": ["t"]}