{"initial_reset_timestamp": 1552484171.625044, "timestamps": [1552484808.4484198], "episode_lengths": [1000], "episode_rewards": [4841.165930808501], "episode_types": ["t"]}