{"initial_reset_timestamp": 1552382726.7825377, "timestamps": [1552383293.3038008], "episode_lengths": [1000], "episode_rewards": [4547.165192006743], "episode_types": ["t"]}