{"initial_reset_timestamp": 1552360258.9810963, "timestamps": [1552360433.3230612, 1552360604.649499, 1552360606.447132, 1552360607.9797366, 1552360609.5625362, 1552360611.1495013, 1552360612.7115436, 1552360614.1543832, 1552360789.1604288, 1552360790.909463], "episode_lengths": [1000, 1000, 1000, 1000, 1000, 1000, 1000, 1000, 1000, 1000], "episode_rewards": [4524.572376081034, 4516.338693628272, 4448.149916124122, 4633.922084083621, 4570.913461837909, 4536.0327971989645, 4422.157299050976, 4464.4475978887185, 4441.537070234068, 4407.868193523275], "episode_types": ["t", "t", "t", "t", "t", "t", "t", "t", "t", "t", "t"]}