{"initial_reset_timestamp": 1555841879.2687619, "timestamps": [1555842075.0858955], "episode_lengths": [1000], "episode_rewards": [4266.8309650118135], "episode_types": ["t"]}