{"initial_reset_timestamp": 1555707311.608638, "timestamps": [1555707466.731068], "episode_lengths": [1000], "episode_rewards": [582.2892414830322], "episode_types": ["t"]}