{"initial_reset_timestamp": 1554419726.2041698, "timestamps": [1554420486.0409482], "episode_lengths": [1000], "episode_rewards": [100.99309249345873], "episode_types": ["t"]}