{"initial_reset_timestamp": 1552368150.044116, "timestamps": [1552368325.829991], "episode_lengths": [1000], "episode_rewards": [4793.044336472984], "episode_types": ["t"]}