{"initial_reset_timestamp": 1555633090.9533103, "timestamps": [1555633219.5047824], "episode_lengths": [1000], "episode_rewards": [-2713.6142702330485], "episode_types": ["t", "t"]}