{"initial_reset_timestamp": 1552565301.2694418, "timestamps": [1552565470.4776194], "episode_lengths": [1000], "episode_rewards": [4436.48724136897], "episode_types": ["t"]}