{"initial_reset_timestamp": 1555801151.6901584, "timestamps": [1555802106.097391], "episode_lengths": [1000], "episode_rewards": [4686.818722104848], "episode_types": ["t"]}