{"initial_reset_timestamp": 1552379829.974467, "timestamps": [1552380518.0425808], "episode_lengths": [1000], "episode_rewards": [4746.6943667017085], "episode_types": ["t"]}