{"initial_reset_timestamp": 1552227915.567705, "timestamps": [1552228518.5981877, 1552229121.931184, 1552229567.8475485, 1552230018.3656564, 1552230467.6149244, 1552230913.2945762, 1552231357.5243602, 1552231804.4980323, 1552232405.938282, 1552232851.9703104], "episode_lengths": [1000, 1000, 1000, 1000, 1000, 1000, 1000, 1000, 1000, 1000], "episode_rewards": [4690.786237572681, 4764.629828557322, 4757.715706694098, 4890.865285823185, 4708.149811295179, 4858.922780641917, 4782.299328624289, 4750.217092408535, 4789.4180080197475, 4769.82568511282], "episode_types": ["t", "t", "t", "t", "t", "t", "t", "t", "t", "t", "t"]}