{"initial_reset_timestamp": 1552426807.4860628, "timestamps": [1552427516.5023756], "episode_lengths": [1000], "episode_rewards": [4790.821309018277], "episode_types": ["t"]}