{"initial_reset_timestamp": 1552599788.3355768, "timestamps": [1552600413.7588809], "episode_lengths": [1000], "episode_rewards": [4632.153246636683], "episode_types": ["t"]}