{"initial_reset_timestamp": 1555760217.5333092, "timestamps": [1555761024.0988758], "episode_lengths": [1000], "episode_rewards": [4459.604138545877], "episode_types": ["t"]}