{"initial_reset_timestamp": 1552507054.750447, "timestamps": [1552507781.1351063], "episode_lengths": [1000], "episode_rewards": [4638.598237137352], "episode_types": ["t"]}