{"initial_reset_timestamp": 1552450157.046849, "timestamps": [1552450773.978363], "episode_lengths": [1000], "episode_rewards": [4429.34099428036], "episode_types": ["t"]}