{"initial_reset_timestamp": 1552385343.591695, "timestamps": [1552385499.4128344], "episode_lengths": [1000], "episode_rewards": [4492.6686378506465], "episode_types": ["t"]}