{"initial_reset_timestamp": 1555844939.3802345, "timestamps": [1555845617.6734822], "episode_lengths": [1000], "episode_rewards": [4711.498569705024], "episode_types": ["t"]}