{"initial_reset_timestamp": 1552428431.167761, "timestamps": [1552429051.244472], "episode_lengths": [1000], "episode_rewards": [4243.662229780504], "episode_types": ["t"]}