{"initial_reset_timestamp": 1555858929.5955234, "timestamps": [1555859617.8655438], "episode_lengths": [1000], "episode_rewards": [4283.416269400645], "episode_types": ["t"]}