{"initial_reset_timestamp": 1552398319.5400019, "timestamps": [1552399019.9268773, 1552399715.8183258, 1552400294.2187626, 1552400896.0693796, 1552401457.4200487, 1552401989.970594, 1552402525.1088777, 1552403058.7493072, 1552403811.8459864, 1552404405.9740999, 1552404967.3593876, 1552405487.889589, 1552406085.5108008, 1552406724.2275026, 1552407319.5139134, 1552407839.3903322, 1552408365.4358003, 1552408895.5786219, 1552409422.2864428, 1552409947.0379498], "episode_lengths": [1000, 1000, 1000, 1000, 1000, 1000, 1000, 1000, 1000, 1000, 1000, 1000, 1000, 1000, 1000, 1000, 1000, 1000, 1000, 1000], "episode_rewards": [4538.15323674353, 4349.401656024776, 4428.79705834425, 4378.961756905324, 4493.867691217501, 4497.41247676356, 4640.1002033795785, 4629.475381521129, 4627.301052436117, 4669.066831932515, 4678.194229029979, 4679.86103905834, 4677.989528091799, 4675.669021236989, 4675.65947756138, 4675.715094657316, 4670.724070429594, 4666.905492675116, 4666.509284971411, 4666.214234887042], "episode_types": ["t", "t", "t", "t", "t", "t", "t", "t", "t", "t", "t", "t", "t", "t", "t", "t", "t", "t", "t", "t", "t"]}