{"initial_reset_timestamp": 1555905026.7472875, "timestamps": [1555905727.3661332], "episode_lengths": [1000], "episode_rewards": [4381.662286816215], "episode_types": ["t"]}