{"initial_reset_timestamp": 1552427452.5446136, "timestamps": [1552428187.2969887, 1552428927.245663, 1552429470.9371235, 1552430015.779152, 1552430557.2056115, 1552431099.1870756, 1552431640.2924497, 1552432237.3466704, 1552433074.319806, 1552433619.0535352], "episode_lengths": [1000, 1000, 1000, 1000, 1000, 1000, 1000, 1000, 1000, 1000], "episode_rewards": [4705.095382514445, 4790.552477667929, 4867.677578112143, 4765.938887545774, 4704.461402332423, 4851.731749036653, 4760.820466450189, 4726.222384773071, 4774.513426599457, 4784.637201289519], "episode_types": ["t", "t", "t", "t", "t", "t", "t", "t", "t", "t", "t"]}