{"initial_reset_timestamp": 1552532876.5583634, "timestamps": [1552533657.155057], "episode_lengths": [1000], "episode_rewards": [4805.853735706407], "episode_types": ["t"]}