{"initial_reset_timestamp": 1552493301.1599033, "timestamps": [1552494005.0466821], "episode_lengths": [1000], "episode_rewards": [4902.581935902141], "episode_types": ["t"]}