{"initial_reset_timestamp": 1552426850.9070241, "timestamps": [1552427037.9647295], "episode_lengths": [1000], "episode_rewards": [4421.467557553153], "episode_types": ["t"]}