{"initial_reset_timestamp": 1555871187.505141, "timestamps": [1555871890.7052546], "episode_lengths": [1000], "episode_rewards": [4784.642547743385], "episode_types": ["t"]}