{"initial_reset_timestamp": 1552422628.3464684, "timestamps": [1552423282.9816668], "episode_lengths": [1000], "episode_rewards": [4867.948036738878], "episode_types": ["t"]}