{"initial_reset_timestamp": 1552384330.5856223, "timestamps": [1552384484.2179282], "episode_lengths": [1000], "episode_rewards": [4628.5001600580545], "episode_types": ["t"]}