{"initial_reset_timestamp": 1552425400.418255, "timestamps": [1552426015.9243958], "episode_lengths": [1000], "episode_rewards": [4342.92669176556], "episode_types": ["t"]}