{"initial_reset_timestamp": 1552374681.9801803, "timestamps": [1552374839.1040013], "episode_lengths": [1000], "episode_rewards": [4645.8252151250645], "episode_types": ["t"]}