{"initial_reset_timestamp": 1552571550.4247699, "timestamps": [1552572218.0658154], "episode_lengths": [1000], "episode_rewards": [4542.426939100947], "episode_types": ["t"]}