{"initial_reset_timestamp": 1552449935.5875328, "timestamps": [1552450637.862298], "episode_lengths": [1000], "episode_rewards": [4788.142662583376], "episode_types": ["t"]}