{"initial_reset_timestamp": 1555777344.6942317, "timestamps": [1555778050.0395415], "episode_lengths": [1000], "episode_rewards": [4857.735877486591], "episode_types": ["t"]}