{"initial_reset_timestamp": 1552492043.0732646, "timestamps": [1552492660.5563304], "episode_lengths": [1000], "episode_rewards": [4838.896568807821], "episode_types": ["t"]}