{"initial_reset_timestamp": 1552473995.0868297, "timestamps": [1552474730.5633502], "episode_lengths": [1000], "episode_rewards": [4835.0419243128135], "episode_types": ["t"]}