{"initial_reset_timestamp": 1552384702.1917405, "timestamps": [1552385310.5630345], "episode_lengths": [1000], "episode_rewards": [4678.143400764043], "episode_types": ["t"]}