{"initial_reset_timestamp": 1552356763.9828641, "timestamps": [1552357429.1841888], "episode_lengths": [1000], "episode_rewards": [4790.1902395161005], "episode_types": ["t"]}