{"initial_reset_timestamp": 1552412582.2799227, "timestamps": [1552413202.6829357], "episode_lengths": [1000], "episode_rewards": [4866.032988351835], "episode_types": ["t"]}