{"initial_reset_timestamp": 1552581979.2035522, "timestamps": [1552582602.5784152], "episode_lengths": [1000], "episode_rewards": [4753.85354322495], "episode_types": ["t"]}