{"initial_reset_timestamp": 1552490170.648319, "timestamps": [1552490789.8211508], "episode_lengths": [1000], "episode_rewards": [4657.801131160904], "episode_types": ["t"]}