{"initial_reset_timestamp": 1552502361.6792655, "timestamps": [1552502553.8410392, 1552502745.5737352, 1552502747.2848115, 1552502748.8278804, 1552502750.307807, 1552502751.8454854, 1552502753.3051572, 1552502754.789284, 1552502922.9382715, 1552502924.8877966, 1552502926.6055691, 1552502928.3872983, 1552502930.141072, 1552502931.8481293, 1552502933.595682, 1552502935.3416884, 1552502936.892405, 1552502938.3872426, 1552502939.83054, 1552502941.3152587], "episode_lengths": [1000, 1000, 1000, 1000, 1000, 1000, 1000, 1000, 1000, 1000, 1000, 1000, 1000, 1000, 1000, 1000, 1000, 1000, 1000, 1000], "episode_rewards": [4420.722345035006, 4466.034385596088, 4652.64670641049, 4625.168854735972, 4491.143317314363, 4598.154331433216, 4582.702246669457, 4670.306624666663, 4511.503525125664, 4503.069325115864, 4604.771328550922, 4461.442844824488, 4452.446999250732, 4338.281809023138, 4493.741045457248, 4471.852675507139, 4490.467509575495, 4595.695048888514, 4446.840462395681, 4481.917454792663], "episode_types": ["t", "t", "t", "t", "t", "t", "t", "t", "t", "t", "t", "t", "t", "t", "t", "t", "t", "t", "t", "t", "t"]}