{"initial_reset_timestamp": 1554467439.603594, "timestamps": [1554467983.3077755], "episode_lengths": [1000], "episode_rewards": [-349.389161319077], "episode_types": ["t"]}