{"initial_reset_timestamp": 1552452015.5059857, "timestamps": [1552452173.0376074], "episode_lengths": [1000], "episode_rewards": [4350.64125407085], "episode_types": ["t"]}