{"initial_reset_timestamp": 1552475597.7287092, "timestamps": [1552476279.6594832], "episode_lengths": [1000], "episode_rewards": [4835.718390809472], "episode_types": ["t"]}