{"initial_reset_timestamp": 1552425237.0135703, "timestamps": [1552425847.913303], "episode_lengths": [1000], "episode_rewards": [4764.090842422783], "episode_types": ["t"]}