{"initial_reset_timestamp": 1555734443.5281708, "timestamps": [1555735052.558486], "episode_lengths": [1000], "episode_rewards": [1562.2281067504414], "episode_types": ["t"]}