{"initial_reset_timestamp": 1554414643.4987674, "timestamps": [1554414825.7518508], "episode_lengths": [1000], "episode_rewards": [-835.6042030199496], "episode_types": ["t", "t"]}