{"initial_reset_timestamp": 1555910888.706293, "timestamps": [1555911583.8261647], "episode_lengths": [1000], "episode_rewards": [4641.4516213671395], "episode_types": ["t"]}