{"initial_reset_timestamp": 1555871630.039278, "timestamps": [1555872319.5733202], "episode_lengths": [1000], "episode_rewards": [4742.301381624608], "episode_types": ["t"]}