{"initial_reset_timestamp": 1552395265.617596, "timestamps": [1552395872.5803416], "episode_lengths": [1000], "episode_rewards": [4498.027812241369], "episode_types": ["t"]}