{"initial_reset_timestamp": 1555806264.3872576, "timestamps": [1555806554.4245164], "episode_lengths": [1000], "episode_rewards": [4403.9806822432165], "episode_types": ["t"]}