{"initial_reset_timestamp": 1555703965.4327083, "timestamps": [1555704556.106835], "episode_lengths": [1000], "episode_rewards": [-1470.6386483892702], "episode_types": ["t"]}