{"initial_reset_timestamp": 1552498437.220194, "timestamps": [1552499061.2066064], "episode_lengths": [1000], "episode_rewards": [4648.782382703358], "episode_types": ["t"]}