{"initial_reset_timestamp": 1555679831.769765, "timestamps": [1555679936.7420187], "episode_lengths": [1000], "episode_rewards": [890.9218341491298], "episode_types": ["t"]}