{"initial_reset_timestamp": 1554401220.8392944, "timestamps": [1554402012.7456377], "episode_lengths": [1000], "episode_rewards": [-296.33545349729167], "episode_types": ["t"]}