{"initial_reset_timestamp": 1552560561.0979774, "timestamps": [1552561243.0816674], "episode_lengths": [1000], "episode_rewards": [4799.738154699918], "episode_types": ["t"]}