{"initial_reset_timestamp": 1552495943.4612696, "timestamps": [1552496112.1230576], "episode_lengths": [1000], "episode_rewards": [4695.6953861376005], "episode_types": ["t"]}