{"initial_reset_timestamp": 1552373249.5322256, "timestamps": [1552373862.3192625], "episode_lengths": [1000], "episode_rewards": [4755.019140641335], "episode_types": ["t"]}