{"initial_reset_timestamp": 1552616240.8278341, "timestamps": [1552616853.1951644], "episode_lengths": [1000], "episode_rewards": [4330.869468445804], "episode_types": ["t"]}