{"initial_reset_timestamp": 1552551577.4401243, "timestamps": [1552551753.0730975], "episode_lengths": [1000], "episode_rewards": [4551.575731644705], "episode_types": ["t"]}