{"initial_reset_timestamp": 1552478489.5680647, "timestamps": [1552478675.110371], "episode_lengths": [1000], "episode_rewards": [4518.466848991731], "episode_types": ["t"]}