{"initial_reset_timestamp": 1555778052.1253796, "timestamps": [1555778759.4916952], "episode_lengths": [1000], "episode_rewards": [4346.970742478196], "episode_types": ["t"]}