{"initial_reset_timestamp": 1552563948.3702304, "timestamps": [1552564611.1615152], "episode_lengths": [1000], "episode_rewards": [4455.964677731156], "episode_types": ["t"]}