{"initial_reset_timestamp": 1552361210.8129852, "timestamps": [1552361821.4379368], "episode_lengths": [1000], "episode_rewards": [5007.985540526692], "episode_types": ["t"]}