{"initial_reset_timestamp": 1552562599.7092972, "timestamps": [1552563272.025528], "episode_lengths": [1000], "episode_rewards": [4459.704724700784], "episode_types": ["t"]}