{"initial_reset_timestamp": 1552313983.2390864, "timestamps": [1552314576.575981, 1552315171.3443878, 1552315612.3755822, 1552316056.7497935, 1552316497.5298972, 1552316943.451103, 1552317395.4322364, 1552317819.3766303, 1552318366.6922195, 1552318778.8436196, 1552319191.8561304, 1552319604.1457822, 1552320013.793193, 1552320425.5523546, 1552320837.815735, 1552321248.6722367, 1552321660.1696427, 1552322071.8279808, 1552322483.5102584, 1552322897.3356793], "episode_lengths": [1000, 1000, 1000, 1000, 1000, 1000, 1000, 1000, 1000, 1000, 1000, 1000, 1000, 1000, 1000, 1000, 1000, 1000, 1000, 1000], "episode_rewards": [4416.582767614175, 4241.850570592315, 4514.846302177537, 4407.076211923598, 4462.945687962588, 4453.788338731993, 4521.354883624051, 4622.3212037177545, 4557.53885929126, 4614.930090382494, 4614.976647340288, 4614.925303061735, 4614.958101828564, 4614.946862682494, 4614.969887623448, 4614.970035226939, 4615.0021386070375, 4614.998054908029, 4614.960765735685, 4615.013411826014], "episode_types": ["t", "t", "t", "t", "t", "t", "t", "t", "t", "t", "t", "t", "t", "t", "t", "t", "t", "t", "t", "t", "t"]}