{"initial_reset_timestamp": 1552517093.0463011, "timestamps": [1552517718.9772816], "episode_lengths": [1000], "episode_rewards": [4139.976984279661], "episode_types": ["t"]}