{"initial_reset_timestamp": 1552524486.4717407, "timestamps": [1552524669.9993498], "episode_lengths": [1000], "episode_rewards": [4420.439075975709], "episode_types": ["t"]}