{"initial_reset_timestamp": 1552495727.0340526, "timestamps": [1552496340.577261], "episode_lengths": [1000], "episode_rewards": [4844.941724519654], "episode_types": ["t"]}