{"initial_reset_timestamp": 1552386676.0223858, "timestamps": [1552387545.7522147, 1552388372.2294838, 1552388924.1844509, 1552389527.3432138, 1552390120.64182, 1552390649.6398687, 1552391171.0721138, 1552391693.550609, 1552392399.3117602, 1552392945.0459154, 1552393543.6421115, 1552394136.9526367, 1552394656.7219434, 1552395177.610643, 1552395699.8583128, 1552396222.9459596, 1552396746.042896, 1552397268.2787554, 1552397793.8720648, 1552398318.9408648], "episode_lengths": [1000, 1000, 1000, 1000, 1000, 1000, 1000, 1000, 1000, 1000, 1000, 1000, 1000, 1000, 1000, 1000, 1000, 1000, 1000, 1000], "episode_rewards": [4720.3403900839985, 4796.942595129504, 4763.459067040654, 4821.60876185226, 4806.38655723439, 4793.580291989108, 4788.646533839906, 4815.131129319877, 4787.433101142296, 4816.2093005568295, 4780.321095928707, 4799.227152840135, 4778.583386092583, 4816.806450979889, 4805.493297491323, 4799.477417204547, 4822.773994307843, 4778.836763604723, 4780.78672929629, 4765.9532484780875], "episode_types": ["t", "t", "t", "t", "t", "t", "t", "t", "t", "t", "t", "t", "t", "t", "t", "t", "t", "t", "t", "t", "t"]}