{"initial_reset_timestamp": 1554422163.8214955, "timestamps": [1554423044.4329054], "episode_lengths": [1000], "episode_rewards": [-362.9509499049018], "episode_types": ["t"]}