{"initial_reset_timestamp": 1552561924.6400871, "timestamps": [1552562599.462467], "episode_lengths": [1000], "episode_rewards": [4495.8238374380135], "episode_types": ["t"]}