{"initial_reset_timestamp": 1552573899.0186124, "timestamps": [1552574637.7600112, 1552575406.6278772, 1552576013.1439943, 1552576593.4581735, 1552577094.6204216, 1552577595.7322748, 1552578123.0897925, 1552578631.5895376, 1552579303.1717548, 1552579801.208159], "episode_lengths": [1000, 1000, 1000, 1000, 1000, 1000, 1000, 1000, 1000, 1000], "episode_rewards": [4345.588941161753, 4510.800004427197, 4538.877064908435, 4505.778433081453, 4543.227943889257, 4644.836872036239, 4567.400734781425, 4412.813292971438, 4426.588448140118, 4441.4463160414025], "episode_types": ["t", "t", "t", "t", "t", "t", "t", "t", "t", "t", "t"]}