{"initial_reset_timestamp": 1552393345.5831172, "timestamps": [1552394039.762828], "episode_lengths": [1000], "episode_rewards": [4827.565290840174], "episode_types": ["t"]}