{"initial_reset_timestamp": 1555866404.426546, "timestamps": [1555866584.3228505], "episode_lengths": [1000], "episode_rewards": [4438.613268653143], "episode_types": ["t"]}