{"initial_reset_timestamp": 1552421293.4250095, "timestamps": [1552422041.3486292], "episode_lengths": [1000], "episode_rewards": [4871.234172314181], "episode_types": ["t"]}