{"initial_reset_timestamp": 1555670248.601009, "timestamps": [1555670924.1494577], "episode_lengths": [1000], "episode_rewards": [-2956.9086366571396], "episode_types": ["t"]}