{"initial_reset_timestamp": 1552434822.277775, "timestamps": [1552435004.224435], "episode_lengths": [1000], "episode_rewards": [4485.830843034731], "episode_types": ["t"]}