{"initial_reset_timestamp": 1552432198.796301, "timestamps": [1552432900.0157995], "episode_lengths": [1000], "episode_rewards": [4422.951949602193], "episode_types": ["t"]}