{"initial_reset_timestamp": 1555703428.6864038, "timestamps": [1555703621.8047526], "episode_lengths": [1000], "episode_rewards": [4802.323425487775], "episode_types": ["t"]}