{"initial_reset_timestamp": 1552430717.2994604, "timestamps": [1552430882.1070516], "episode_lengths": [1000], "episode_rewards": [4387.2206189552435], "episode_types": ["t"]}