{"initial_reset_timestamp": 1552361937.7614965, "timestamps": [1552362556.1667945], "episode_lengths": [1000], "episode_rewards": [4981.668025695901], "episode_types": ["t"]}