{"initial_reset_timestamp": 1552518891.8639455, "timestamps": [1552519476.9674792], "episode_lengths": [1000], "episode_rewards": [4341.153473830569], "episode_types": ["t"]}