{"initial_reset_timestamp": 1552589769.6638796, "timestamps": [1552589902.623974], "episode_lengths": [1000], "episode_rewards": [4440.871332936281], "episode_types": ["t"]}