{"initial_reset_timestamp": 1552470170.5689023, "timestamps": [1552470337.0081644], "episode_lengths": [1000], "episode_rewards": [4502.700764681387], "episode_types": ["t"]}