{"initial_reset_timestamp": 1554395070.0667546, "timestamps": [1554395904.797593], "episode_lengths": [1000], "episode_rewards": [-290.7857815274035], "episode_types": ["t"]}