{"initial_reset_timestamp": 1555724476.3011703, "timestamps": [1555725019.0098827], "episode_lengths": [1000], "episode_rewards": [1153.9157029396936], "episode_types": ["t"]}