{"initial_reset_timestamp": 1552384792.032264, "timestamps": [1552384944.7883945], "episode_lengths": [1000], "episode_rewards": [4678.308431655282], "episode_types": ["t"]}