{"initial_reset_timestamp": 1552478115.1744196, "timestamps": [1552478299.650978], "episode_lengths": [1000], "episode_rewards": [4411.536590787524], "episode_types": ["t"]}