{"initial_reset_timestamp": 1555858834.6360278, "timestamps": [1555859009.9626625], "episode_lengths": [1000], "episode_rewards": [4456.185993453873], "episode_types": ["t"]}