{"initial_reset_timestamp": 1555868937.691992, "timestamps": [1555869742.1845348], "episode_lengths": [1000], "episode_rewards": [4777.475589067251], "episode_types": ["t"]}