{"initial_reset_timestamp": 1552429438.2944865, "timestamps": [1552430078.453197], "episode_lengths": [1000], "episode_rewards": [4512.9004927289025], "episode_types": ["t"]}