{"initial_reset_timestamp": 1552446037.1814892, "timestamps": [1552446841.3943264], "episode_lengths": [1000], "episode_rewards": [4486.826148772282], "episode_types": ["t"]}