{"initial_reset_timestamp": 1552495598.4485672, "timestamps": [1552495769.7142513], "episode_lengths": [1000], "episode_rewards": [4481.82843514784], "episode_types": ["t"]}