{"initial_reset_timestamp": 1552555237.5058916, "timestamps": [1552555902.5439813, 1552556606.4943073, 1552557177.7199745, 1552557738.3639953, 1552558229.0210316, 1552558773.2219048, 1552559341.3491368, 1552559877.8759851, 1552560538.2236032, 1552561034.39994, 1552561531.1507103, 1552562026.995281, 1552562522.6478283, 1552563016.6635473, 1552563511.9551752, 1552564008.2047894, 1552564502.4827745, 1552564993.9506807, 1552565488.5757806, 1552565987.5121763, 1552566489.2992954, 1552567028.3259897, 1552567602.8542953, 1552568131.5625463, 1552568631.092965, 1552569131.030699, 1552569719.3072584, 1552570399.4656675, 1552570879.6401286, 1552571363.3646443, 1552571863.8766415, 1552572424.0740795, 1552572954.1985283, 1552573441.4189577, 1552573926.615591, 1552574427.5000408, 1552574912.9933658, 1552575455.248422, 1552576016.6976674, 1552576563.700148, 1552577047.3438218, 1552577531.7667964, 1552578016.7914138, 1552578501.619853, 1552578987.8244593, 1552579473.3581936, 1552579959.6447542, 1552580444.2282183, 1552580934.6419818, 1552581422.934409], "episode_lengths": [1000, 1000, 1000, 1000, 1000, 1000, 1000, 1000, 1000, 1000, 1000, 1000, 1000, 1000, 1000, 1000, 1000, 1000, 1000, 1000, 1000, 1000, 1000, 1000, 1000, 1000, 1000, 1000, 1000, 1000, 1000, 1000, 1000, 1000, 1000, 1000, 1000, 1000, 1000, 1000, 1000, 1000, 1000, 1000, 1000, 1000, 1000, 1000, 1000, 1000], "episode_rewards": [4408.551480105275, 4544.398561157616, 4604.320011261034, 4604.126786546195, 4600.274076570551, 4591.889148911879, 4591.3609143550575, 4592.658221382692, 4589.405644870554, 4587.944147159159, 4587.741642816112, 4585.719792457223, 4586.124947500971, 4586.68276755519, 4585.200902289131, 4584.947640170066, 4583.715228518366, 4584.39579572814, 4582.882912610048, 4582.277044035004, 4582.676108681418, 4584.117126671569, 4582.706773166948, 4582.77908655743, 4581.982131962486, 4583.11325987516, 4582.48121159267, 4582.344537918074, 4582.694147220122, 4581.424243253287, 4581.906201269732, 4581.588772577695, 4581.6830200009945, 4581.208396865736, 4581.187469859554, 4581.058698664453, 4582.431665350863, 4581.1569081401285, 4581.54251251504, 4581.765214835872, 4580.516740788833, 4581.203031971417, 4581.937743693098, 4582.279158587813, 4581.201905080914, 4581.386048230366, 4581.105066888713, 4581.229316065563, 4581.445053538559, 4580.928890934311], "episode_types": ["t", "t", "t", "t", "t", "t", "t", "t", "t", "t", "t", "t", "t", "t", "t", "t", "t", "t", "t", "t", "t", "t", "t", "t", "t", "t", "t", "t", "t", "t", "t", "t", "t", "t", "t", "t", "t", "t", "t", "t", "t", "t", "t", "t", "t", "t", "t", "t", "t", "t", "t"]}