{"initial_reset_timestamp": 1552606891.0562406, "timestamps": [1552607031.499988], "episode_lengths": [1000], "episode_rewards": [4421.6566325155945], "episode_types": ["t"]}