{"initial_reset_timestamp": 1552360343.8819032, "timestamps": [1552360953.0822678], "episode_lengths": [1000], "episode_rewards": [4968.675561820037], "episode_types": ["t"]}