{"initial_reset_timestamp": 1555673060.866209, "timestamps": [1555673697.4379067], "episode_lengths": [1000], "episode_rewards": [-3040.0674627524136], "episode_types": ["t"]}