{"initial_reset_timestamp": 1552424253.5809298, "timestamps": [1552424881.1991897], "episode_lengths": [1000], "episode_rewards": [4707.916471968394], "episode_types": ["t"]}