{"initial_reset_timestamp": 1555730390.306961, "timestamps": [1555731058.2671978], "episode_lengths": [1000], "episode_rewards": [932.2354483087759], "episode_types": ["t"]}