{"initial_reset_timestamp": 1552508153.1449542, "timestamps": [1552508761.1918468], "episode_lengths": [1000], "episode_rewards": [4836.967739916493], "episode_types": ["t"]}