{"initial_reset_timestamp": 1552368954.5763748, "timestamps": [1552369112.6169055], "episode_lengths": [1000], "episode_rewards": [4855.428580924398], "episode_types": ["t"]}