{"initial_reset_timestamp": 1552551224.740228, "timestamps": [1552551401.3284736], "episode_lengths": [1000], "episode_rewards": [4544.61269193605], "episode_types": ["t"]}