{"initial_reset_timestamp": 1555817660.807499, "timestamps": [1555818415.7248654], "episode_lengths": [1000], "episode_rewards": [4679.309263221304], "episode_types": ["t"]}