{"initial_reset_timestamp": 1552380001.9016757, "timestamps": [1552380203.0835915, 1552380399.4400785, 1552380401.6867812, 1552380403.6411228, 1552380405.5648372, 1552380406.9997401, 1552380408.7682886, 1552380410.657121, 1552380613.2704484, 1552380615.466127], "episode_lengths": [1000, 1000, 1000, 1000, 1000, 1000, 1000, 1000, 1000, 1000], "episode_rewards": [4522.842287905288, 4506.547046499334, 4696.391240752843, 4507.797179325331, 4615.828928323016, 4319.336941821073, 4618.130981652435, 4470.547287711678, 4493.5470038547455, 4546.679647624417], "episode_types": ["t", "t", "t", "t", "t", "t", "t", "t", "t", "t", "t"]}