{"initial_reset_timestamp": 1552435369.5778027, "timestamps": [1552435548.956419], "episode_lengths": [1000], "episode_rewards": [4501.193262349123], "episode_types": ["t"]}