{"initial_reset_timestamp": 1552404722.289802, "timestamps": [1552405330.8550103], "episode_lengths": [1000], "episode_rewards": [4707.815331664644], "episode_types": ["t"]}