{"initial_reset_timestamp": 1555746150.0107877, "timestamps": [1555746779.1915603], "episode_lengths": [1000], "episode_rewards": [906.9003917722832], "episode_types": ["t"]}