{"initial_reset_timestamp": 1555750354.0721667, "timestamps": [1555750487.782079], "episode_lengths": [1000], "episode_rewards": [-400.25877994722316], "episode_types": ["t"]}