{"initial_reset_timestamp": 1552620831.5073938, "timestamps": [1552621386.977028], "episode_lengths": [1000], "episode_rewards": [4645.243261590656], "episode_types": ["t"]}