{"initial_reset_timestamp": 1552484808.67602, "timestamps": [1552485440.8939486], "episode_lengths": [1000], "episode_rewards": [4738.924009099295], "episode_types": ["t"]}