{"initial_reset_timestamp": 1552353773.6840382, "timestamps": [1552353931.2489471, 1552354085.6224225, 1552354086.6883109, 1552354087.5421774, 1552354088.4153118, 1552354089.2670221, 1552354090.1378453, 1552354090.9758866, 1552354245.5010939, 1552354246.6338866, 1552354247.5596983, 1552354248.4742613, 1552354249.3920631, 1552354250.3301547, 1552354251.242729, 1552354252.1544871, 1552354253.111447, 1552354254.0476868, 1552354254.9295855, 1552354255.7822983, 1552354256.6509724, 1552354257.4909244, 1552354258.3472311, 1552354259.2047632, 1552354260.0903897, 1552354260.9294326, 1552354261.815141, 1552354414.5023775, 1552354415.5587115, 1552354416.4398541, 1552354417.33538, 1552354418.1663215, 1552354419.0229652, 1552354419.8452177, 1552354420.716569, 1552354421.6259634, 1552354422.494952, 1552354423.3666463, 1552354424.2082067, 1552354425.0922408, 1552354425.9518752, 1552354426.843085, 1552354427.8209705, 1552354428.7858064, 1552354429.682042, 1552354430.6117475, 1552354431.4960203, 1552354432.3818946, 1552354433.2823496, 1552354434.1825137], "episode_lengths": [1000, 1000, 1000, 1000, 1000, 1000, 1000, 1000, 1000, 1000, 1000, 1000, 1000, 1000, 1000, 1000, 1000, 1000, 1000, 1000, 1000, 1000, 1000, 1000, 1000, 1000, 1000, 1000, 1000, 1000, 1000, 1000, 1000, 1000, 1000, 1000, 1000, 1000, 1000, 1000, 1000, 1000, 1000, 1000, 1000, 1000, 1000, 1000, 1000, 1000], "episode_rewards": [4614.263879679769, 4776.727702224455, 4883.318685588049, 4778.795276307327, 4793.16096185906, 4831.481553480352, 4726.619835459339, 4811.273143216015, 4797.6100143046815, 4674.114168391039, 4826.597068531979, 4773.3032277211505, 4844.130285513448, 4707.405109508074, 4906.61658668569, 4786.9468554354335, 4714.416981252376, 4847.157688837368, 4769.504324515462, 4766.421284257341, 4776.54893743373, 4768.39841016982, 4855.83699740337, 4797.350177348699, 4798.122048485743, 4745.361585972695, 4755.025025596851, 4807.888939909549, 4764.699511362471, 4729.427533036607, 4752.594641765692, 4818.613986091622, 4681.468430267095, 4863.989931823058, 4743.707528401493, 4777.396574338524, 4756.025167684592, 4754.497507384669, 4833.25373516192, 4787.805524040341, 4793.6753035025595, 4779.485017187948, 4738.559169404047, 4813.7097192149795, 4767.668107262475, 4775.659521281108, 4799.986967331495, 4856.663161584514, 4830.183342576646, 4723.106868516032], "episode_types": ["t", "t", "t", "t", "t", "t", "t", "t", "t", "t", "t", "t", "t", "t", "t", "t", "t", "t", "t", "t", "t", "t", "t", "t", "t", "t", "t", "t", "t", "t", "t", "t", "t", "t", "t", "t", "t", "t", "t", "t", "t", "t", "t", "t", "t", "t", "t", "t", "t", "t", "t"]}