{"initial_reset_timestamp": 1552556048.6036613, "timestamps": [1552556194.9341204], "episode_lengths": [1000], "episode_rewards": [4437.545725202773], "episode_types": ["t"]}