{"initial_reset_timestamp": 1552354954.4540727, "timestamps": [1552355553.844339], "episode_lengths": [1000], "episode_rewards": [4757.183393945376], "episode_types": ["t"]}