{"initial_reset_timestamp": 1555744205.5116534, "timestamps": [1555744409.1675296], "episode_lengths": [1000], "episode_rewards": [4577.769486059064], "episode_types": ["t"]}