{"initial_reset_timestamp": 1555710038.9576952, "timestamps": [1555710689.601687], "episode_lengths": [1000], "episode_rewards": [254.44731616964953], "episode_types": ["t"]}