{"initial_reset_timestamp": 1552538087.462589, "timestamps": [1552538255.5056827], "episode_lengths": [1000], "episode_rewards": [4622.244434895929], "episode_types": ["t"]}