{"initial_reset_timestamp": 1552551030.7253296, "timestamps": [1552551656.3317688], "episode_lengths": [1000], "episode_rewards": [4581.492461635927], "episode_types": ["t"]}