{"initial_reset_timestamp": 1552532110.0848155, "timestamps": [1552532876.3430707], "episode_lengths": [1000], "episode_rewards": [4692.652615605405], "episode_types": ["t"]}