{"initial_reset_timestamp": 1552567796.972117, "timestamps": [1552568532.2936118, 1552569291.2025588, 1552569905.6432784, 1552570437.0129538, 1552570960.058261, 1552571484.2954726, 1552572047.3389025, 1552572642.2587216, 1552573371.7969122, 1552573898.4299161], "episode_lengths": [1000, 1000, 1000, 1000, 1000, 1000, 1000, 1000, 1000, 1000], "episode_rewards": [4729.973539527936, 4765.447215706444, 4819.797246936719, 4708.104107934058, 4828.943061255334, 4801.9757914735, 4726.302893237321, 4866.586207230315, 4666.559996621173, 4773.176521511063], "episode_types": ["t", "t", "t", "t", "t", "t", "t", "t", "t", "t", "t"]}