{"initial_reset_timestamp": 1552371989.595608, "timestamps": [1552372601.119044], "episode_lengths": [1000], "episode_rewards": [4657.144747815931], "episode_types": ["t"]}