{"initial_reset_timestamp": 1552237332.8811495, "timestamps": [1552237935.0918906, 1552238543.100363, 1552238990.6654088, 1552239440.3715289, 1552239888.6330385, 1552240339.298868, 1552240785.4571571, 1552241232.4025295, 1552241834.4963737, 1552242319.2469618, 1552242824.5464296, 1552243286.777448, 1552243733.348663, 1552244179.8631365, 1552244624.6873085, 1552245072.3360095, 1552245517.9067323, 1552245966.128858, 1552246410.8652754, 1552246857.265927], "episode_lengths": [1000, 1000, 1000, 1000, 1000, 1000, 1000, 1000, 1000, 1000, 1000, 1000, 1000, 1000, 1000, 1000, 1000, 1000, 1000, 1000], "episode_rewards": [4950.658171748511, 4955.98974265185, 4956.036579005696, 4956.056331007891, 4956.059603203674, 4956.064079516068, 4956.065617532017, 4956.064397072697, 4956.066848613438, 4956.064390140903, 4956.064783718667, 4956.065478966184, 4956.064113288196, 4956.067077159363, 4956.064745817307, 4956.066036563958, 4956.064407538118, 4956.064506810251, 4956.064778484264, 4956.064649251369], "episode_types": ["t", "t", "t", "t", "t", "t", "t", "t", "t", "t", "t", "t", "t", "t", "t", "t", "t", "t", "t", "t", "t"]}