{"initial_reset_timestamp": 1552358081.630132, "timestamps": [1552358739.7643116], "episode_lengths": [1000], "episode_rewards": [4812.921105796839], "episode_types": ["t"]}