{"initial_reset_timestamp": 1552556195.1291282, "timestamps": [1552556330.3722], "episode_lengths": [1000], "episode_rewards": [4497.680303960633], "episode_types": ["t"]}