{"initial_reset_timestamp": 1555699249.3367345, "timestamps": [1555700196.5827665], "episode_lengths": [1000], "episode_rewards": [4963.561468738596], "episode_types": ["t"]}