{"initial_reset_timestamp": 1552481749.9711697, "timestamps": [1552482390.7700987], "episode_lengths": [1000], "episode_rewards": [4486.259902310343], "episode_types": ["t"]}