{"initial_reset_timestamp": 1554430459.45503, "timestamps": [1554430662.1875296], "episode_lengths": [1000], "episode_rewards": [-449.49695661999556], "episode_types": ["t", "t"]}