{"initial_reset_timestamp": 1552464774.978713, "timestamps": [1552465418.1242373], "episode_lengths": [1000], "episode_rewards": [4619.451151319138], "episode_types": ["t"]}