{"initial_reset_timestamp": 1552473093.889388, "timestamps": [1552473904.0800548, 1552474727.1176908, 1552475285.996107, 1552475821.1159656, 1552476355.7883976, 1552476890.667852, 1552477424.652764, 1552478003.873081, 1552478802.912672, 1552479339.5651953], "episode_lengths": [1000, 1000, 1000, 1000, 1000, 1000, 1000, 1000, 1000, 1000], "episode_rewards": [4384.469285863495, 4500.409695900563, 4500.670783729507, 4501.024699085328, 4500.795300810893, 4501.399115507364, 4501.664189917619, 4501.818821426805, 4501.344082401124, 4501.657244158713], "episode_types": ["t", "t", "t", "t", "t", "t", "t", "t", "t", "t", "t"]}