{"initial_reset_timestamp": 1552520728.2770443, "timestamps": [1552520896.908156], "episode_lengths": [1000], "episode_rewards": [4346.188976149043], "episode_types": ["t"]}