{"initial_reset_timestamp": 1554432624.0318298, "timestamps": [1554433397.6198392], "episode_lengths": [1000], "episode_rewards": [-667.7348413182971], "episode_types": ["t"]}