{"initial_reset_timestamp": 1552424161.2055974, "timestamps": [1552424803.2453704], "episode_lengths": [1000], "episode_rewards": [4549.173567567112], "episode_types": ["t"]}