{"initial_reset_timestamp": 1552508513.5858853, "timestamps": [1552509133.077738], "episode_lengths": [1000], "episode_rewards": [4878.173346061106], "episode_types": ["t"]}