{"initial_reset_timestamp": 1554466886.956201, "timestamps": [1554467439.0208206], "episode_lengths": [1000], "episode_rewards": [-339.1450369252553], "episode_types": ["t"]}