{"initial_reset_timestamp": 1552504435.1385655, "timestamps": [1552504589.2751331], "episode_lengths": [1000], "episode_rewards": [4530.32775544686], "episode_types": ["t"]}