{"initial_reset_timestamp": 1555783600.3133087, "timestamps": [1555783896.2192323], "episode_lengths": [1000], "episode_rewards": [4422.25852648818], "episode_types": ["t"]}