{"initial_reset_timestamp": 1552395107.5949392, "timestamps": [1552395717.7229505], "episode_lengths": [1000], "episode_rewards": [4679.874697477165], "episode_types": ["t"]}