{"initial_reset_timestamp": 1552261625.4371178, "timestamps": [1552262235.2098634, 1552262831.1871517, 1552263264.0961576, 1552263695.931575, 1552264124.7176085, 1552264553.8506098, 1552264983.9508924, 1552265411.4194522, 1552265988.2512395, 1552266419.309123, 1552266851.8539422, 1552267283.2849429, 1552267719.0451744, 1552268153.7051077, 1552268587.4579933, 1552269022.3954859, 1552269457.5195441, 1552269893.8156502, 1552270331.7110436, 1552270769.5033312], "episode_lengths": [1000, 1000, 1000, 1000, 1000, 1000, 1000, 1000, 1000, 1000, 1000, 1000, 1000, 1000, 1000, 1000, 1000, 1000, 1000, 1000], "episode_rewards": [4505.737147380639, 4496.745384744879, 4576.7026202022025, 4499.265134670004, 4566.093322196844, 4558.508097088685, 4557.934033940832, 4558.487077725848, 4555.086833906451, 4547.6025395978395, 4552.02931855543, 4551.354310742648, 4559.372248565693, 4563.892339771233, 4566.540346917342, 4567.695514524096, 4567.408554015809, 4568.416444814213, 4567.26059826714, 4567.422604267164], "episode_types": ["t", "t", "t", "t", "t", "t", "t", "t", "t", "t", "t", "t", "t", "t", "t", "t", "t", "t", "t", "t", "t"]}