{"initial_reset_timestamp": 1552562718.9907517, "timestamps": [1552563326.5788605], "episode_lengths": [1000], "episode_rewards": [4678.8090061275025], "episode_types": ["t"]}