{"initial_reset_timestamp": 1555719324.1160958, "timestamps": [1555719524.0748792], "episode_lengths": [1000], "episode_rewards": [4573.273771193309], "episode_types": ["t"]}