{"initial_reset_timestamp": 1552366092.6598706, "timestamps": [1552366794.6271067], "episode_lengths": [1000], "episode_rewards": [4968.497869205162], "episode_types": ["t"]}