{"initial_reset_timestamp": 1552486659.7941492, "timestamps": [1552486812.2745178], "episode_lengths": [1000], "episode_rewards": [4450.184953016111], "episode_types": ["t"]}