{"initial_reset_timestamp": 1555752098.577775, "timestamps": [1555752736.6362998], "episode_lengths": [1000], "episode_rewards": [965.2683850023957], "episode_types": ["t"]}