{"initial_reset_timestamp": 1552388158.882649, "timestamps": [1552388322.7824142], "episode_lengths": [1000], "episode_rewards": [4685.672875258623], "episode_types": ["t"]}