{"initial_reset_timestamp": 1552418995.816838, "timestamps": [1552419144.1988251], "episode_lengths": [1000], "episode_rewards": [4237.780359224839], "episode_types": ["t"]}