{"initial_reset_timestamp": 1554417638.6083577, "timestamps": [1554417813.592883], "episode_lengths": [1000], "episode_rewards": [-516.7903138657647], "episode_types": ["t", "t"]}