{"initial_reset_timestamp": 1552586312.9006493, "timestamps": [1552587014.3082557], "episode_lengths": [1000], "episode_rewards": [4517.477988059002], "episode_types": ["t"]}