{"initial_reset_timestamp": 1555676590.7561328, "timestamps": [1555676688.7227464], "episode_lengths": [711], "episode_rewards": [-2071.738190546142], "episode_types": ["t", "t"]}