{"initial_reset_timestamp": 1552556801.8515728, "timestamps": [1552556956.4642777], "episode_lengths": [1000], "episode_rewards": [4493.559375280703], "episode_types": ["t"]}