{"initial_reset_timestamp": 1552745155.9136379, "timestamps": [1552745810.9228165, 1552746466.3391342, 1552746950.2004664, 1552747434.3100145, 1552747922.5676563, 1552748407.5748632, 1552748893.907744, 1552749378.8668933, 1552750031.8482554, 1552750515.5044858, 1552751000.7653134, 1552751483.4441123, 1552751970.968535, 1552752458.2947533, 1552752945.4214945, 1552753432.7646523, 1552753917.1815665, 1552754403.014337, 1552754886.2970345, 1552755371.8034608], "episode_lengths": [1000, 1000, 1000, 1000, 1000, 1000, 1000, 1000, 1000, 1000, 1000, 1000, 1000, 1000, 1000, 1000, 1000, 1000, 1000, 1000], "episode_rewards": [4726.739715227079, 4753.984523212933, 4772.308652496135, 4784.3925244653965, 4767.466643217805, 4808.062853929975, 4800.643946427067, 4798.202481430839, 4823.7618985968875, 4814.665285387088, 4783.239346111397, 4771.2081061717245, 4824.221346475187, 4840.370288818523, 4790.839605442565, 4781.246244989246, 4777.285507220738, 4811.626388195148, 4702.745439262882, 4766.798417066132], "episode_types": ["t", "t", "t", "t", "t", "t", "t", "t", "t", "t", "t", "t", "t", "t", "t", "t", "t", "t", "t", "t", "t"]}