{"initial_reset_timestamp": 1554419005.5001397, "timestamps": [1554419725.3450282], "episode_lengths": [1000], "episode_rewards": [-252.39973043524702], "episode_types": ["t"]}