{"initial_reset_timestamp": 1555743003.4894154, "timestamps": [1555743651.147162], "episode_lengths": [1000], "episode_rewards": [919.8796227757254], "episode_types": ["t"]}