{"initial_reset_timestamp": 1555716286.0633013, "timestamps": [1555717108.0937161], "episode_lengths": [1000], "episode_rewards": [4777.510095268811], "episode_types": ["t"]}