{"initial_reset_timestamp": 1552367967.7441106, "timestamps": [1552368149.7498977], "episode_lengths": [1000], "episode_rewards": [4851.250496454768], "episode_types": ["t"]}