{"initial_reset_timestamp": 1552489289.468755, "timestamps": [1552490058.651956], "episode_lengths": [1000], "episode_rewards": [4779.813763772183], "episode_types": ["t"]}