{"initial_reset_timestamp": 1552507172.0292242, "timestamps": [1552507954.4829202, 1552508687.251771, 1552509232.794688, 1552509840.5198066, 1552510425.0175526, 1552510971.425824, 1552511517.52881, 1552512061.6482577, 1552512806.8568223, 1552513352.4880092], "episode_lengths": [1000, 1000, 1000, 1000, 1000, 1000, 1000, 1000, 1000, 1000], "episode_rewards": [4724.980684779052, 4765.536441646505, 4776.670922179931, 4798.984784182679, 4774.385926862741, 4845.482217510985, 4738.538142632867, 4896.204919033084, 4740.01226544163, 4793.071433380884], "episode_types": ["t", "t", "t", "t", "t", "t", "t", "t", "t", "t", "t"]}