{"initial_reset_timestamp": 1555757605.4951982, "timestamps": [1555758460.2896254], "episode_lengths": [1000], "episode_rewards": [4779.084302276261], "episode_types": ["t"]}