{"initial_reset_timestamp": 1552264878.3770375, "timestamps": [1552265480.9509418, 1552266059.4084146, 1552266471.783106, 1552266881.4677858, 1552267291.6819923, 1552267705.4286408, 1552268116.2725859, 1552268527.3533762, 1552269071.6639688, 1552269484.2289643], "episode_lengths": [1000, 1000, 1000, 1000, 1000, 1000, 1000, 1000, 1000, 1000], "episode_rewards": [4340.3949160463535, 4436.816594433486, 4646.59483801127, 4675.891313878303, 4675.565718091309, 4675.392105856926, 4675.497059719105, 4675.558085317387, 4675.318818812179, 4675.412879518284], "episode_types": ["t", "t", "t", "t", "t", "t", "t", "t", "t", "t", "t"]}