{"initial_reset_timestamp": 1552401339.8170075, "timestamps": [1552401502.8645697], "episode_lengths": [1000], "episode_rewards": [4498.587244149238], "episode_types": ["t"]}