{"initial_reset_timestamp": 1555688327.0049164, "timestamps": [1555688979.662442], "episode_lengths": [1000], "episode_rewards": [627.6887641645914], "episode_types": ["t"]}