{"initial_reset_timestamp": 1552400614.5607276, "timestamps": [1552400794.6881163], "episode_lengths": [1000], "episode_rewards": [4455.538805283619], "episode_types": ["t"]}