{"initial_reset_timestamp": 1552373947.0832849, "timestamps": [1552374675.4674013, 1552375411.8618815, 1552375959.9384735, 1552376498.835783, 1552377038.2196047, 1552377610.9163697, 1552378221.2204442, 1552378781.5406787, 1552379455.6077557, 1552380001.3037167], "episode_lengths": [1000, 1000, 1000, 1000, 1000, 1000, 1000, 1000, 1000, 1000], "episode_rewards": [4222.142053854881, 4443.408205532179, 4600.481610501426, 4536.307402936935, 4341.916613450944, 4417.322935401678, 4463.096868567026, 4546.753031740383, 4574.118221078922, 4574.65467771834], "episode_types": ["t", "t", "t", "t", "t", "t", "t", "t", "t", "t", "t"]}