{"initial_reset_timestamp": 1552398199.9589195, "timestamps": [1552398746.696726], "episode_lengths": [1000], "episode_rewards": [4554.8507659294155], "episode_types": ["t"]}