{"initial_reset_timestamp": 1552610194.9562263, "timestamps": [1552610801.2347867], "episode_lengths": [1000], "episode_rewards": [4874.754865486799], "episode_types": ["t"]}