{"initial_reset_timestamp": 1552433756.9408467, "timestamps": [1552434437.39055], "episode_lengths": [1000], "episode_rewards": [4728.533268011813], "episode_types": ["t"]}