{"initial_reset_timestamp": 1552578911.2401092, "timestamps": [1552579525.0670414], "episode_lengths": [1000], "episode_rewards": [4715.4704060788], "episode_types": ["t"]}