{"initial_reset_timestamp": 1555819454.38321, "timestamps": [1555820111.2862806], "episode_lengths": [1000], "episode_rewards": [4259.1756005934985], "episode_types": ["t"]}