{"initial_reset_timestamp": 1552551753.3105133, "timestamps": [1552551924.5164526], "episode_lengths": [1000], "episode_rewards": [4659.225426857066], "episode_types": ["t"]}