{"initial_reset_timestamp": 1552534326.5066328, "timestamps": [1552534982.8980653], "episode_lengths": [1000], "episode_rewards": [4516.342020062183], "episode_types": ["t"]}