{"initial_reset_timestamp": 1552584452.8711686, "timestamps": [1552585072.8991647], "episode_lengths": [1000], "episode_rewards": [4523.437179936544], "episode_types": ["t"]}