{"initial_reset_timestamp": 1552783411.868925, "timestamps": [1552784123.3549817, 1552784833.562958, 1552785357.0688903, 1552785878.6358836, 1552786396.9566567, 1552786915.2503445, 1552787434.2760062, 1552787951.993734, 1552788655.288894, 1552789174.5393085, 1552789692.1766927, 1552790212.0630672, 1552790731.5012054, 1552791248.7488873, 1552791767.0949187, 1552792286.0089562, 1552792800.7195275, 1552793319.3309498, 1552793837.0031598, 1552794352.5848641], "episode_lengths": [1000, 1000, 1000, 1000, 1000, 1000, 1000, 1000, 1000, 1000, 1000, 1000, 1000, 1000, 1000, 1000, 1000, 1000, 1000, 1000], "episode_rewards": [4481.192048205813, 4306.908806119618, 4249.573126614869, 4238.011838416924, 4447.63218593537, 4510.343374991815, 4515.354523062122, 4460.719986660063, 4531.4622605777195, 4532.142834652267, 4532.537145205306, 4532.095856936811, 4531.9458533739235, 4532.344947464043, 4532.194590514768, 4532.482256492359, 4532.197623910719, 4531.963416986468, 4531.801896056647, 4532.264872424356], "episode_types": ["t", "t", "t", "t", "t", "t", "t", "t", "t", "t", "t", "t", "t", "t", "t", "t", "t", "t", "t", "t", "t"]}