{"initial_reset_timestamp": 1552422695.2918942, "timestamps": [1552423410.0219176], "episode_lengths": [1000], "episode_rewards": [4765.955458602502], "episode_types": ["t"]}