{"initial_reset_timestamp": 1552411980.2919595, "timestamps": [1552412665.3655453], "episode_lengths": [1000], "episode_rewards": [4571.274090733147], "episode_types": ["t"]}