{"initial_reset_timestamp": 1552384089.9367044, "timestamps": [1552384701.9941134], "episode_lengths": [1000], "episode_rewards": [4560.00384608193], "episode_types": ["t"]}