{"initial_reset_timestamp": 1555735054.7621906, "timestamps": [1555735197.4317386], "episode_lengths": [1000], "episode_rewards": [112.26987773174325], "episode_types": ["t"]}