{"initial_reset_timestamp": 1555873961.0144892, "timestamps": [1555874605.6746275], "episode_lengths": [1000], "episode_rewards": [4482.366236915761], "episode_types": ["t"]}