{"initial_reset_timestamp": 1552601041.0711489, "timestamps": [1552601695.5153832], "episode_lengths": [1000], "episode_rewards": [4648.80953887106], "episode_types": ["t"]}