{"initial_reset_timestamp": 1555744409.4764428, "timestamps": [1555744611.1264625], "episode_lengths": [1000], "episode_rewards": [4487.304690645676], "episode_types": ["t"]}