{"initial_reset_timestamp": 1552442227.8216922, "timestamps": [1552442857.9068742], "episode_lengths": [1000], "episode_rewards": [4811.945027605533], "episode_types": ["t"]}