{"initial_reset_timestamp": 1552537577.5573783, "timestamps": [1552537747.3083153], "episode_lengths": [1000], "episode_rewards": [4438.231620590752], "episode_types": ["t"]}