{"initial_reset_timestamp": 1555706418.176902, "timestamps": [1555707110.8329163], "episode_lengths": [1000], "episode_rewards": [684.8194230155644], "episode_types": ["t"]}