{"initial_reset_timestamp": 1554399824.2366583, "timestamps": [1554400009.6465347], "episode_lengths": [1000], "episode_rewards": [-457.219846362778], "episode_types": ["t", "t"]}