{"initial_reset_timestamp": 1552495313.1608, "timestamps": [1552495937.2863362], "episode_lengths": [1000], "episode_rewards": [4868.3781955739805], "episode_types": ["t"]}