{"initial_reset_timestamp": 1555773234.9207377, "timestamps": [1555773372.2507842], "episode_lengths": [1000], "episode_rewards": [449.2947125893574], "episode_types": ["t"]}