{"initial_reset_timestamp": 1552368900.5547566, "timestamps": [1552369509.1597366], "episode_lengths": [1000], "episode_rewards": [4776.90164811794], "episode_types": ["t"]}