{"initial_reset_timestamp": 1552490790.0212746, "timestamps": [1552491417.6081927], "episode_lengths": [1000], "episode_rewards": [4834.366376465476], "episode_types": ["t"]}