{"initial_reset_timestamp": 1552419646.9953384, "timestamps": [1552419834.0545893], "episode_lengths": [1000], "episode_rewards": [4523.939151648109], "episode_types": ["t"]}