{"initial_reset_timestamp": 1552397135.5727224, "timestamps": [1552397755.6127415], "episode_lengths": [1000], "episode_rewards": [4317.576502168715], "episode_types": ["t"]}