{"initial_reset_timestamp": 1555784329.3867967, "timestamps": [1555785379.7023945], "episode_lengths": [1000], "episode_rewards": [4511.2513075194975], "episode_types": ["t"]}