{"initial_reset_timestamp": 1555734794.5141008, "timestamps": [1555735663.862745], "episode_lengths": [1000], "episode_rewards": [4777.188877671418], "episode_types": ["t"]}