{"initial_reset_timestamp": 1552424627.3529527, "timestamps": [1552425236.8108778], "episode_lengths": [1000], "episode_rewards": [4808.573459877136], "episode_types": ["t"]}