{"initial_reset_timestamp": 1555683757.4156637, "timestamps": [1555683979.486381], "episode_lengths": [1000], "episode_rewards": [-2995.4431252344134], "episode_types": ["t", "t"]}