{"initial_reset_timestamp": 1555823772.462495, "timestamps": [1555824506.6449077], "episode_lengths": [1000], "episode_rewards": [4631.408028636022], "episode_types": ["t"]}