{"initial_reset_timestamp": 1555701055.110044, "timestamps": [1555701670.1872077], "episode_lengths": [1000], "episode_rewards": [895.0831425811501], "episode_types": ["t"]}