{"initial_reset_timestamp": 1555766068.6796148, "timestamps": [1555766539.4624174], "episode_lengths": [1000], "episode_rewards": [817.6255338651931], "episode_types": ["t"]}