{"initial_reset_timestamp": 1552600413.9893796, "timestamps": [1552601040.8624992], "episode_lengths": [1000], "episode_rewards": [4646.840255494501], "episode_types": ["t"]}