{"initial_reset_timestamp": 1552622180.5674489, "timestamps": [1552622315.0181563], "episode_lengths": [1000], "episode_rewards": [4498.703020926329], "episode_types": ["t"]}