{"initial_reset_timestamp": 1554441423.994884, "timestamps": [1554442157.2363794], "episode_lengths": [1000], "episode_rewards": [90.94134141172202], "episode_types": ["t"]}