{"initial_reset_timestamp": 1552499443.7432532, "timestamps": [1552500062.4082441], "episode_lengths": [1000], "episode_rewards": [4464.8577174048405], "episode_types": ["t"]}