{"initial_reset_timestamp": 1552396520.4222894, "timestamps": [1552397134.353769], "episode_lengths": [1000], "episode_rewards": [4866.613279082925], "episode_types": ["t"]}