{"initial_reset_timestamp": 1552374524.792809, "timestamps": [1552374681.7378175], "episode_lengths": [1000], "episode_rewards": [4535.779213271055], "episode_types": ["t"]}