{"initial_reset_timestamp": 1552450462.9073968, "timestamps": [1552451111.7195723], "episode_lengths": [1000], "episode_rewards": [4713.087677433479], "episode_types": ["t"]}