{"initial_reset_timestamp": 1552482570.6720011, "timestamps": [1552482759.3160412], "episode_lengths": [1000], "episode_rewards": [4494.342061388441], "episode_types": ["t"]}