{"initial_reset_timestamp": 1552368117.3378396, "timestamps": [1552368755.9784408], "episode_lengths": [1000], "episode_rewards": [4848.798908868408], "episode_types": ["t"]}