{"initial_reset_timestamp": 1552390826.9148445, "timestamps": [1552391444.505599], "episode_lengths": [1000], "episode_rewards": [4898.6724617660275], "episode_types": ["t"]}