{"initial_reset_timestamp": 1555891364.282457, "timestamps": [1555892041.0768676], "episode_lengths": [1000], "episode_rewards": [4695.22188548755], "episode_types": ["t"]}