{"initial_reset_timestamp": 1552490751.6238706, "timestamps": [1552491426.4335737], "episode_lengths": [1000], "episode_rewards": [4807.250806226322], "episode_types": ["t"]}