{"initial_reset_timestamp": 1555726082.704904, "timestamps": [1555727039.6756558], "episode_lengths": [1000], "episode_rewards": [4753.929969996778], "episode_types": ["t"]}