{"initial_reset_timestamp": 1552363173.53213, "timestamps": [1552363330.7737231], "episode_lengths": [1000], "episode_rewards": [4760.8694911274215], "episode_types": ["t"]}