{"initial_reset_timestamp": 1552523260.7596524, "timestamps": [1552524062.850018], "episode_lengths": [1000], "episode_rewards": [4700.868715459449], "episode_types": ["t"]}