{"initial_reset_timestamp": 1552439484.3633509, "timestamps": [1552439679.5626445, 1552439873.2912574, 1552439874.865536, 1552439876.2061753, 1552439877.653656, 1552439879.1829228, 1552439880.677476, 1552439882.2423613, 1552440060.7006927, 1552440062.5717907], "episode_lengths": [1000, 1000, 1000, 1000, 1000, 1000, 1000, 1000, 1000, 1000], "episode_rewards": [4507.496193560314, 4496.234156914047, 4366.844259813893, 4497.848652478876, 4509.631873075158, 4555.607494501294, 4605.624462592259, 4602.018287093709, 4536.331285675474, 4547.150270364162], "episode_types": ["t", "t", "t", "t", "t", "t", "t", "t", "t", "t", "t"]}