{"initial_reset_timestamp": 1555668161.5119193, "timestamps": [1555668171.8338404], "episode_lengths": [53], "episode_rewards": [-123.41349607973385], "episode_types": ["t", "t"]}