{"initial_reset_timestamp": 1552597940.2165172, "timestamps": [1552598559.1574585], "episode_lengths": [1000], "episode_rewards": [4849.29288819852], "episode_types": ["t"]}