{"initial_reset_timestamp": 1552469673.4504914, "timestamps": [1552469825.2547326], "episode_lengths": [1000], "episode_rewards": [4470.482449212038], "episode_types": ["t"]}