{"initial_reset_timestamp": 1552533402.780475, "timestamps": [1552534133.1355433], "episode_lengths": [1000], "episode_rewards": [4774.5694220003], "episode_types": ["t"]}