{"initial_reset_timestamp": 1555875723.4565027, "timestamps": [1555875923.993788], "episode_lengths": [1000], "episode_rewards": [4489.405327508756], "episode_types": ["t"]}