{"initial_reset_timestamp": 1555783896.568073, "timestamps": [1555784140.6461878], "episode_lengths": [1000], "episode_rewards": [4349.684015218246], "episode_types": ["t"]}