{"initial_reset_timestamp": 1552603043.6826177, "timestamps": [1552603661.8900633], "episode_lengths": [1000], "episode_rewards": [4523.355324238702], "episode_types": ["t"]}