{"initial_reset_timestamp": 1552449157.8910873, "timestamps": [1552449810.2785037], "episode_lengths": [1000], "episode_rewards": [4766.425629728564], "episode_types": ["t"]}