{"initial_reset_timestamp": 1552417788.0615263, "timestamps": [1552418406.8750176], "episode_lengths": [1000], "episode_rewards": [4642.0244240892525], "episode_types": ["t"]}