{"initial_reset_timestamp": 1555694243.6696823, "timestamps": [1555694505.072868], "episode_lengths": [1000], "episode_rewards": [4807.948657735902], "episode_types": ["t"]}