{"initial_reset_timestamp": 1552375092.4667153, "timestamps": [1552375711.3522167], "episode_lengths": [1000], "episode_rewards": [4815.257681846091], "episode_types": ["t"]}