{"initial_reset_timestamp": 1554436210.4988518, "timestamps": [1554436375.536088], "episode_lengths": [1000], "episode_rewards": [-563.1332228379149], "episode_types": ["t", "t"]}