{"initial_reset_timestamp": 1554454667.5270553, "timestamps": [1554455201.8134258], "episode_lengths": [1000], "episode_rewards": [-700.8322765858064], "episode_types": ["t"]}