{"initial_reset_timestamp": 1552458772.0119207, "timestamps": [1552459469.0428224], "episode_lengths": [1000], "episode_rewards": [4836.897963691623], "episode_types": ["t"]}