{"initial_reset_timestamp": 1555629381.4326546, "timestamps": [1555629532.470569], "episode_lengths": [1000], "episode_rewards": [-314.5358232501452], "episode_types": ["t", "t"]}