{"initial_reset_timestamp": 1555859362.4716349, "timestamps": [1555859537.1255405], "episode_lengths": [1000], "episode_rewards": [4454.165078218552], "episode_types": ["t"]}