{"initial_reset_timestamp": 1555685857.5793679, "timestamps": [1555686021.1176438], "episode_lengths": [1000], "episode_rewards": [1141.1233007451515], "episode_types": ["t"]}