{"initial_reset_timestamp": 1552500959.25271, "timestamps": [1552501666.6149437], "episode_lengths": [1000], "episode_rewards": [4618.193592886988], "episode_types": ["t"]}