{"initial_reset_timestamp": 1552570944.2791657, "timestamps": [1552571550.189485], "episode_lengths": [1000], "episode_rewards": [4575.943948687228], "episode_types": ["t"]}