{"initial_reset_timestamp": 1552565154.2830591, "timestamps": [1552565763.799387], "episode_lengths": [1000], "episode_rewards": [4820.242247718136], "episode_types": ["t"]}