{"initial_reset_timestamp": 1555865008.3917122, "timestamps": [1555865716.689556], "episode_lengths": [1000], "episode_rewards": [4678.285346311627], "episode_types": ["t"]}