{"initial_reset_timestamp": 1552527477.3426838, "timestamps": [1552528258.6170385], "episode_lengths": [1000], "episode_rewards": [4830.454487892495], "episode_types": ["t"]}