{"initial_reset_timestamp": 1554390691.8389196, "timestamps": [1554390884.563571], "episode_lengths": [1000], "episode_rewards": [-460.50993351077204], "episode_types": ["t", "t"]}