{"initial_reset_timestamp": 1552465201.417485, "timestamps": [1552465826.3479495], "episode_lengths": [1000], "episode_rewards": [4612.568586936918], "episode_types": ["t"]}