{"initial_reset_timestamp": 1552390668.482721, "timestamps": [1552391278.1915462], "episode_lengths": [1000], "episode_rewards": [4821.797556292115], "episode_types": ["t"]}