{"initial_reset_timestamp": 1555842452.0548117, "timestamps": [1555842622.1702151], "episode_lengths": [1000], "episode_rewards": [4521.471235197429], "episode_types": ["t"]}