{"initial_reset_timestamp": 1552437334.1089652, "timestamps": [1552438047.0502572], "episode_lengths": [1000], "episode_rewards": [4555.367180050308], "episode_types": ["t"]}