{"initial_reset_timestamp": 1552387387.87064, "timestamps": [1552387589.0370476], "episode_lengths": [1000], "episode_rewards": [4455.893937669749], "episode_types": ["t"]}