{"initial_reset_timestamp": 1552385185.2444887, "timestamps": [1552385343.3797343], "episode_lengths": [1000], "episode_rewards": [4615.865417122861], "episode_types": ["t"]}