{"initial_reset_timestamp": 1555769680.7059577, "timestamps": [1555769909.0330079], "episode_lengths": [1000], "episode_rewards": [4429.874969112361], "episode_types": ["t"]}