{"initial_reset_timestamp": 1555852388.937811, "timestamps": [1555853104.5249698], "episode_lengths": [1000], "episode_rewards": [4297.017693270285], "episode_types": ["t"]}