{"initial_reset_timestamp": 1552554161.3281617, "timestamps": [1552554783.8725307], "episode_lengths": [1000], "episode_rewards": [4617.246844979363], "episode_types": ["t"]}