{"initial_reset_timestamp": 1554444177.8150935, "timestamps": [1554444934.535798], "episode_lengths": [1000], "episode_rewards": [-504.6312669149097], "episode_types": ["t"]}