{"initial_reset_timestamp": 1552727630.9111679, "timestamps": [1552728292.8093405, 1552728965.2145398, 1552729459.8553507, 1552729954.5562637, 1552730450.6975398, 1552730946.1995046, 1552731441.6033788, 1552731935.0222733, 1552732602.754313, 1552733096.8211756, 1552733590.8140843, 1552734084.8458722, 1552734580.778449, 1552735074.3965552, 1552735569.962874, 1552736065.4786642, 1552736558.041896, 1552737052.7727606, 1552737546.0892313, 1552738041.0367846], "episode_lengths": [1000, 1000, 1000, 1000, 1000, 1000, 1000, 1000, 1000, 1000, 1000, 1000, 1000, 1000, 1000, 1000, 1000, 1000, 1000, 1000], "episode_rewards": [4359.061897241327, 4422.684811972543, 4654.469548965834, 4668.558594624232, 4668.270790119676, 4668.835818645539, 4668.73045191877, 4668.677319964949, 4668.601738142362, 4668.734421308934, 4668.907670095331, 4669.268370651136, 4668.650362583957, 4668.300853109713, 4668.207104898576, 4669.000767891523, 4669.5481096591975, 4669.0582565250115, 4668.652963970469, 4668.61639200086], "episode_types": ["t", "t", "t", "t", "t", "t", "t", "t", "t", "t", "t", "t", "t", "t", "t", "t", "t", "t", "t", "t", "t"]}