{"initial_reset_timestamp": 1552465826.5760849, "timestamps": [1552466528.9012375], "episode_lengths": [1000], "episode_rewards": [4617.7472794100195], "episode_types": ["t"]}