{"initial_reset_timestamp": 1552501438.7082171, "timestamps": [1552501598.44064], "episode_lengths": [1000], "episode_rewards": [4406.39092309848], "episode_types": ["t"]}