{"initial_reset_timestamp": 1552440542.875346, "timestamps": [1552441205.6690207], "episode_lengths": [1000], "episode_rewards": [4645.662198512344], "episode_types": ["t"]}