{"initial_reset_timestamp": 1552530575.2860565, "timestamps": [1552531341.5094626], "episode_lengths": [1000], "episode_rewards": [4784.5420752736445], "episode_types": ["t"]}