{"initial_reset_timestamp": 1554461035.2655404, "timestamps": [1554461568.5061233], "episode_lengths": [1000], "episode_rewards": [-735.8101052547474], "episode_types": ["t"]}