{"initial_reset_timestamp": 1552442902.7045722, "timestamps": [1552443076.643473], "episode_lengths": [1000], "episode_rewards": [4465.196942026591], "episode_types": ["t"]}