{"initial_reset_timestamp": 1552330177.5728695, "timestamps": [1552330847.2638319, 1552331500.1654472, 1552331982.7916825, 1552332465.7685096, 1552332944.5787957, 1552333425.8091586, 1552333906.4588258, 1552334388.0904741, 1552335037.7689803, 1552335520.6294022, 1552336006.910495, 1552336491.557557, 1552336969.4628544, 1552337450.8261888, 1552337934.7792299, 1552338416.0658813, 1552338897.1935549, 1552339381.913356, 1552339860.1729782, 1552340344.8839285], "episode_lengths": [1000, 1000, 1000, 1000, 1000, 1000, 1000, 1000, 1000, 1000, 1000, 1000, 1000, 1000, 1000, 1000, 1000, 1000, 1000, 1000], "episode_rewards": [4672.5764526966395, 4769.810543037139, 4759.715695256185, 4801.976711157782, 4779.285946287972, 4831.233351101372, 4853.874459743401, 4786.9470170094855, 4734.480837205268, 4814.732186660828, 4790.544010992653, 4861.906106511867, 4706.282996375206, 4906.456383475979, 4786.155492948786, 4672.593561968322, 4863.631699269181, 4786.713990951604, 4779.181802152481, 4698.217146671551], "episode_types": ["t", "t", "t", "t", "t", "t", "t", "t", "t", "t", "t", "t", "t", "t", "t", "t", "t", "t", "t", "t", "t"]}