{"initial_reset_timestamp": 1552340345.3487172, "timestamps": [1552340986.590959, 1552341636.986826, 1552342122.4863358, 1552342606.597305, 1552343094.1660964, 1552343579.3005822, 1552344065.896114, 1552344554.6850731, 1552345209.1634574, 1552345691.2276754, 1552346175.3950498, 1552346656.7540743, 1552347139.4363337, 1552347651.7068825, 1552348206.979705, 1552348720.5939102, 1552349205.5282197, 1552349690.8778148, 1552350173.6965008, 1552350656.8421752], "episode_lengths": [1000, 1000, 1000, 1000, 1000, 1000, 1000, 1000, 1000, 1000, 1000, 1000, 1000, 1000, 1000, 1000, 1000, 1000, 1000, 1000], "episode_rewards": [4468.52218213152, 4626.4838490326265, 4623.533610126792, 4623.457481236243, 4623.506247739941, 4623.50568390316, 4623.509436920861, 4623.506098565877, 4623.495992745542, 4623.492407661979, 4623.478319762806, 4623.49196451516, 4623.488470367074, 4623.468605300729, 4623.50130609576, 4623.495304461698, 4623.497015943753, 4623.458465616722, 4623.512915226456, 4623.508415886168], "episode_types": ["t", "t", "t", "t", "t", "t", "t", "t", "t", "t", "t", "t", "t", "t", "t", "t", "t", "t", "t", "t", "t"]}