{"initial_reset_timestamp": 1552391444.7118375, "timestamps": [1552392054.5644674], "episode_lengths": [1000], "episode_rewards": [4732.98616926934], "episode_types": ["t"]}