{"initial_reset_timestamp": 1555776386.468708, "timestamps": [1555777202.844013], "episode_lengths": [1000], "episode_rewards": [4461.018733159159], "episode_types": ["t"]}