{"initial_reset_timestamp": 1552454325.4687495, "timestamps": [1552454505.8228922], "episode_lengths": [1000], "episode_rewards": [4478.475080553604], "episode_types": ["t"]}