{"initial_reset_timestamp": 1552621388.7430868, "timestamps": [1552621547.7639391], "episode_lengths": [1000], "episode_rewards": [4315.950051750527], "episode_types": ["t"]}