{"initial_reset_timestamp": 1552573371.1518855, "timestamps": [1552573518.8063605], "episode_lengths": [1000], "episode_rewards": [4339.575913437824], "episode_types": ["t"]}