{"initial_reset_timestamp": 1552522672.5511558, "timestamps": [1552522864.041484], "episode_lengths": [1000], "episode_rewards": [4666.104283689273], "episode_types": ["t"]}