{"initial_reset_timestamp": 1555842272.2345166, "timestamps": [1555842451.798979], "episode_lengths": [1000], "episode_rewards": [4409.550757891273], "episode_types": ["t"]}