{"initial_reset_timestamp": 1552587645.2121725, "timestamps": [1552588317.6813166], "episode_lengths": [1000], "episode_rewards": [4518.829034611707], "episode_types": ["t"]}