{"initial_reset_timestamp": 1555835008.2561831, "timestamps": [1555835828.1641943], "episode_lengths": [1000], "episode_rewards": [4792.466721196734], "episode_types": ["t"]}