{"initial_reset_timestamp": 1552419834.2768896, "timestamps": [1552420002.618592], "episode_lengths": [1000], "episode_rewards": [4527.741653390493], "episode_types": ["t"]}