{"initial_reset_timestamp": 1555701368.1711156, "timestamps": [1555702273.8924842], "episode_lengths": [1000], "episode_rewards": [4446.717705666684], "episode_types": ["t"]}