{"initial_reset_timestamp": 1552394087.9093113, "timestamps": [1552394696.506761], "episode_lengths": [1000], "episode_rewards": [4690.889517663352], "episode_types": ["t"]}