{"initial_reset_timestamp": 1552259887.0803456, "timestamps": [1552260481.8036907, 1552261131.0342648, 1552261632.1672971, 1552262080.757954, 1552262522.6211634, 1552262964.4924245, 1552263403.1230073, 1552263843.6735978, 1552264435.9119556, 1552264877.93583], "episode_lengths": [1000, 1000, 1000, 1000, 1000, 1000, 1000, 1000, 1000, 1000], "episode_rewards": [4682.007111107591, 4891.097389810746, 4807.766735133975, 4684.642214223671, 4848.745608365073, 4775.014080810755, 4713.847192201979, 4788.169230278954, 4884.726056562881, 4727.656234809475], "episode_types": ["t", "t", "t", "t", "t", "t", "t", "t", "t", "t", "t"]}