{"initial_reset_timestamp": 1552546604.8892696, "timestamps": [1552547230.7035422], "episode_lengths": [1000], "episode_rewards": [4758.108918432322], "episode_types": ["t"]}