{"initial_reset_timestamp": 1552549270.0034633, "timestamps": [1552549896.531665], "episode_lengths": [1000], "episode_rewards": [4603.627088552331], "episode_types": ["t"]}