{"initial_reset_timestamp": 1552536473.8322384, "timestamps": [1552537043.6171842], "episode_lengths": [1000], "episode_rewards": [4606.81811137222], "episode_types": ["t"]}