{"initial_reset_timestamp": 1552385099.496923, "timestamps": [1552385255.9524298], "episode_lengths": [1000], "episode_rewards": [4718.310513603228], "episode_types": ["t"]}