{"initial_reset_timestamp": 1552468222.0810032, "timestamps": [1552468375.5238955], "episode_lengths": [1000], "episode_rewards": [4739.597705533975], "episode_types": ["t"]}