{"initial_reset_timestamp": 1552375711.573262, "timestamps": [1552376331.7942963], "episode_lengths": [1000], "episode_rewards": [4798.545537002232], "episode_types": ["t"]}