{"initial_reset_timestamp": 1552393157.7199314, "timestamps": [1552393848.6469262], "episode_lengths": [1000], "episode_rewards": [4569.501028526852], "episode_types": ["t"]}