{"initial_reset_timestamp": 1552545355.1441965, "timestamps": [1552545984.9768806], "episode_lengths": [1000], "episode_rewards": [4817.15398671184], "episode_types": ["t"]}