{"initial_reset_timestamp": 1552502051.74875, "timestamps": [1552502720.8925874], "episode_lengths": [1000], "episode_rewards": [4730.573105777492], "episode_types": ["t"]}