{"initial_reset_timestamp": 1552462111.440212, "timestamps": [1552462731.4893205], "episode_lengths": [1000], "episode_rewards": [4728.682612624865], "episode_types": ["t"]}