{"initial_reset_timestamp": 1552387807.8341696, "timestamps": [1552388562.619859, 1552389341.4389932, 1552389938.9626534, 1552390478.0415378, 1552391000.6785722, 1552391520.4002066, 1552392038.4027991, 1552392558.9246397, 1552393332.6304574, 1552393927.1404326], "episode_lengths": [1000, 1000, 1000, 1000, 1000, 1000, 1000, 1000, 1000, 1000], "episode_rewards": [4664.935183982735, 4814.719869698371, 4806.238412814365, 4881.834415706312, 4759.73773212057, 4785.2850668288065, 4839.488181042162, 4740.533783251004, 4780.923154675959, 4847.148663929138], "episode_types": ["t", "t", "t", "t", "t", "t", "t", "t", "t", "t", "t"]}