{"initial_reset_timestamp": 1552476967.0598352, "timestamps": [1552477647.8561816], "episode_lengths": [1000], "episode_rewards": [4734.224103506837], "episode_types": ["t"]}