{"initial_reset_timestamp": 1555662265.4253926, "timestamps": [1555662395.5005283], "episode_lengths": [1000], "episode_rewards": [-3129.807850071221], "episode_types": ["t", "t"]}