{"initial_reset_timestamp": 1552413931.4527187, "timestamps": [1552414090.8311622], "episode_lengths": [1000], "episode_rewards": [4548.260844916128], "episode_types": ["t"]}