{"initial_reset_timestamp": 1555785382.4668999, "timestamps": [1555785574.1767619], "episode_lengths": [1000], "episode_rewards": [4417.12769252088], "episode_types": ["t"]}