{"initial_reset_timestamp": 1555736487.999535, "timestamps": [1555737378.3603702], "episode_lengths": [1000], "episode_rewards": [4827.441224500343], "episode_types": ["t"]}