{"initial_reset_timestamp": 1552494231.5560567, "timestamps": [1552494932.542596], "episode_lengths": [1000], "episode_rewards": [4513.370973547536], "episode_types": ["t"]}