{"initial_reset_timestamp": 1552441592.6792195, "timestamps": [1552442227.608764], "episode_lengths": [1000], "episode_rewards": [4795.424808060607], "episode_types": ["t"]}