{"initial_reset_timestamp": 1554416066.9018066, "timestamps": [1554416824.4164674], "episode_lengths": [1000], "episode_rewards": [-382.21695260215097], "episode_types": ["t"]}