{"initial_reset_timestamp": 1552400249.5465045, "timestamps": [1552400431.5054245], "episode_lengths": [1000], "episode_rewards": [4380.023771110682], "episode_types": ["t"]}