{"initial_reset_timestamp": 1552430295.795181, "timestamps": [1552430908.7029312], "episode_lengths": [1000], "episode_rewards": [4412.61159397316], "episode_types": ["t"]}