{"initial_reset_timestamp": 1552385499.62942, "timestamps": [1552385657.3437946], "episode_lengths": [1000], "episode_rewards": [4561.664339068182], "episode_types": ["t"]}