{"initial_reset_timestamp": 1555682759.8462834, "timestamps": [1555682915.0471518], "episode_lengths": [1000], "episode_rewards": [1136.9796820764757], "episode_types": ["t"]}