{"initial_reset_timestamp": 1555764359.5030694, "timestamps": [1555764633.8522782], "episode_lengths": [1000], "episode_rewards": [4445.9457715100925], "episode_types": ["t"]}