{"initial_reset_timestamp": 1555798338.2559981, "timestamps": [1555799293.1940854], "episode_lengths": [1000], "episode_rewards": [4688.3017687165075], "episode_types": ["t"]}