{"initial_reset_timestamp": 1555825952.0781026, "timestamps": [1555826619.0526936], "episode_lengths": [1000], "episode_rewards": [4573.672701458982], "episode_types": ["t"]}