{"initial_reset_timestamp": 1552480488.647678, "timestamps": [1552481114.2218156], "episode_lengths": [1000], "episode_rewards": [4438.031457645721], "episode_types": ["t"]}