{"initial_reset_timestamp": 1555741761.2015615, "timestamps": [1555742647.943995], "episode_lengths": [1000], "episode_rewards": [4469.673349449624], "episode_types": ["t"]}