{"initial_reset_timestamp": 1552533659.2344377, "timestamps": [1552534326.262975], "episode_lengths": [1000], "episode_rewards": [4538.822143118734], "episode_types": ["t"]}