{"initial_reset_timestamp": 1552409281.8638513, "timestamps": [1552409908.8152921], "episode_lengths": [1000], "episode_rewards": [4783.730796583409], "episode_types": ["t"]}