{"initial_reset_timestamp": 1552372601.3296316, "timestamps": [1552373213.9415522], "episode_lengths": [1000], "episode_rewards": [4663.614215385707], "episode_types": ["t"]}