{"initial_reset_timestamp": 1555797283.200758, "timestamps": [1555798337.9090414], "episode_lengths": [1000], "episode_rewards": [4799.333718286316], "episode_types": ["t"]}