{"initial_reset_timestamp": 1554431867.8069694, "timestamps": [1554432623.4650548], "episode_lengths": [1000], "episode_rewards": [-290.32099601234614], "episode_types": ["t"]}