{"initial_reset_timestamp": 1552534086.5299358, "timestamps": [1552534709.5392103], "episode_lengths": [1000], "episode_rewards": [4642.566807200539], "episode_types": ["t"]}