{"initial_reset_timestamp": 1552486962.0370374, "timestamps": [1552487759.4315894, 1552488584.7046812, 1552489159.9661791, 1552489772.0013094, 1552490356.3629622, 1552490899.4938414, 1552491440.0737762, 1552491979.8839834, 1552492714.8167703, 1552493259.2831018], "episode_lengths": [1000, 1000, 1000, 1000, 1000, 1000, 1000, 1000, 1000, 1000], "episode_rewards": [4618.739086320624, 4823.4195623852365, 4845.266620407618, 4756.757456678096, 4827.819245455948, 4704.02674633899, 4895.881590920082, 4779.741815122465, 4715.338029144101, 4825.8570916889], "episode_types": ["t", "t", "t", "t", "t", "t", "t", "t", "t", "t", "t"]}