{"initial_reset_timestamp": 1552821469.685851, "timestamps": [1552822174.1820383, 1552822871.950676, 1552823392.7747118, 1552823910.486353, 1552824426.3490248, 1552824942.9668682, 1552825455.103394, 1552825967.0256798, 1552826667.816772, 1552827184.1101596, 1552827699.2615104, 1552828217.00602, 1552828734.0733535, 1552829252.9262292, 1552829771.2910597, 1552830286.884495, 1552830807.66108, 1552831329.214349, 1552831849.2004287, 1552832371.0471416, 1552832891.9274573, 1552833411.220117, 1552833933.166261, 1552834456.3727005, 1552834978.8431323, 1552835475.5765834, 1552835987.5447288, 1552836699.0537558, 1552837208.163239, 1552837699.517098, 1552838190.7522805, 1552838706.5249422, 1552839214.9517078, 1552839731.3031402, 1552840218.1272368, 1552840721.5390873, 1552841242.602371, 1552841750.1112018, 1552842232.9883506, 1552842713.9207442, 1552843204.1399372, 1552843684.7540848, 1552844192.5999236, 1552844705.1312273, 1552845213.6309237, 1552845738.0725214, 1552846247.5930948, 1552846756.399554, 1552847278.8651342, 1552847791.17805], "episode_lengths": [1000, 1000, 1000, 1000, 1000, 1000, 1000, 1000, 1000, 1000, 1000, 1000, 1000, 1000, 1000, 1000, 1000, 1000, 1000, 1000, 1000, 1000, 1000, 1000, 1000, 1000, 1000, 1000, 1000, 1000, 1000, 1000, 1000, 1000, 1000, 1000, 1000, 1000, 1000, 1000, 1000, 1000, 1000, 1000, 1000, 1000, 1000, 1000, 1000, 1000], "episode_rewards": [4739.680575813853, 4786.216462855489, 4668.539833826349, 4841.918050980894, 4808.670935594145, 4803.979448167674, 4727.740110500282, 4833.60904012886, 4740.686702925361, 4716.724555946535, 4898.325869851287, 4809.367010812855, 4698.238101662029, 4811.162727923725, 4803.661640366337, 4829.110867169606, 4792.666306924358, 4691.358224729082, 4902.898523901121, 4701.33831940764, 4880.645113847282, 4710.891395304124, 4821.540488671986, 4789.877792247623, 4712.354469207399, 4838.063665795518, 4799.493990160298, 4744.3613671396915, 4772.542715379194, 4855.634636180068, 4737.114473403431, 4870.664590472853, 4756.554430312163, 4878.579867058739, 4725.491841143362, 4792.6736036012835, 4864.190886928968, 4699.914970369021, 4876.095240242813, 4864.616978643796, 4766.563823730733, 4689.737615189711, 4858.384211496962, 4785.23726879514, 4699.296983897453, 4864.102543298964, 4750.647880595749, 4777.647543051211, 4688.907053588129, 4851.199640656885], "episode_types": ["t", "t", "t", "t", "t", "t", "t", "t", "t", "t", "t", "t", "t", "t", "t", "t", "t", "t", "t", "t", "t", "t", "t", "t", "t", "t", "t", "t", "t", "t", "t", "t", "t", "t", "t", "t", "t", "t", "t", "t", "t", "t", "t", "t", "t", "t", "t", "t", "t", "t", "t"]}