{"initial_reset_timestamp": 1555718047.2771807, "timestamps": [1555719006.0809], "episode_lengths": [1000], "episode_rewards": [4444.099049864379], "episode_types": ["t"]}