{"initial_reset_timestamp": 1552620278.8086448, "timestamps": [1552620831.3180594], "episode_lengths": [1000], "episode_rewards": [4645.256670175754], "episode_types": ["t"]}