{"initial_reset_timestamp": 1552535303.282909, "timestamps": [1552535887.861516], "episode_lengths": [1000], "episode_rewards": [4631.080061402248], "episode_types": ["t"]}