{"initial_reset_timestamp": 1554433398.4689298, "timestamps": [1554433544.2324004], "episode_lengths": [1000], "episode_rewards": [-956.7954927917804], "episode_types": ["t", "t"]}