{"initial_reset_timestamp": 1552615635.066721, "timestamps": [1552616240.6198828], "episode_lengths": [1000], "episode_rewards": [4400.721136761863], "episode_types": ["t"]}