{"initial_reset_timestamp": 1552482390.9639256, "timestamps": [1552483015.0262177], "episode_lengths": [1000], "episode_rewards": [4403.727448246232], "episode_types": ["t"]}