{"initial_reset_timestamp": 1552399421.7715158, "timestamps": [1552399598.196491, 1552399770.8532698, 1552399772.7147818, 1552399774.2438724, 1552399775.7838523, 1552399777.2853448, 1552399778.6409376, 1552399780.0184424, 1552399968.9188466, 1552399970.5045555], "episode_lengths": [1000, 1000, 1000, 1000, 1000, 1000, 1000, 1000, 1000, 1000], "episode_rewards": [4356.018096647591, 4625.670622779229, 4395.942557676665, 4586.108620714613, 4461.9856263569645, 4514.987120287065, 4346.743243501765, 4510.72142975799, 4488.668959992628, 4475.963695467077], "episode_types": ["t", "t", "t", "t", "t", "t", "t", "t", "t", "t", "t"]}