{"initial_reset_timestamp": 1555667511.189515, "timestamps": [1555668160.9439821], "episode_lengths": [1000], "episode_rewards": [-3010.674488855104], "episode_types": ["t"]}