{"initial_reset_timestamp": 1552517719.1712432, "timestamps": [1552518304.4346306], "episode_lengths": [1000], "episode_rewards": [4472.217262217722], "episode_types": ["t"]}