{"initial_reset_timestamp": 1552518304.6577547, "timestamps": [1552518891.6662462], "episode_lengths": [1000], "episode_rewards": [4361.999257380484], "episode_types": ["t"]}