{"initial_reset_timestamp": 1552505785.6635633, "timestamps": [1552506477.682798], "episode_lengths": [1000], "episode_rewards": [4680.951422595611], "episode_types": ["t"]}