{"initial_reset_timestamp": 1555727689.0855572, "timestamps": [1555728245.1000972], "episode_lengths": [1000], "episode_rewards": [929.6005703281926], "episode_types": ["t"]}