{"initial_reset_timestamp": 1552358739.962472, "timestamps": [1552359401.2833986], "episode_lengths": [1000], "episode_rewards": [4891.78294885094], "episode_types": ["t"]}