{"initial_reset_timestamp": 1552530989.427957, "timestamps": [1552531797.013573], "episode_lengths": [1000], "episode_rewards": [4796.379300369864], "episode_types": ["t"]}