{"initial_reset_timestamp": 1552359401.4929812, "timestamps": [1552360000.9836078], "episode_lengths": [1000], "episode_rewards": [4756.164581617289], "episode_types": ["t"]}