{"initial_reset_timestamp": 1552278091.7629158, "timestamps": [1552278690.454595, 1552279288.0864582, 1552279733.692964, 1552280171.105864, 1552280612.6183772, 1552281054.9855042, 1552281495.8180041, 1552281936.0112925, 1552282534.0889285, 1552282977.641379, 1552283422.472219, 1552283871.5326464, 1552284315.639133, 1552284759.268995, 1552285208.0215316, 1552285651.2189326, 1552286099.2998655, 1552286537.4693341, 1552286987.4055176, 1552287435.6436925], "episode_lengths": [1000, 1000, 1000, 1000, 1000, 1000, 1000, 1000, 1000, 1000, 1000, 1000, 1000, 1000, 1000, 1000, 1000, 1000, 1000, 1000], "episode_rewards": [4669.155046131642, 4792.98172116281, 4777.512466932073, 4871.311106333626, 4732.9411466335005, 4737.168667371486, 4811.559499689861, 4737.098449481947, 4886.999024080751, 4773.76294825225, 4725.113172086594, 4742.084545379717, 4787.581617922206, 4873.624864787538, 4672.904842555118, 4858.266672611397, 4698.309280217695, 4819.899859388038, 4776.542631866921, 4765.5047286599565], "episode_types": ["t", "t", "t", "t", "t", "t", "t", "t", "t", "t", "t", "t", "t", "t", "t", "t", "t", "t", "t", "t", "t"]}