{"initial_reset_timestamp": 1552413352.790702, "timestamps": [1552414084.7073312, 1552414886.2898455, 1552415474.959843, 1552416019.7218099, 1552416570.5238054, 1552417183.8104384, 1552417764.511124, 1552418305.5683672, 1552419102.5543184, 1552419712.7349207], "episode_lengths": [1000, 1000, 1000, 1000, 1000, 1000, 1000, 1000, 1000, 1000], "episode_rewards": [4451.120365190943, 4555.0993149578135, 4473.490527340973, 4637.031994967906, 4616.2508055652015, 4616.566053206815, 4609.201314203966, 4587.212647587461, 4581.732502592701, 4563.4332466561855], "episode_types": ["t", "t", "t", "t", "t", "t", "t", "t", "t", "t", "t"]}