{"initial_reset_timestamp": 1552507236.5167325, "timestamps": [1552507896.7594662], "episode_lengths": [1000], "episode_rewards": [4849.358797294805], "episode_types": ["t"]}