{"initial_reset_timestamp": 1552467329.1195416, "timestamps": [1552468037.853737], "episode_lengths": [1000], "episode_rewards": [4589.415655846812], "episode_types": ["t"]}