{"initial_reset_timestamp": 1552464131.5052762, "timestamps": [1552464774.770416], "episode_lengths": [1000], "episode_rewards": [4619.393716698414], "episode_types": ["t"]}