{"initial_reset_timestamp": 1555698011.2055469, "timestamps": [1555698606.6041055], "episode_lengths": [1000], "episode_rewards": [814.7180968182347], "episode_types": ["t"]}