{"initial_reset_timestamp": 1552419093.1052852, "timestamps": [1552419280.268872], "episode_lengths": [1000], "episode_rewards": [4660.101447057157], "episode_types": ["t"]}