{"initial_reset_timestamp": 1552408654.1259508, "timestamps": [1552409281.65339], "episode_lengths": [1000], "episode_rewards": [4778.213709749497], "episode_types": ["t"]}