{"initial_reset_timestamp": 1552496961.7362096, "timestamps": [1552497579.2110379], "episode_lengths": [1000], "episode_rewards": [4751.0312742180795], "episode_types": ["t"]}