{"initial_reset_timestamp": 1555892725.5412045, "timestamps": [1555892900.4541328], "episode_lengths": [1000], "episode_rewards": [4460.330128337651], "episode_types": ["t"]}