{"initial_reset_timestamp": 1552605679.5840116, "timestamps": [1552605842.5932918], "episode_lengths": [1000], "episode_rewards": [4575.2563157800705], "episode_types": ["t"]}