{"initial_reset_timestamp": 1555723832.3125129, "timestamps": [1555724070.3733077], "episode_lengths": [1000], "episode_rewards": [4498.195314219302], "episode_types": ["t"]}