{"initial_reset_timestamp": 1552486964.4231517, "timestamps": [1552487097.165212], "episode_lengths": [1000], "episode_rewards": [4402.251019821948], "episode_types": ["t"]}