{"initial_reset_timestamp": 1552486785.8271387, "timestamps": [1552487457.918093], "episode_lengths": [1000], "episode_rewards": [4606.417402644595], "episode_types": ["t"]}