{"initial_reset_timestamp": 1552363406.626881, "timestamps": [1552363566.993116], "episode_lengths": [1000], "episode_rewards": [4676.740845589896], "episode_types": ["t"]}