{"initial_reset_timestamp": 1552491426.6871367, "timestamps": [1552492099.1127381], "episode_lengths": [1000], "episode_rewards": [4742.213263185099], "episode_types": ["t"]}