{"initial_reset_timestamp": 1552513353.039545, "timestamps": [1552514108.1880057, 1552514912.176526, 1552515518.137279, 1552516087.9102864, 1552516691.9990103, 1552517300.4051354, 1552517860.5507495, 1552518400.8485289, 1552519140.7665153, 1552519684.2882738], "episode_lengths": [1000, 1000, 1000, 1000, 1000, 1000, 1000, 1000, 1000, 1000], "episode_rewards": [4394.427012141839, 4422.189189844039, 4519.317456364885, 4467.200893006667, 4503.277082257885, 4482.229554421444, 4525.921033060908, 4528.719243715761, 4587.977689333164, 4587.976847743121], "episode_types": ["t", "t", "t", "t", "t", "t", "t", "t", "t", "t", "t"]}