{"initial_reset_timestamp": 1552536305.3080394, "timestamps": [1552536962.6916478], "episode_lengths": [1000], "episode_rewards": [4600.9320077957045], "episode_types": ["t"]}