{"initial_reset_timestamp": 1554407392.2303016, "timestamps": [1554408149.8784456], "episode_lengths": [1000], "episode_rewards": [-306.71399659719594], "episode_types": ["t"]}