{"initial_reset_timestamp": 1552461492.9665205, "timestamps": [1552462111.2414477], "episode_lengths": [1000], "episode_rewards": [4737.894839194306], "episode_types": ["t"]}