{"initial_reset_timestamp": 1555851245.1058643, "timestamps": [1555851983.6962268], "episode_lengths": [1000], "episode_rewards": [4688.610028186317], "episode_types": ["t"]}