{"initial_reset_timestamp": 1552440794.5931349, "timestamps": [1552440963.8260093], "episode_lengths": [1000], "episode_rewards": [4565.739582724127], "episode_types": ["t"]}