{"initial_reset_timestamp": 1554429665.6756594, "timestamps": [1554430458.4349566], "episode_lengths": [1000], "episode_rewards": [532.1920398259971], "episode_types": ["t"]}