{"initial_reset_timestamp": 1552358186.4280324, "timestamps": [1552358851.0258121], "episode_lengths": [1000], "episode_rewards": [4897.286536757575], "episode_types": ["t"]}