{"initial_reset_timestamp": 1552453322.36568, "timestamps": [1552453960.3073273], "episode_lengths": [1000], "episode_rewards": [4596.8919946096075], "episode_types": ["t"]}