{"initial_reset_timestamp": 1552522499.30723, "timestamps": [1552522672.2929618], "episode_lengths": [1000], "episode_rewards": [4361.3611024151], "episode_types": ["t"]}