{"initial_reset_timestamp": 1552550412.5614214, "timestamps": [1552551030.4961743], "episode_lengths": [1000], "episode_rewards": [4505.895224157873], "episode_types": ["t"]}