{"initial_reset_timestamp": 1552524588.4720037, "timestamps": [1552525230.7527456], "episode_lengths": [1000], "episode_rewards": [4683.859044345135], "episode_types": ["t"]}