{"initial_reset_timestamp": 1552565053.4648063, "timestamps": [1552565245.375304, 1552565435.1037555, 1552565436.7649333, 1552565438.2236488, 1552565439.6631558, 1552565441.019486, 1552565442.3935108, 1552565443.803689, 1552565606.247816, 1552565607.820975, 1552565609.269039, 1552565610.6336308, 1552565612.0605295, 1552565613.6050344, 1552565615.1843464, 1552565616.6983263, 1552565618.3713803, 1552565620.0651815, 1552565621.7957048, 1552565623.5517967], "episode_lengths": [1000, 1000, 1000, 1000, 1000, 1000, 1000, 1000, 1000, 1000, 1000, 1000, 1000, 1000, 1000, 1000, 1000, 1000, 1000, 1000], "episode_rewards": [4654.011186430469, 4395.017621132595, 4533.482391977361, 4349.203562142319, 4640.744284226451, 4553.751540478108, 4532.02468327023, 4544.921169508751, 4610.4508161066415, 4461.721413350391, 4627.131702051779, 4501.797258746726, 4500.403103798769, 4628.376163835861, 4577.276088446307, 4491.609568523025, 4528.8087179662525, 4528.7067027426165, 4653.296801762825, 4526.9677864037985], "episode_types": ["t", "t", "t", "t", "t", "t", "t", "t", "t", "t", "t", "t", "t", "t", "t", "t", "t", "t", "t", "t", "t"]}