{"initial_reset_timestamp": 1555743653.993645, "timestamps": [1555744236.5562077], "episode_lengths": [1000], "episode_rewards": [673.3146664082612], "episode_types": ["t"]}