{"initial_reset_timestamp": 1552426133.8074083, "timestamps": [1552426807.193811], "episode_lengths": [1000], "episode_rewards": [4903.858356029086], "episode_types": ["t"]}