{"initial_reset_timestamp": 1555712640.3077898, "timestamps": [1555713267.1916544], "episode_lengths": [1000], "episode_rewards": [1084.4464063441087], "episode_types": ["t"]}