{"initial_reset_timestamp": 1552454358.661897, "timestamps": [1552454527.1170402], "episode_lengths": [1000], "episode_rewards": [4459.867432558235], "episode_types": ["t"]}