{"initial_reset_timestamp": 1552572766.1809318, "timestamps": [1552572917.2958984], "episode_lengths": [1000], "episode_rewards": [4425.886376895892], "episode_types": ["t"]}