{"initial_reset_timestamp": 1552476011.745005, "timestamps": [1552476639.6884527], "episode_lengths": [1000], "episode_rewards": [4563.541085632656], "episode_types": ["t"]}