{"initial_reset_timestamp": 1552374997.0852892, "timestamps": [1552375153.2008584], "episode_lengths": [1000], "episode_rewards": [4607.427391879547], "episode_types": ["t"]}