{"initial_reset_timestamp": 1552510502.4371364, "timestamps": [1552511130.268917], "episode_lengths": [1000], "episode_rewards": [4463.685862080893], "episode_types": ["t"]}