{"initial_reset_timestamp": 1555834275.7233248, "timestamps": [1555835008.0328908], "episode_lengths": [1000], "episode_rewards": [4692.536197966665], "episode_types": ["t"]}