{"initial_reset_timestamp": 1552443480.087346, "timestamps": [1552444103.7022822], "episode_lengths": [1000], "episode_rewards": [4814.327620711373], "episode_types": ["t"]}