{"initial_reset_timestamp": 1555872323.0164387, "timestamps": [1555873008.992776], "episode_lengths": [1000], "episode_rewards": [4390.048821351576], "episode_types": ["t"]}