{"initial_reset_timestamp": 1555697504.0198102, "timestamps": [1555698431.6899917], "episode_lengths": [1000], "episode_rewards": [4797.695906450236], "episode_types": ["t"]}