{"initial_reset_timestamp": 1552408777.4263551, "timestamps": [1552409407.2159064], "episode_lengths": [1000], "episode_rewards": [4840.962843078142], "episode_types": ["t"]}