{"initial_reset_timestamp": 1555820607.9147792, "timestamps": [1555821346.042652], "episode_lengths": [1000], "episode_rewards": [4829.258316337982], "episode_types": ["t"]}