{"initial_reset_timestamp": 1552415177.3540342, "timestamps": [1552415807.2247372], "episode_lengths": [1000], "episode_rewards": [4791.920911515847], "episode_types": ["t"]}