{"initial_reset_timestamp": 1552357840.9447708, "timestamps": [1552358547.6797714, 1552359321.4659412, 1552359828.9528904, 1552360334.2836056, 1552360840.3967466, 1552361346.2476993, 1552361852.5625489, 1552362360.1742592, 1552363053.3794885, 1552363565.5505447, 1552364071.6033015, 1552364573.560292, 1552365071.1771107, 1552365578.0330014, 1552366076.2496936, 1552366653.4216852, 1552367324.3008611, 1552367954.069929, 1552368509.2357724, 1552369014.602628], "episode_lengths": [1000, 1000, 1000, 1000, 1000, 1000, 1000, 1000, 1000, 1000, 1000, 1000, 1000, 1000, 1000, 1000, 1000, 1000, 1000, 1000], "episode_rewards": [4638.302011942049, 4848.176629960703, 4756.290201489325, 4766.170725910508, 4824.516363364913, 4813.187015653752, 4754.282542401491, 4848.68470107424, 4743.518560601516, 4831.895791069407, 4705.139198495475, 4752.489236437907, 4811.241028531076, 4788.722468837767, 4865.572120896938, 4693.8201894538515, 4832.107675198404, 4840.091732163534, 4685.649574960511, 4845.040233988191], "episode_types": ["t", "t", "t", "t", "t", "t", "t", "t", "t", "t", "t", "t", "t", "t", "t", "t", "t", "t", "t", "t", "t"]}