{"initial_reset_timestamp": 1552435004.500478, "timestamps": [1552435183.9315937], "episode_lengths": [1000], "episode_rewards": [4523.50673923648], "episode_types": ["t"]}