{"initial_reset_timestamp": 1552412539.3728254, "timestamps": [1552413154.3594568], "episode_lengths": [1000], "episode_rewards": [4407.526839035211], "episode_types": ["t"]}