{"initial_reset_timestamp": 1552557683.2271116, "timestamps": [1552558359.3997278], "episode_lengths": [1000], "episode_rewards": [4730.7772392563165], "episode_types": ["t"]}