{"initial_reset_timestamp": 1552529794.627842, "timestamps": [1552530575.0169203], "episode_lengths": [1000], "episode_rewards": [4654.513839269998], "episode_types": ["t"]}