{"initial_reset_timestamp": 1552440343.1869907, "timestamps": [1552440961.0418906], "episode_lengths": [1000], "episode_rewards": [4817.392354939811], "episode_types": ["t"]}