{"initial_reset_timestamp": 1552481973.0271823, "timestamps": [1552482174.2342863], "episode_lengths": [1000], "episode_rewards": [4384.376510202175], "episode_types": ["t"]}