{"initial_reset_timestamp": 1555723278.8318465, "timestamps": [1555723561.8159516], "episode_lengths": [1000], "episode_rewards": [4426.478219315494], "episode_types": ["t"]}