{"initial_reset_timestamp": 1552392664.2493234, "timestamps": [1552393345.3394563], "episode_lengths": [1000], "episode_rewards": [4781.419631477626], "episode_types": ["t"]}