{"initial_reset_timestamp": 1552399286.6440778, "timestamps": [1552399827.6824193], "episode_lengths": [1000], "episode_rewards": [4525.606116202721], "episode_types": ["t"]}