{"initial_reset_timestamp": 1552529069.1816792, "timestamps": [1552529839.1813257], "episode_lengths": [1000], "episode_rewards": [4706.792965382679], "episode_types": ["t"]}