{"initial_reset_timestamp": 1552330874.141552, "timestamps": [1552331469.7398226, 1552332069.299379, 1552332513.1760914, 1552332955.2620974, 1552333394.549974, 1552333838.5894709, 1552334278.780854, 1552334722.1036112, 1552335319.4469593, 1552335760.8708847, 1552336204.5444663, 1552336645.153442, 1552337085.897229, 1552337528.4407523, 1552337971.9137983, 1552338413.4816065, 1552338854.4972503, 1552339294.623803, 1552339738.1334646, 1552340177.3360791, 1552340618.2815592, 1552341060.8087575, 1552341504.6815882, 1552341950.0551062, 1552342393.769676, 1552342840.9855735, 1552343284.285956, 1552343887.0389342, 1552344332.4106324, 1552344777.956581, 1552345221.2784379, 1552345663.9463952, 1552346103.909435, 1552346546.9973447, 1552346986.961669, 1552347431.2024746, 1552347935.6151953, 1552348434.4914384, 1552348877.9573689, 1552349323.9405034, 1552349766.446541, 1552350208.2841847, 1552350649.4938834, 1552351095.9883294, 1552351540.7521935, 1552351986.9165149, 1552352432.806028, 1552352878.486766, 1552353326.3728046, 1552353773.254712], "episode_lengths": [1000, 1000, 1000, 1000, 1000, 1000, 1000, 1000, 1000, 1000, 1000, 1000, 1000, 1000, 1000, 1000, 1000, 1000, 1000, 1000, 1000, 1000, 1000, 1000, 1000, 1000, 1000, 1000, 1000, 1000, 1000, 1000, 1000, 1000, 1000, 1000, 1000, 1000, 1000, 1000, 1000, 1000, 1000, 1000, 1000, 1000, 1000, 1000, 1000, 1000], "episode_rewards": [4911.334316300498, 4969.285890962742, 4968.954178851179, 4967.929748429987, 4966.36346953396, 4965.4069443826465, 4965.069749137857, 4965.089031631832, 4965.064470066113, 4965.072265827475, 4965.068132470651, 4965.07311996001, 4965.068544197651, 4965.071949491535, 4965.070308336811, 4965.078337859533, 4965.061901948752, 4965.075441413791, 4965.06351016061, 4965.06872019934, 4965.077504734868, 4965.068385587564, 4965.069994232476, 4965.077334960675, 4965.068361548976, 4965.067869558158, 4965.068304441297, 4965.070348801995, 4965.069898114077, 4965.069487492805, 4965.072588754558, 4965.074338834165, 4965.067519714066, 4965.079106893845, 4965.071153210461, 4965.074748866338, 4965.077795790778, 4965.072994384891, 4965.071057859802, 4965.064158485078, 4965.076416047539, 4965.07021742231, 4965.067688361361, 4965.069504808079, 4965.072837750687, 4965.066817917606, 4965.070651985619, 4965.077965170117, 4965.0670040970945, 4965.076228248439], "episode_types": ["t", "t", "t", "t", "t", "t", "t", "t", "t", "t", "t", "t", "t", "t", "t", "t", "t", "t", "t", "t", "t", "t", "t", "t", "t", "t", "t", "t", "t", "t", "t", "t", "t", "t", "t", "t", "t", "t", "t", "t", "t", "t", "t", "t", "t", "t", "t", "t", "t", "t", "t"]}