{"initial_reset_timestamp": 1555825413.72135, "timestamps": [1555825589.137326], "episode_lengths": [1000], "episode_rewards": [4350.4973302084645], "episode_types": ["t"]}