{"initial_reset_timestamp": 1552504128.297965, "timestamps": [1552504290.3065753], "episode_lengths": [1000], "episode_rewards": [4436.984885785526], "episode_types": ["t"]}