{"initial_reset_timestamp": 1555811049.8049157, "timestamps": [1555812094.1560726], "episode_lengths": [1000], "episode_rewards": [4272.741912874153], "episode_types": ["t"]}