{"initial_reset_timestamp": 1554469617.4825578, "timestamps": [1554470162.4482589], "episode_lengths": [1000], "episode_rewards": [-1189.2095159386092], "episode_types": ["t"]}