{"initial_reset_timestamp": 1555780688.9980323, "timestamps": [1555781791.108851], "episode_lengths": [1000], "episode_rewards": [4519.798772428711], "episode_types": ["t"]}