{"initial_reset_timestamp": 1552520393.4455106, "timestamps": [1552520556.3578086], "episode_lengths": [1000], "episode_rewards": [4582.980983630486], "episode_types": ["t"]}