{"initial_reset_timestamp": 1552528038.3899164, "timestamps": [1552528886.871562, 1552529769.4466586, 1552530356.16651, 1552530952.526921, 1552531523.372025, 1552532097.4856756, 1552532693.6143641, 1552533270.6770134, 1552534016.6609752, 1552534520.5346038, 1552535026.170622, 1552535533.949881, 1552536037.2789369, 1552536539.9017339, 1552537045.5476797, 1552537554.3625708, 1552538061.115532, 1552538569.4290044, 1552539075.679308, 1552539581.9549916, 1552540086.9112053, 1552540590.1921763, 1552541142.6704497, 1552541754.8775632, 1552542335.118829, 1552542884.1989126, 1552543451.9548328, 1552544222.664126, 1552544738.3497984, 1552545232.1536288, 1552545725.176135, 1552546225.1851585, 1552546720.6103253, 1552547210.4314778, 1552547757.5474138, 1552548324.9024885, 1552548822.4456046, 1552549318.913017, 1552549812.0199625, 1552550300.1145484, 1552550792.4347625, 1552551281.1486304, 1552551771.6965947, 1552552263.339607, 1552552759.3170793, 1552553256.7719803, 1552553750.2002363, 1552554248.8797138, 1552554742.681019, 1552555236.9744523], "episode_lengths": [1000, 1000, 1000, 1000, 1000, 1000, 1000, 1000, 1000, 1000, 1000, 1000, 1000, 1000, 1000, 1000, 1000, 1000, 1000, 1000, 1000, 1000, 1000, 1000, 1000, 1000, 1000, 1000, 1000, 1000, 1000, 1000, 1000, 1000, 1000, 1000, 1000, 1000, 1000, 1000, 1000, 1000, 1000, 1000, 1000, 1000, 1000, 1000, 1000, 1000], "episode_rewards": [4663.876910012737, 4870.210492573488, 4791.953507360249, 4803.578936877131, 4715.961224623651, 4856.533162892299, 4770.768011005535, 4802.136207943123, 4729.761720358948, 4793.522428141546, 4747.959888753493, 4846.722036566507, 4770.18232050005, 4699.108332587356, 4861.564988810347, 4779.815827878245, 4756.112517068583, 4790.670462960764, 4823.371870846309, 4731.759689659991, 4869.492366864431, 4702.772136028403, 4839.09866011296, 4815.586955450686, 4770.308792709616, 4877.095840064029, 4702.131673871737, 4917.247451311222, 4726.774423059432, 4788.36924638127, 4855.599211017577, 4686.462695230853, 4865.350256955924, 4739.578318787584, 4795.868540950964, 4908.689642726477, 4757.497764464029, 4763.162273978939, 4780.084838647867, 4679.393543934519, 4768.552172898369, 4870.48772096239, 4712.01098493685, 4711.664834664533, 4925.713432803192, 4688.167389675679, 4848.901670366881, 4783.733757171275, 4727.368480114894, 4802.060883535886], "episode_types": ["t", "t", "t", "t", "t", "t", "t", "t", "t", "t", "t", "t", "t", "t", "t", "t", "t", "t", "t", "t", "t", "t", "t", "t", "t", "t", "t", "t", "t", "t", "t", "t", "t", "t", "t", "t", "t", "t", "t", "t", "t", "t", "t", "t", "t", "t", "t", "t", "t", "t", "t"]}