{"initial_reset_timestamp": 1552443076.90441, "timestamps": [1552443250.38345], "episode_lengths": [1000], "episode_rewards": [4528.840323749031], "episode_types": ["t"]}