{"initial_reset_timestamp": 1554426315.220262, "timestamps": [1554427207.690553], "episode_lengths": [1000], "episode_rewards": [-271.5098576605271], "episode_types": ["t"]}