{"initial_reset_timestamp": 1555716774.4115226, "timestamps": [1555716902.4082496], "episode_lengths": [1000], "episode_rewards": [1229.289062668418], "episode_types": ["t"]}