{"initial_reset_timestamp": 1554458892.7404451, "timestamps": [1554459414.8795633], "episode_lengths": [1000], "episode_rewards": [676.2727799419091], "episode_types": ["t"]}