{"initial_reset_timestamp": 1552494687.4947758, "timestamps": [1552495312.924404], "episode_lengths": [1000], "episode_rewards": [4830.827759111233], "episode_types": ["t"]}