{"initial_reset_timestamp": 1552531797.2952776, "timestamps": [1552532596.504013], "episode_lengths": [1000], "episode_rewards": [4871.622485586057], "episode_types": ["t"]}