{"initial_reset_timestamp": 1552405331.0529194, "timestamps": [1552406006.2747388], "episode_lengths": [1000], "episode_rewards": [4836.217570583159], "episode_types": ["t"]}