{"initial_reset_timestamp": 1552401503.0747087, "timestamps": [1552401664.422922], "episode_lengths": [1000], "episode_rewards": [4582.90611084378], "episode_types": ["t"]}