{"initial_reset_timestamp": 1552469521.547707, "timestamps": [1552469673.2343664], "episode_lengths": [1000], "episode_rewards": [4589.255372668337], "episode_types": ["t"]}