{"initial_reset_timestamp": 1555774146.3727963, "timestamps": [1555774933.7725012], "episode_lengths": [1000], "episode_rewards": [4853.973333599441], "episode_types": ["t"]}