{"initial_reset_timestamp": 1555859621.5683339, "timestamps": [1555859805.280254], "episode_lengths": [1000], "episode_rewards": [4350.586038964142], "episode_types": ["t"]}