{"initial_reset_timestamp": 1552450639.5282125, "timestamps": [1552451339.9341369], "episode_lengths": [1000], "episode_rewards": [4592.8482199765995], "episode_types": ["t"]}