{"initial_reset_timestamp": 1552406887.3097858, "timestamps": [1552407539.5608892], "episode_lengths": [1000], "episode_rewards": [4734.651033427617], "episode_types": ["t"]}