{"initial_reset_timestamp": 1555869742.511895, "timestamps": [1555870490.961846], "episode_lengths": [1000], "episode_rewards": [4763.8856220397965], "episode_types": ["t"]}