{"initial_reset_timestamp": 1552379192.6449037, "timestamps": [1552379829.7596486], "episode_lengths": [1000], "episode_rewards": [4844.2868530393625], "episode_types": ["t"]}