{"initial_reset_timestamp": 1552418637.5242045, "timestamps": [1552418820.3232589], "episode_lengths": [1000], "episode_rewards": [4535.243233806075], "episode_types": ["t"]}