{"initial_reset_timestamp": 1552594266.6872296, "timestamps": [1552594875.6897483], "episode_lengths": [1000], "episode_rewards": [4794.147090148436], "episode_types": ["t"]}