{"initial_reset_timestamp": 1552697629.8476439, "timestamps": [1552697799.309378, 1552697970.9812133, 1552697972.4615407, 1552697973.760772, 1552697975.114199, 1552697976.4140701, 1552697977.7405264, 1552697979.1095521, 1552698150.0434618, 1552698151.935371, 1552698153.6425657, 1552698155.1655667, 1552698156.5110297, 1552698157.8060114, 1552698159.0835571, 1552698160.3556972, 1552698161.6128826, 1552698162.843366, 1552698164.131157, 1552698165.387086, 1552698166.7150137, 1552698167.9772775, 1552698169.24242, 1552698170.6830173, 1552698172.2873807, 1552698173.7715018, 1552698175.236262, 1552698329.0312088, 1552698330.5058954, 1552698331.8429484, 1552698333.4137657, 1552698334.9866688, 1552698336.5884318, 1552698338.269629, 1552698339.9982865, 1552698341.617967, 1552698343.0319772, 1552698344.3867016, 1552698345.771609, 1552698347.1646934, 1552698348.4823692, 1552698349.7998464, 1552698351.0766592, 1552698352.4269783, 1552698353.8432946, 1552698355.2196443, 1552698356.6110625, 1552698358.0046024, 1552698359.3705025, 1552698360.7042706], "episode_lengths": [1000, 1000, 1000, 1000, 1000, 1000, 1000, 1000, 1000, 1000, 1000, 1000, 1000, 1000, 1000, 1000, 1000, 1000, 1000, 1000, 1000, 1000, 1000, 1000, 1000, 1000, 1000, 1000, 1000, 1000, 1000, 1000, 1000, 1000, 1000, 1000, 1000, 1000, 1000, 1000, 1000, 1000, 1000, 1000, 1000, 1000, 1000, 1000, 1000, 1000], "episode_rewards": [4512.1120344475075, 4492.46056437287, 4464.610570160394, 4442.382847451086, 4518.580867246809, 4479.090107059955, 4468.605798451007, 4454.047168345838, 4490.785480949976, 4465.759391997615, 4532.266582366918, 4505.056849746734, 4499.66899745654, 4397.9820865482625, 4500.586896857875, 4576.591568585449, 4459.816834655845, 4591.624245510808, 4513.199485601637, 4450.4290981985205, 4494.366760025808, 4491.528879215845, 4511.118708071387, 4596.940181420875, 4498.368918685128, 4544.436170628589, 4420.955299260795, 4610.914070182015, 4522.753349085604, 4583.262420219972, 4615.228591365566, 4628.311865868096, 4662.851091322878, 4652.360056801501, 4631.077712615206, 4576.164162080364, 4581.349799219002, 4609.0289040411935, 4619.328711566728, 4781.42744617101, 4587.601084867018, 4400.623755630837, 4613.471038006517, 4473.940923221514, 4391.372212743764, 4512.339979841501, 4502.110932905683, 4672.389738907944, 4687.105235101953, 4619.118994339496], "episode_types": ["t", "t", "t", "t", "t", "t", "t", "t", "t", "t", "t", "t", "t", "t", "t", "t", "t", "t", "t", "t", "t", "t", "t", "t", "t", "t", "t", "t", "t", "t", "t", "t", "t", "t", "t", "t", "t", "t", "t", "t", "t", "t", "t", "t", "t", "t", "t", "t", "t", "t", "t"]}