{"initial_reset_timestamp": 1555650128.4062152, "timestamps": [1555650755.6998954], "episode_lengths": [1000], "episode_rewards": [-415.0191097022793], "episode_types": ["t"]}