{"initial_reset_timestamp": 1555759218.264685, "timestamps": [1555760217.2770526], "episode_lengths": [1000], "episode_rewards": [4277.082844367458], "episode_types": ["t"]}