{"initial_reset_timestamp": 1552511328.704935, "timestamps": [1552511946.2619865], "episode_lengths": [1000], "episode_rewards": [4754.617168683153], "episode_types": ["t"]}