{"initial_reset_timestamp": 1552483540.4142776, "timestamps": [1552484171.4091287], "episode_lengths": [1000], "episode_rewards": [4688.518548215204], "episode_types": ["t"]}