{"initial_reset_timestamp": 1552599231.5721693, "timestamps": [1552599420.7173345, 1552599612.6116533, 1552599614.3668995, 1552599615.8510916, 1552599617.3672414, 1552599618.8013785, 1552599620.200381, 1552599621.6215265, 1552599801.0996401, 1552599802.9283307], "episode_lengths": [1000, 1000, 1000, 1000, 1000, 1000, 1000, 1000, 1000, 1000], "episode_rewards": [4273.930484714708, 4676.5668937390965, 4678.035168074479, 4355.914801390852, 4274.687246679392, 4414.517255608657, 4545.430432771764, 4498.220362623785, 4384.367956339043, 4585.544097045528], "episode_types": ["t", "t", "t", "t", "t", "t", "t", "t", "t", "t", "t"]}