{"initial_reset_timestamp": 1555691318.5370724, "timestamps": [1555692060.6240332], "episode_lengths": [1000], "episode_rewards": [-884.434916261831], "episode_types": ["t"]}