{"initial_reset_timestamp": 1555858101.2536387, "timestamps": [1555858831.950774], "episode_lengths": [1000], "episode_rewards": [4647.3636421274], "episode_types": ["t"]}