{"initial_reset_timestamp": 1552481090.4205997, "timestamps": [1552481766.2411387], "episode_lengths": [1000], "episode_rewards": [4536.651437930483], "episode_types": ["t"]}