{"initial_reset_timestamp": 1552436431.7989557, "timestamps": [1552437099.9953527], "episode_lengths": [1000], "episode_rewards": [4791.408943147214], "episode_types": ["t"]}