{"initial_reset_timestamp": 1552413202.8884814, "timestamps": [1552413827.8550146], "episode_lengths": [1000], "episode_rewards": [4772.66739564453], "episode_types": ["t"]}