{"initial_reset_timestamp": 1552616853.4037993, "timestamps": [1552617468.2749379], "episode_lengths": [1000], "episode_rewards": [4566.322717354832], "episode_types": ["t"]}