{"initial_reset_timestamp": 1555878865.0354068, "timestamps": [1555879561.8829622], "episode_lengths": [1000], "episode_rewards": [4371.555793959362], "episode_types": ["t"]}