{"initial_reset_timestamp": 1555770027.3639238, "timestamps": [1555770164.742601], "episode_lengths": [1000], "episode_rewards": [372.46549845996134], "episode_types": ["t"]}