{"initial_reset_timestamp": 1552423411.562391, "timestamps": [1552424160.9014232], "episode_lengths": [1000], "episode_rewards": [4394.714081426025], "episode_types": ["t"]}