{"initial_reset_timestamp": 1554388930.0697358, "timestamps": [1554389766.1873212], "episode_lengths": [1000], "episode_rewards": [-316.9868078795051], "episode_types": ["t"]}