{"initial_reset_timestamp": 1554469064.7753887, "timestamps": [1554469616.9045904], "episode_lengths": [1000], "episode_rewards": [-244.39852020604826], "episode_types": ["t"]}