{"initial_reset_timestamp": 1552538576.945694, "timestamps": [1552538746.0935862], "episode_lengths": [1000], "episode_rewards": [4682.192210435098], "episode_types": ["t"]}