{"initial_reset_timestamp": 1552372023.426221, "timestamps": [1552372637.1221902], "episode_lengths": [1000], "episode_rewards": [4711.302705799661], "episode_types": ["t"]}