{"initial_reset_timestamp": 1552363049.3060324, "timestamps": [1552363663.2965848], "episode_lengths": [1000], "episode_rewards": [4968.637074680691], "episode_types": ["t"]}