{"initial_reset_timestamp": 1552426463.0144868, "timestamps": [1552427161.0235417], "episode_lengths": [1000], "episode_rewards": [4784.21766747782], "episode_types": ["t"]}