{"initial_reset_timestamp": 1552505521.1781557, "timestamps": [1552506243.7368956], "episode_lengths": [1000], "episode_rewards": [4414.285614671629], "episode_types": ["t"]}