{"initial_reset_timestamp": 1555794271.0957417, "timestamps": [1555794538.669749], "episode_lengths": [1000], "episode_rewards": [4610.880628383711], "episode_types": ["t"]}