{"initial_reset_timestamp": 1555719006.400032, "timestamps": [1555719833.7629287], "episode_lengths": [1000], "episode_rewards": [4463.998132351356], "episode_types": ["t"]}