{"initial_reset_timestamp": 1552579801.7453241, "timestamps": [1552579993.5145035, 1552580183.989663, 1552580185.629183, 1552580187.033946, 1552580188.4296765, 1552580189.811805, 1552580191.2379284, 1552580192.6136472, 1552580354.1970837, 1552580355.7529492], "episode_lengths": [1000, 1000, 1000, 1000, 1000, 1000, 1000, 1000, 1000, 1000], "episode_rewards": [4384.139434787583, 4714.839383174499, 4592.334971450072, 4622.78137148044, 4526.750697654766, 4529.991284967387, 4565.56956461184, 4475.522347360703, 4560.284987124537, 4433.939249648216], "episode_types": ["t", "t", "t", "t", "t", "t", "t", "t", "t", "t", "t"]}