{"initial_reset_timestamp": 1552489908.8861938, "timestamps": [1552490097.4323738], "episode_lengths": [1000], "episode_rewards": [4529.332915179281], "episode_types": ["t"]}