{"initial_reset_timestamp": 1555810032.3857534, "timestamps": [1555811046.46947], "episode_lengths": [1000], "episode_rewards": [4684.647198963578], "episode_types": ["t"]}