{"initial_reset_timestamp": 1552503965.4036677, "timestamps": [1552504128.0925212], "episode_lengths": [1000], "episode_rewards": [4421.188514137254], "episode_types": ["t"]}