{"initial_reset_timestamp": 1552379560.7144132, "timestamps": [1552380240.4352927], "episode_lengths": [1000], "episode_rewards": [4333.195761896765], "episode_types": ["t"]}