{"initial_reset_timestamp": 1554456796.386092, "timestamps": [1554457318.2376227], "episode_lengths": [1000], "episode_rewards": [-211.5486485981716], "episode_types": ["t"]}