{"initial_reset_timestamp": 1552435769.028928, "timestamps": [1552436431.5483475], "episode_lengths": [1000], "episode_rewards": [4815.133917722224], "episode_types": ["t"]}