{"initial_reset_timestamp": 1552286403.1826756, "timestamps": [1552286560.6462572, 1552286717.3369637, 1552286718.869231, 1552286720.1509316, 1552286721.4051604, 1552286722.7462518, 1552286724.019197, 1552286725.3978477, 1552286867.2621806, 1552286868.797084], "episode_lengths": [1000, 1000, 1000, 1000, 1000, 1000, 1000, 1000, 1000, 1000], "episode_rewards": [4414.160557348693, 4503.709108283671, 4413.048940318159, 4619.367345342221, 4579.618711082924, 4462.588669443918, 4675.157024561412, 4523.664696743411, 4373.983573289048, 4569.7145332210675], "episode_types": ["t", "t", "t", "t", "t", "t", "t", "t", "t", "t", "t"]}