{"initial_reset_timestamp": 1555825286.1783135, "timestamps": [1555825949.4269962], "episode_lengths": [1000], "episode_rewards": [4827.2161191798505], "episode_types": ["t"]}