{"initial_reset_timestamp": 1555713306.6708577, "timestamps": [1555714167.2493794], "episode_lengths": [1000], "episode_rewards": [4668.387420360797], "episode_types": ["t"]}