{"initial_reset_timestamp": 1552435731.0322087, "timestamps": [1552435898.41839], "episode_lengths": [1000], "episode_rewards": [4487.471716764993], "episode_types": ["t"]}