{"initial_reset_timestamp": 1555741149.3750658, "timestamps": [1555741285.949623], "episode_lengths": [1000], "episode_rewards": [-693.5923187604619], "episode_types": ["t"]}