{"initial_reset_timestamp": 1552382160.8937685, "timestamps": [1552382726.591402], "episode_lengths": [1000], "episode_rewards": [4542.581698232309], "episode_types": ["t"]}