{"initial_reset_timestamp": 1552465418.3605855, "timestamps": [1552466102.6120317], "episode_lengths": [1000], "episode_rewards": [4619.431878649353], "episode_types": ["t"]}