{"initial_reset_timestamp": 1552395912.61903, "timestamps": [1552396520.2162523], "episode_lengths": [1000], "episode_rewards": [4727.638470599076], "episode_types": ["t"]}