{"initial_reset_timestamp": 1552613821.541334, "timestamps": [1552614423.7727125], "episode_lengths": [1000], "episode_rewards": [4763.466812355766], "episode_types": ["t"]}