{"initial_reset_timestamp": 1552415102.9947906, "timestamps": [1552415724.80569], "episode_lengths": [1000], "episode_rewards": [4442.7850080269345], "episode_types": ["t"]}