{"initial_reset_timestamp": 1552407097.8056192, "timestamps": [1552407720.6161227], "episode_lengths": [1000], "episode_rewards": [4605.464389877736], "episode_types": ["t"]}