{"initial_reset_timestamp": 1552398987.336564, "timestamps": [1552399590.265735], "episode_lengths": [1000], "episode_rewards": [4528.015560032625], "episode_types": ["t"]}