{"initial_reset_timestamp": 1552470337.2122428, "timestamps": [1552470523.223045], "episode_lengths": [1000], "episode_rewards": [4449.601501020861], "episode_types": ["t"]}