{"initial_reset_timestamp": 1554467983.917276, "timestamps": [1554468109.8593605], "episode_lengths": [1000], "episode_rewards": [-556.1248467068017], "episode_types": ["t", "t"]}