{"initial_reset_timestamp": 1552362434.7021809, "timestamps": [1552363049.0947864], "episode_lengths": [1000], "episode_rewards": [4968.710679910344], "episode_types": ["t"]}