{"initial_reset_timestamp": 1552372637.3541434, "timestamps": [1552373249.3152971], "episode_lengths": [1000], "episode_rewards": [4752.011296085049], "episode_types": ["t"]}