{"initial_reset_timestamp": 1555825589.4030185, "timestamps": [1555825764.5993266], "episode_lengths": [1000], "episode_rewards": [4599.620736097826], "episode_types": ["t"]}