{"initial_reset_timestamp": 1552521225.747013, "timestamps": [1552521382.9913752], "episode_lengths": [1000], "episode_rewards": [4407.651777157006], "episode_types": ["t"]}