{"initial_reset_timestamp": 1552594875.8905451, "timestamps": [1552595483.8276756], "episode_lengths": [1000], "episode_rewards": [4880.118428222525], "episode_types": ["t"]}