{"initial_reset_timestamp": 1552604278.5033557, "timestamps": [1552604892.9315557], "episode_lengths": [1000], "episode_rewards": [4508.920208238332], "episode_types": ["t"]}