{"initial_reset_timestamp": 1555643347.5832036, "timestamps": [1555643500.9586437], "episode_lengths": [1000], "episode_rewards": [-2823.527561751394], "episode_types": ["t", "t"]}