{"initial_reset_timestamp": 1555639536.8720553, "timestamps": [1555640156.137562], "episode_lengths": [1000], "episode_rewards": [-2949.261843444381], "episode_types": ["t"]}