{"initial_reset_timestamp": 1552509134.9265757, "timestamps": [1552509839.1932597], "episode_lengths": [1000], "episode_rewards": [4391.922764752086], "episode_types": ["t"]}