{"initial_reset_timestamp": 1552406369.1732466, "timestamps": [1552407097.521419], "episode_lengths": [1000], "episode_rewards": [4629.2770405396295], "episode_types": ["t"]}