{"initial_reset_timestamp": 1555905731.4951165, "timestamps": [1555905914.6592743], "episode_lengths": [1000], "episode_rewards": [4304.034143585205], "episode_types": ["t"]}