{"initial_reset_timestamp": 1552681352.5407178, "timestamps": [1552681524.036577, 1552681692.1758022, 1552681693.702994, 1552681695.036478, 1552681696.529663, 1552681698.1377418, 1552681699.8428395, 1552681701.5657313, 1552681872.9306793, 1552681874.5021718, 1552681875.841686, 1552681877.2328026, 1552681878.5797365, 1552681879.9232504, 1552681881.275106, 1552681882.6043723, 1552681883.8903203, 1552681885.2021778, 1552681886.4940267, 1552681887.9478304], "episode_lengths": [1000, 1000, 1000, 1000, 1000, 1000, 1000, 1000, 1000, 1000, 1000, 1000, 1000, 1000, 1000, 1000, 1000, 1000, 1000, 1000], "episode_rewards": [4444.02324189907, 4386.70495840143, 4461.028295012947, 4548.84606621013, 4423.752281677149, 4422.456464841307, 4550.330524754182, 4596.80454423026, 4450.103863308027, 4411.63655914252, 4350.41985695832, 4481.1182722489675, 4456.039866454624, 4521.313146912614, 4514.83584046655, 4481.743083269977, 4527.312210586443, 4517.232150119024, 4444.5551637595145, 4699.331057066142], "episode_types": ["t", "t", "t", "t", "t", "t", "t", "t", "t", "t", "t", "t", "t", "t", "t", "t", "t", "t", "t", "t", "t"]}