{"initial_reset_timestamp": 1552413446.7501624, "timestamps": [1552413608.8504658], "episode_lengths": [1000], "episode_rewards": [4671.441586556323], "episode_types": ["t"]}