{"initial_reset_timestamp": 1552368798.1971486, "timestamps": [1552368954.3620424], "episode_lengths": [1000], "episode_rewards": [4795.456626703034], "episode_types": ["t"]}