{"initial_reset_timestamp": 1555718680.260612, "timestamps": [1555719247.0501711], "episode_lengths": [1000], "episode_rewards": [1027.1800070125776], "episode_types": ["t"]}