{"initial_reset_timestamp": 1552363726.6945164, "timestamps": [1552363885.1719038], "episode_lengths": [1000], "episode_rewards": [4832.830904829849], "episode_types": ["t"]}