{"initial_reset_timestamp": 1555852724.3610094, "timestamps": [1555853462.5068903], "episode_lengths": [1000], "episode_rewards": [4687.238547589424], "episode_types": ["t"]}