{"initial_reset_timestamp": 1552445352.5934408, "timestamps": [1552446036.8941998], "episode_lengths": [1000], "episode_rewards": [4210.16931748516], "episode_types": ["t"]}