{"initial_reset_timestamp": 1555758460.5022388, "timestamps": [1555759215.5034056], "episode_lengths": [1000], "episode_rewards": [4796.589398802845], "episode_types": ["t"]}