{"initial_reset_timestamp": 1552518061.177582, "timestamps": [1552518684.3321657], "episode_lengths": [1000], "episode_rewards": [4847.262729609867], "episode_types": ["t"]}