{"initial_reset_timestamp": 1552550537.3665555, "timestamps": [1552551222.6468368], "episode_lengths": [1000], "episode_rewards": [4423.6144417939995], "episode_types": ["t"]}