{"initial_reset_timestamp": 1555761855.235632, "timestamps": [1555762808.7421432], "episode_lengths": [1000], "episode_rewards": [4238.200169759848], "episode_types": ["t"]}