{"initial_reset_timestamp": 1552563326.7865257, "timestamps": [1552563938.3886206], "episode_lengths": [1000], "episode_rewards": [4805.847702190965], "episode_types": ["t"]}