{"initial_reset_timestamp": 1552436371.2108326, "timestamps": [1552436528.7820175], "episode_lengths": [1000], "episode_rewards": [4564.42899329605], "episode_types": ["t"]}