{"initial_reset_timestamp": 1552563272.240619, "timestamps": [1552563948.1233046], "episode_lengths": [1000], "episode_rewards": [4486.79598183267], "episode_types": ["t"]}