{"initial_reset_timestamp": 1552407618.4726322, "timestamps": [1552407775.3537467, 1552407933.964345, 1552407935.627682, 1552407936.8730457, 1552407938.0087442, 1552407939.1669347, 1552407940.3735216, 1552407941.692883, 1552408099.1833553, 1552408100.9031613, 1552408102.3564327, 1552408103.9200015, 1552408105.670545, 1552408107.4284894, 1552408109.39408, 1552408111.378466, 1552408113.3377037, 1552408115.13646, 1552408116.7882662, 1552408118.406982, 1552408120.0557415, 1552408121.6840327, 1552408123.0885286, 1552408124.4093904, 1552408126.056401, 1552408127.8046172, 1552408129.336095, 1552408288.2808335, 1552408289.8594537, 1552408291.1043499, 1552408292.3438349, 1552408293.5855844, 1552408294.9185567, 1552408296.08674, 1552408297.2448328, 1552408298.4048097, 1552408299.6158233, 1552408300.8900046, 1552408302.42638, 1552408304.1709902, 1552408305.9410293, 1552408307.7208934, 1552408309.4105878, 1552408311.1100812, 1552408312.808838, 1552408314.575966, 1552408316.265359, 1552408317.9865735, 1552408319.7422183, 1552408321.4373896], "episode_lengths": [1000, 1000, 1000, 1000, 1000, 1000, 1000, 1000, 1000, 1000, 1000, 1000, 1000, 1000, 1000, 1000, 1000, 1000, 1000, 1000, 1000, 1000, 1000, 1000, 1000, 1000, 1000, 1000, 1000, 1000, 1000, 1000, 1000, 1000, 1000, 1000, 1000, 1000, 1000, 1000, 1000, 1000, 1000, 1000, 1000, 1000, 1000, 1000, 1000, 1000], "episode_rewards": [4602.299909028614, 4639.4187326420315, 4674.156151881688, 4673.093380077131, 4693.502590087433, 4663.473409578719, 4598.083411457031, 4546.873290988275, 4585.943287735948, 4559.461225603999, 4556.33510654123, 4573.995404475852, 4660.405570732777, 4754.825293951392, 4755.705605574547, 4789.109610370336, 4812.372485329704, 4732.207007515692, 4632.261067064791, 4572.288544584592, 4553.803432447389, 4578.676543711785, 4572.4698388531, 4675.302163147259, 4634.646634936494, 4648.679359997113, 4545.943850105607, 4652.43829114476, 4633.5984140273, 4617.780054694314, 4632.281441776501, 4624.770459747351, 4728.773575651296, 4575.652664241754, 4658.578564987107, 4668.577630701811, 4642.610203051017, 4610.198777212655, 4683.365669091036, 4684.496736924198, 4760.101997256201, 4806.426636135612, 4788.1479930781425, 4749.542625513811, 4766.174132160373, 4777.322028486081, 4772.750284281767, 4792.093156353424, 4793.126933527338, 4647.685132277249], "episode_types": ["t", "t", "t", "t", "t", "t", "t", "t", "t", "t", "t", "t", "t", "t", "t", "t", "t", "t", "t", "t", "t", "t", "t", "t", "t", "t", "t", "t", "t", "t", "t", "t", "t", "t", "t", "t", "t", "t", "t", "t", "t", "t", "t", "t", "t", "t", "t", "t", "t", "t", "t"]}