{"initial_reset_timestamp": 1552360100.148611, "timestamps": [1552360708.4617167], "episode_lengths": [1000], "episode_rewards": [4990.628158913699], "episode_types": ["t"]}