{"initial_reset_timestamp": 1552615031.368369, "timestamps": [1552615633.4090242], "episode_lengths": [1000], "episode_rewards": [4775.8249990576305], "episode_types": ["t"]}