{"initial_reset_timestamp": 1552583835.4839685, "timestamps": [1552584452.6525853], "episode_lengths": [1000], "episode_rewards": [4408.012373223308], "episode_types": ["t"]}