{"initial_reset_timestamp": 1554405781.9502647, "timestamps": [1554405945.6892462], "episode_lengths": [1000], "episode_rewards": [-530.1881829643568], "episode_types": ["t", "t"]}