{"initial_reset_timestamp": 1552385256.1682715, "timestamps": [1552385411.0357025], "episode_lengths": [1000], "episode_rewards": [4665.502946004046], "episode_types": ["t"]}