{"initial_reset_timestamp": 1552384868.086515, "timestamps": [1552385029.0393767], "episode_lengths": [1000], "episode_rewards": [4416.833387998424], "episode_types": ["t"]}