{"initial_reset_timestamp": 1552466856.2002187, "timestamps": [1552467022.3568325], "episode_lengths": [1000], "episode_rewards": [4447.749511959309], "episode_types": ["t"]}