{"initial_reset_timestamp": 1552582604.246318, "timestamps": [1552583220.004043], "episode_lengths": [1000], "episode_rewards": [4432.219922799572], "episode_types": ["t"]}