{"initial_reset_timestamp": 1552589483.2591882, "timestamps": [1552589633.539671], "episode_lengths": [1000], "episode_rewards": [4471.885513460134], "episode_types": ["t"]}