{"initial_reset_timestamp": 1552416343.1301272, "timestamps": [1552417012.067837], "episode_lengths": [1000], "episode_rewards": [4627.554349829969], "episode_types": ["t"]}