{"initial_reset_timestamp": 1552556330.5779214, "timestamps": [1552556493.7613475], "episode_lengths": [1000], "episode_rewards": [4573.141648502205], "episode_types": ["t"]}