{"initial_reset_timestamp": 1552479138.5856605, "timestamps": [1552479769.5395617], "episode_lengths": [1000], "episode_rewards": [4501.915074847521], "episode_types": ["t"]}