{"initial_reset_timestamp": 1552572588.3962908, "timestamps": [1552572765.9397004], "episode_lengths": [1000], "episode_rewards": [4387.777664503715], "episode_types": ["t"]}