{"initial_reset_timestamp": 1552544073.7968485, "timestamps": [1552544729.0399961], "episode_lengths": [1000], "episode_rewards": [4827.839757491713], "episode_types": ["t"]}