{"initial_reset_timestamp": 1552406006.51893, "timestamps": [1552406746.314482], "episode_lengths": [1000], "episode_rewards": [4778.0682140658455], "episode_types": ["t"]}