{"initial_reset_timestamp": 1552425848.1130364, "timestamps": [1552426462.8139193], "episode_lengths": [1000], "episode_rewards": [4884.400220839037], "episode_types": ["t"]}