{"initial_reset_timestamp": 1555654818.3835285, "timestamps": [1555654840.1019824], "episode_lengths": [122], "episode_rewards": [-299.26270626025104], "episode_types": ["t", "t"]}