{"initial_reset_timestamp": 1552486812.5312576, "timestamps": [1552486964.216233], "episode_lengths": [1000], "episode_rewards": [4441.10417075962], "episode_types": ["t"]}