{"initial_reset_timestamp": 1552477946.3099885, "timestamps": [1552478639.5937335], "episode_lengths": [1000], "episode_rewards": [4831.49331980807], "episode_types": ["t"]}