{"initial_reset_timestamp": 1552384014.20961, "timestamps": [1552384171.330288], "episode_lengths": [1000], "episode_rewards": [4511.452867953427], "episode_types": ["t"]}