{"initial_reset_timestamp": 1552555730.0592546, "timestamps": [1552555890.4973524], "episode_lengths": [1000], "episode_rewards": [4403.119071520879], "episode_types": ["t"]}