{"initial_reset_timestamp": 1555636127.1404176, "timestamps": [1555636774.0418544], "episode_lengths": [1000], "episode_rewards": [-3117.6786666074318], "episode_types": ["t"]}