{"initial_reset_timestamp": 1555642799.6156735, "timestamps": [1555643346.9983156], "episode_lengths": [1000], "episode_rewards": [-3060.2224824349682], "episode_types": ["t"]}