{"initial_reset_timestamp": 1552622039.4233015, "timestamps": [1552622180.368142], "episode_lengths": [1000], "episode_rewards": [4456.342211907645], "episode_types": ["t"]}