{"initial_reset_timestamp": 1555875924.220243, "timestamps": [1555876120.7924218], "episode_lengths": [1000], "episode_rewards": [4418.614005447949], "episode_types": ["t"]}