{"initial_reset_timestamp": 1552587154.4224198, "timestamps": [1552587872.4559948, 1552588700.224128, 1552589251.7877667, 1552589786.9375355, 1552590325.9734151, 1552590866.2902584, 1552591403.7843974, 1552591959.1674433, 1552592782.3070474, 1552593345.459186], "episode_lengths": [1000, 1000, 1000, 1000, 1000, 1000, 1000, 1000, 1000, 1000], "episode_rewards": [4639.088997092227, 4844.6854626621225, 4794.797422142793, 4764.601408448461, 4889.766545930425, 4756.261632997245, 4750.6790523608015, 4766.033821393689, 4829.353977154493, 4836.954740358581], "episode_types": ["t", "t", "t", "t", "t", "t", "t", "t", "t", "t", "t"]}