{"initial_reset_timestamp": 1555755689.0698621, "timestamps": [1555756518.1237433], "episode_lengths": [1000], "episode_rewards": [4867.8987377401845], "episode_types": ["t"]}