{"initial_reset_timestamp": 1552362556.3701413, "timestamps": [1552363172.5828426], "episode_lengths": [1000], "episode_rewards": [4982.370355204501], "episode_types": ["t"]}