{"initial_reset_timestamp": 1552578300.7245352, "timestamps": [1552578911.0233254], "episode_lengths": [1000], "episode_rewards": [4776.3165719122435], "episode_types": ["t"]}