{"initial_reset_timestamp": 1552464580.14709, "timestamps": [1552465201.2054832], "episode_lengths": [1000], "episode_rewards": [4600.061825852554], "episode_types": ["t"]}