{"initial_reset_timestamp": 1552484134.4627674, "timestamps": [1552484698.502953], "episode_lengths": [1000], "episode_rewards": [4340.778039668276], "episode_types": ["t"]}