{"initial_reset_timestamp": 1552425505.589741, "timestamps": [1552426133.602213], "episode_lengths": [1000], "episode_rewards": [4703.147706993459], "episode_types": ["t"]}