{"initial_reset_timestamp": 1555682944.945004, "timestamps": [1555683756.3635666], "episode_lengths": [1000], "episode_rewards": [-3157.1115868417082], "episode_types": ["t"]}