{"initial_reset_timestamp": 1552391886.386826, "timestamps": [1552392499.5897605], "episode_lengths": [1000], "episode_rewards": [4730.647462843688], "episode_types": ["t"]}