{"initial_reset_timestamp": 1552570338.4317927, "timestamps": [1552570944.07891], "episode_lengths": [1000], "episode_rewards": [4584.566157107837], "episode_types": ["t"]}