{"initial_reset_timestamp": 1552459126.9519193, "timestamps": [1552459340.801913, 1552459561.8417358, 1552459564.051649, 1552459565.9052558, 1552459567.678899, 1552459569.2876632, 1552459571.2508206, 1552459573.2087119, 1552459790.8081474, 1552459792.524152], "episode_lengths": [1000, 1000, 1000, 1000, 1000, 1000, 1000, 1000, 1000, 1000], "episode_rewards": [4479.57530745527, 4482.727990992881, 4419.103658624193, 4489.258035434152, 4463.873806040946, 4526.183884505686, 4406.339495832949, 4558.7002637678725, 4422.363338098286, 4510.895834716945], "episode_types": ["t", "t", "t", "t", "t", "t", "t", "t", "t", "t", "t"]}