{"initial_reset_timestamp": 1552513182.3237529, "timestamps": [1552513806.3921723], "episode_lengths": [1000], "episode_rewards": [4769.657207176787], "episode_types": ["t"]}