{"initial_reset_timestamp": 1555842075.3490946, "timestamps": [1555842271.9682117], "episode_lengths": [1000], "episode_rewards": [4472.423857355717], "episode_types": ["t"]}