{"initial_reset_timestamp": 1552573518.9982386, "timestamps": [1552573652.9512303], "episode_lengths": [1000], "episode_rewards": [4519.588593978384], "episode_types": ["t"]}