{"initial_reset_timestamp": 1554398283.9265738, "timestamps": [1554399066.0314546], "episode_lengths": [1000], "episode_rewards": [-332.11355669537465], "episode_types": ["t"]}