{"initial_reset_timestamp": 1555842622.3595006, "timestamps": [1555842804.874683], "episode_lengths": [1000], "episode_rewards": [4590.532896044517], "episode_types": ["t"]}