{"initial_reset_timestamp": 1552471858.829202, "timestamps": [1552472545.0260692], "episode_lengths": [1000], "episode_rewards": [4885.027323297362], "episode_types": ["t"]}