{"initial_reset_timestamp": 1552400628.6653073, "timestamps": [1552400812.969421], "episode_lengths": [1000], "episode_rewards": [4496.281962368778], "episode_types": ["t"]}