{"initial_reset_timestamp": 1552360953.3002899, "timestamps": [1552361563.3583179], "episode_lengths": [1000], "episode_rewards": [4974.7787298727935], "episode_types": ["t"]}