{"initial_reset_timestamp": 1552357429.4256873, "timestamps": [1552358081.4286277], "episode_lengths": [1000], "episode_rewards": [4694.802175654712], "episode_types": ["t"]}