{"initial_reset_timestamp": 1552539581.559201, "timestamps": [1552539741.6122246], "episode_lengths": [1000], "episode_rewards": [4513.0327139512165], "episode_types": ["t"]}