{"initial_reset_timestamp": 1552496563.8026285, "timestamps": [1552497189.7231836], "episode_lengths": [1000], "episode_rewards": [4211.789970943897], "episode_types": ["t"]}