{"initial_reset_timestamp": 1552499683.6889539, "timestamps": [1552500304.6091945], "episode_lengths": [1000], "episode_rewards": [4625.970636360671], "episode_types": ["t"]}