{"initial_reset_timestamp": 1552427812.4562502, "timestamps": [1552428429.843819], "episode_lengths": [1000], "episode_rewards": [4842.23112261179], "episode_types": ["t"]}