{"initial_reset_timestamp": 1554442157.9801073, "timestamps": [1554442350.578894], "episode_lengths": [1000], "episode_rewards": [-557.4131716502527], "episode_types": ["t", "t"]}