{"initial_reset_timestamp": 1552452972.6036468, "timestamps": [1552453131.9799461], "episode_lengths": [1000], "episode_rewards": [4521.896468062594], "episode_types": ["t"]}