{"initial_reset_timestamp": 1552448534.8103945, "timestamps": [1552449235.7215662], "episode_lengths": [1000], "episode_rewards": [4741.542283274956], "episode_types": ["t"]}