{"initial_reset_timestamp": 1555841094.4301307, "timestamps": [1555841876.4186585], "episode_lengths": [1000], "episode_rewards": [4549.905751129181], "episode_types": ["t"]}