{"initial_reset_timestamp": 1552400970.4031987, "timestamps": [1552401125.430248], "episode_lengths": [1000], "episode_rewards": [4535.449795906261], "episode_types": ["t"]}