{"initial_reset_timestamp": 1552534745.2063766, "timestamps": [1552535478.541949, 1552536215.5358157, 1552536757.6754742, 1552537295.8081858, 1552537803.4708145, 1552538305.6030743, 1552538810.091235, 1552539317.5175576, 1552539978.977201, 1552540478.4540482], "episode_lengths": [1000, 1000, 1000, 1000, 1000, 1000, 1000, 1000, 1000, 1000], "episode_rewards": [4364.378042578755, 4278.783905515371, 4366.881008817535, 4389.41424603963, 4366.08848538383, 4442.51150558751, 4518.955722848448, 4522.089332515094, 4523.578251881236, 4544.071146521065], "episode_types": ["t", "t", "t", "t", "t", "t", "t", "t", "t", "t", "t"]}