{"initial_reset_timestamp": 1552518529.5743701, "timestamps": [1552519177.9906838], "episode_lengths": [1000], "episode_rewards": [4870.068952799402], "episode_types": ["t"]}