{"initial_reset_timestamp": 1552430908.9104578, "timestamps": [1552431524.080977], "episode_lengths": [1000], "episode_rewards": [4419.882988551173], "episode_types": ["t"]}