{"initial_reset_timestamp": 1552456835.8632257, "timestamps": [1552457459.0981998], "episode_lengths": [1000], "episode_rewards": [4880.351742749605], "episode_types": ["t"]}