{"initial_reset_timestamp": 1552498826.7700114, "timestamps": [1552499443.510723], "episode_lengths": [1000], "episode_rewards": [4441.132933892815], "episode_types": ["t"]}