{"initial_reset_timestamp": 1552531990.3007548, "timestamps": [1552532721.768688], "episode_lengths": [1000], "episode_rewards": [4344.469221487568], "episode_types": ["t"]}