{"initial_reset_timestamp": 1555825939.267026, "timestamps": [1555826109.8114586], "episode_lengths": [1000], "episode_rewards": [4561.022396878799], "episode_types": ["t"]}