{"initial_reset_timestamp": 1552544729.2472057, "timestamps": [1552545354.9372303], "episode_lengths": [1000], "episode_rewards": [4739.527009884196], "episode_types": ["t"]}