{"initial_reset_timestamp": 1552484698.6872735, "timestamps": [1552485256.382502], "episode_lengths": [1000], "episode_rewards": [4393.1227077941585], "episode_types": ["t"]}