{"initial_reset_timestamp": 1555725238.176827, "timestamps": [1555725386.0467649], "episode_lengths": [1000], "episode_rewards": [1434.2698346351947], "episode_types": ["t"]}