{"initial_reset_timestamp": 1554435463.8933623, "timestamps": [1554436209.824343], "episode_lengths": [1000], "episode_rewards": [-643.7655265069748], "episode_types": ["t"]}