{"initial_reset_timestamp": 1555873012.69108, "timestamps": [1555873191.709874], "episode_lengths": [1000], "episode_rewards": [4427.258869696579], "episode_types": ["t"]}