{"initial_reset_timestamp": 1552444733.3655357, "timestamps": [1552445351.3683472], "episode_lengths": [1000], "episode_rewards": [4770.282898481336], "episode_types": ["t"]}