{"initial_reset_timestamp": 1554440686.7891796, "timestamps": [1554441423.1624002], "episode_lengths": [1000], "episode_rewards": [-287.65290404232155], "episode_types": ["t"]}