{"initial_reset_timestamp": 1555833376.7880363, "timestamps": [1555833548.920945], "episode_lengths": [1000], "episode_rewards": [4334.299257242759], "episode_types": ["t"]}