{"initial_reset_timestamp": 1552589902.81388, "timestamps": [1552590036.9882705], "episode_lengths": [1000], "episode_rewards": [4404.301914020029], "episode_types": ["t"]}