{"initial_reset_timestamp": 1552489715.9826488, "timestamps": [1552489908.6554887], "episode_lengths": [1000], "episode_rewards": [4483.745736281326], "episode_types": ["t"]}