{"initial_reset_timestamp": 1555710038.4083714, "timestamps": [1555711011.975926], "episode_lengths": [1000], "episode_rewards": [4367.66565495946], "episode_types": ["t"]}