{"initial_reset_timestamp": 1552611404.008165, "timestamps": [1552612007.2559605], "episode_lengths": [1000], "episode_rewards": [4761.631207896256], "episode_types": ["t"]}