{"initial_reset_timestamp": 1552363663.5056775, "timestamps": [1552364273.2754366], "episode_lengths": [1000], "episode_rewards": [4968.605187299793], "episode_types": ["t"]}