{"initial_reset_timestamp": 1555802109.3659418, "timestamps": [1555803099.069338], "episode_lengths": [1000], "episode_rewards": [4525.220519501056], "episode_types": ["t"]}