{"initial_reset_timestamp": 1552405650.915027, "timestamps": [1552406368.8398108], "episode_lengths": [1000], "episode_rewards": [4673.388294014506], "episode_types": ["t"]}