{"initial_reset_timestamp": 1555836653.2565014, "timestamps": [1555837423.7493594], "episode_lengths": [1000], "episode_rewards": [4693.580322837989], "episode_types": ["t"]}