{"initial_reset_timestamp": 1555737016.6941624, "timestamps": [1555737633.063183], "episode_lengths": [1000], "episode_rewards": [854.5995913066744], "episode_types": ["t"]}