{"initial_reset_timestamp": 1552478639.8456316, "timestamps": [1552479256.4966042], "episode_lengths": [1000], "episode_rewards": [4828.228933720101], "episode_types": ["t"]}