{"initial_reset_timestamp": 1552593049.2760499, "timestamps": [1552593660.8336325], "episode_lengths": [1000], "episode_rewards": [4678.290043186878], "episode_types": ["t"]}