{"initial_reset_timestamp": 1555875328.24695, "timestamps": [1555875524.988505], "episode_lengths": [1000], "episode_rewards": [4316.476350417081], "episode_types": ["t"]}