{"initial_reset_timestamp": 1552442731.1320372, "timestamps": [1552442902.4792442], "episode_lengths": [1000], "episode_rewards": [4450.164903103563], "episode_types": ["t"]}