{"initial_reset_timestamp": 1555898559.5100737, "timestamps": [1555899229.7391572], "episode_lengths": [1000], "episode_rewards": [4448.617026499782], "episode_types": ["t"]}