{"initial_reset_timestamp": 1555700464.7064695, "timestamps": [1555701366.467084], "episode_lengths": [1000], "episode_rewards": [4613.98055481563], "episode_types": ["t"]}