{"initial_reset_timestamp": 1552375153.4185958, "timestamps": [1552375306.190086], "episode_lengths": [1000], "episode_rewards": [4559.659267328883], "episode_types": ["t"]}