{"initial_reset_timestamp": 1552537747.5542603, "timestamps": [1552537915.4310102], "episode_lengths": [1000], "episode_rewards": [4597.259768955924], "episode_types": ["t"]}