{"initial_reset_timestamp": 1552246857.7015588, "timestamps": [1552247012.7208948, 1552247170.2003036, 1552247171.5155141, 1552247172.63482, 1552247173.7049189, 1552247174.7073345, 1552247175.7472486, 1552247176.8665571, 1552247331.172437, 1552247332.4054422, 1552247333.4395633, 1552247334.486543, 1552247335.5575001, 1552247336.6072338, 1552247337.7091107, 1552247338.7731462, 1552247339.831455, 1552247340.832705, 1552247341.856242, 1552247342.9061558], "episode_lengths": [1000, 1000, 1000, 1000, 1000, 1000, 1000, 1000, 1000, 1000, 1000, 1000, 1000, 1000, 1000, 1000, 1000, 1000, 1000, 1000], "episode_rewards": [4645.15831074799, 4771.265961110028, 4845.401356991619, 4786.953933784668, 4733.332963017025, 4790.145051751347, 4744.014105195056, 4785.277448185396, 4789.534334635266, 4754.635939048895, 4770.068503570862, 4746.936954423205, 4812.52023607951, 4792.021029682813, 4741.870498709642, 4789.938781972344, 4765.35878237776, 4804.692027994249, 4760.642432285186, 4710.721112003748], "episode_types": ["t", "t", "t", "t", "t", "t", "t", "t", "t", "t", "t", "t", "t", "t", "t", "t", "t", "t", "t", "t", "t"]}