{"initial_reset_timestamp": 1552444103.9042776, "timestamps": [1552444733.135474], "episode_lengths": [1000], "episode_rewards": [4855.571327823253], "episode_types": ["t"]}