{"initial_reset_timestamp": 1554437839.455278, "timestamps": [1554438563.2185295], "episode_lengths": [1000], "episode_rewards": [-178.35320329726804], "episode_types": ["t"]}