{"initial_reset_timestamp": 1552435967.7525225, "timestamps": [1552436646.3462665], "episode_lengths": [1000], "episode_rewards": [4745.46661740027], "episode_types": ["t"]}