{"initial_reset_timestamp": 1555709058.1136076, "timestamps": [1555710036.2458506], "episode_lengths": [1000], "episode_rewards": [4655.260254924085], "episode_types": ["t"]}