{"initial_reset_timestamp": 1552390210.5824459, "timestamps": [1552390826.7145445], "episode_lengths": [1000], "episode_rewards": [4759.288152991266], "episode_types": ["t"]}