{"initial_reset_timestamp": 1555698432.9757855, "timestamps": [1555699249.0102859], "episode_lengths": [1000], "episode_rewards": [4872.4343146090605], "episode_types": ["t"]}