{"initial_reset_timestamp": 1552547915.5003023, "timestamps": [1552548589.80036], "episode_lengths": [1000], "episode_rewards": [4676.812568391409], "episode_types": ["t"]}