{"initial_reset_timestamp": 1552521153.4129376, "timestamps": [1552521821.5725224], "episode_lengths": [1000], "episode_rewards": [4689.372263312563], "episode_types": ["t"]}