{"initial_reset_timestamp": 1552537043.8080862, "timestamps": [1552537633.634406], "episode_lengths": [1000], "episode_rewards": [4641.657015920143], "episode_types": ["t"]}