{"initial_reset_timestamp": 1552564786.5158718, "timestamps": [1552564959.1885839], "episode_lengths": [1000], "episode_rewards": [4526.394719091263], "episode_types": ["t"]}