{"initial_reset_timestamp": 1554408857.1897852, "timestamps": [1554409043.4106069], "episode_lengths": [1000], "episode_rewards": [-495.5853278071895], "episode_types": ["t", "t"]}