{"initial_reset_timestamp": 1552521821.8000755, "timestamps": [1552522497.3613079], "episode_lengths": [1000], "episode_rewards": [4689.396263314896], "episode_types": ["t"]}