{"initial_reset_timestamp": 1552453295.4170725, "timestamps": [1552453453.0619385], "episode_lengths": [1000], "episode_rewards": [4461.641759246021], "episode_types": ["t"]}