{"initial_reset_timestamp": 1552539741.8354516, "timestamps": [1552539907.8358338], "episode_lengths": [1000], "episode_rewards": [4464.104105684099], "episode_types": ["t"]}