{"initial_reset_timestamp": 1552487235.422383, "timestamps": [1552487385.666678], "episode_lengths": [1000], "episode_rewards": [4342.500186924302], "episode_types": ["t"]}