{"initial_reset_timestamp": 1552552907.0418441, "timestamps": [1552553531.9465458], "episode_lengths": [1000], "episode_rewards": [4616.978974024716], "episode_types": ["t"]}