{"initial_reset_timestamp": 1552471188.9016757, "timestamps": [1552471858.6223853], "episode_lengths": [1000], "episode_rewards": [4655.869518717739], "episode_types": ["t"]}