{"initial_reset_timestamp": 1552399827.8584726, "timestamps": [1552400446.6398816], "episode_lengths": [1000], "episode_rewards": [4522.715154796486], "episode_types": ["t"]}