{"initial_reset_timestamp": 1552462252.441664, "timestamps": [1552462961.3069472], "episode_lengths": [1000], "episode_rewards": [4821.924558754923], "episode_types": ["t"]}