{"initial_reset_timestamp": 1552398746.8869298, "timestamps": [1552399286.4330266], "episode_lengths": [1000], "episode_rewards": [4531.836005561341], "episode_types": ["t"]}