{"initial_reset_timestamp": 1552452332.6059685, "timestamps": [1552452491.1733937], "episode_lengths": [1000], "episode_rewards": [4602.034784628317], "episode_types": ["t"]}