{"initial_reset_timestamp": 1552453736.3135412, "timestamps": [1552454357.0437362], "episode_lengths": [1000], "episode_rewards": [4698.793272524998], "episode_types": ["t"]}