{"initial_reset_timestamp": 1555858234.535036, "timestamps": [1555858926.4776158], "episode_lengths": [1000], "episode_rewards": [4675.709602122333], "episode_types": ["t"]}