{"initial_reset_timestamp": 1552466676.7816205, "timestamps": [1552466855.9782803], "episode_lengths": [1000], "episode_rewards": [4468.917427723239], "episode_types": ["t"]}