{"initial_reset_timestamp": 1554447707.6235466, "timestamps": [1554447869.6240313], "episode_lengths": [1000], "episode_rewards": [-756.9149224560912], "episode_types": ["t", "t"]}