{"initial_reset_timestamp": 1555721727.8545156, "timestamps": [1555722781.1225002], "episode_lengths": [1000], "episode_rewards": [4615.160315931063], "episode_types": ["t"]}