{"initial_reset_timestamp": 1552499061.415661, "timestamps": [1552499683.456664], "episode_lengths": [1000], "episode_rewards": [4639.525949373845], "episode_types": ["t"]}