{"initial_reset_timestamp": 1552519179.9243746, "timestamps": [1552519830.7067802], "episode_lengths": [1000], "episode_rewards": [4441.209272278311], "episode_types": ["t"]}