{"initial_reset_timestamp": 1552439728.0287747, "timestamps": [1552440342.9721346], "episode_lengths": [1000], "episode_rewards": [4723.925959670981], "episode_types": ["t"]}