{"initial_reset_timestamp": 1552409407.450507, "timestamps": [1552410037.7214038], "episode_lengths": [1000], "episode_rewards": [4836.765434664076], "episode_types": ["t"]}