{"initial_reset_timestamp": 1552413609.0773213, "timestamps": [1552413771.5552924], "episode_lengths": [1000], "episode_rewards": [4469.0504208304965], "episode_types": ["t"]}