{"initial_reset_timestamp": 1552515807.548624, "timestamps": [1552516425.9395394], "episode_lengths": [1000], "episode_rewards": [4412.012800305248], "episode_types": ["t"]}