{"initial_reset_timestamp": 1552814418.696886, "timestamps": [1552814594.9347749, 1552814765.3545027, 1552814766.9855022, 1552814768.3064058, 1552814769.5713437, 1552814770.8558812, 1552814772.137206, 1552814773.4334338, 1552814919.931243, 1552814921.3307078, 1552814922.5628414, 1552814923.9001093, 1552814925.2237744, 1552814926.5412936, 1552814927.8710625, 1552814929.099551, 1552814930.316877, 1552814931.6447217, 1552814932.9638126, 1552814934.2585483, 1552814935.5804055, 1552814936.8862624, 1552814938.1689985, 1552814939.403077, 1552814940.6789706, 1552814941.9718523, 1552814943.2538948, 1552815085.9193897, 1552815087.37566, 1552815088.7533982, 1552815090.056184, 1552815091.366536, 1552815092.6442199, 1552815093.8844981, 1552815095.1418846, 1552815096.3575792, 1552815097.628605, 1552815098.9382536, 1552815100.240433, 1552815101.5523467, 1552815103.0684354, 1552815104.5735507, 1552815106.1011744, 1552815107.5016937, 1552815108.807919, 1552815110.157346, 1552815111.4973376, 1552815112.803091, 1552815114.1195087, 1552815115.4017398], "episode_lengths": [1000, 1000, 1000, 1000, 1000, 1000, 1000, 1000, 1000, 1000, 1000, 1000, 1000, 1000, 1000, 1000, 1000, 1000, 1000, 1000, 1000, 1000, 1000, 1000, 1000, 1000, 1000, 1000, 1000, 1000, 1000, 1000, 1000, 1000, 1000, 1000, 1000, 1000, 1000, 1000, 1000, 1000, 1000, 1000, 1000, 1000, 1000, 1000, 1000, 1000], "episode_rewards": [4611.839218008089, 4782.935244868038, 4798.446496052227, 4399.704056323153, 4473.743725824199, 4472.256915860916, 4587.543096281366, 4621.574314291005, 4402.731478063273, 4478.698661425121, 4432.940276306118, 4460.841518508054, 4456.01477597031, 4571.847514915647, 4571.729170882875, 4542.450247793574, 4417.591772492165, 4472.452660029582, 4500.281656232583, 4521.161818888142, 4445.094483809922, 4474.281546551148, 4487.463519349559, 4548.567648777134, 4376.234296994459, 4523.7626706276815, 4485.111805299336, 4539.568898349413, 4419.845989992463, 4462.418267145966, 4449.715960297796, 4475.621853959501, 4473.5582034095105, 4543.283096753675, 4380.131832079363, 4490.773239684007, 4363.500422647156, 4564.3914651421555, 4519.571225101666, 4427.096768645493, 4449.50537572993, 4479.977180188164, 4396.020883174959, 4320.4388563981565, 4379.38300533601, 4415.512458074035, 4637.121274075817, 4379.588536977984, 4460.546138652627, 4430.713204154684], "episode_types": ["t", "t", "t", "t", "t", "t", "t", "t", "t", "t", "t", "t", "t", "t", "t", "t", "t", "t", "t", "t", "t", "t", "t", "t", "t", "t", "t", "t", "t", "t", "t", "t", "t", "t", "t", "t", "t", "t", "t", "t", "t", "t", "t", "t", "t", "t", "t", "t", "t", "t", "t"]}