{"initial_reset_timestamp": 1552500304.8367217, "timestamps": [1552500959.0497372], "episode_lengths": [1000], "episode_rewards": [4621.3257238796505], "episode_types": ["t"]}