{"initial_reset_timestamp": 1552385952.7899184, "timestamps": [1552386648.9802766], "episode_lengths": [1000], "episode_rewards": [4392.038397730472], "episode_types": ["t"]}