{"initial_reset_timestamp": 1552526661.9280922, "timestamps": [1552527477.0809526], "episode_lengths": [1000], "episode_rewards": [4780.039672070755], "episode_types": ["t"]}