{"initial_reset_timestamp": 1552489518.5242453, "timestamps": [1552489715.7388954], "episode_lengths": [1000], "episode_rewards": [4314.929120070102], "episode_types": ["t"]}