{"initial_reset_timestamp": 1552548619.3483117, "timestamps": [1552549269.802198], "episode_lengths": [1000], "episode_rewards": [4575.819210926806], "episode_types": ["t"]}