{"initial_reset_timestamp": 1552528258.8584664, "timestamps": [1552529068.9173625], "episode_lengths": [1000], "episode_rewards": [4845.480648234264], "episode_types": ["t"]}