{"initial_reset_timestamp": 1552596708.8929708, "timestamps": [1552597323.2493188], "episode_lengths": [1000], "episode_rewards": [4797.214386872439], "episode_types": ["t"]}