{"initial_reset_timestamp": 1552388838.3926525, "timestamps": [1552389534.509021], "episode_lengths": [1000], "episode_rewards": [4802.987264904922], "episode_types": ["t"]}