{"initial_reset_timestamp": 1552534983.1071427, "timestamps": [1552535642.8391845], "episode_lengths": [1000], "episode_rewards": [4442.929724888492], "episode_types": ["t"]}