{"initial_reset_timestamp": 1552455039.4070306, "timestamps": [1552455227.866858], "episode_lengths": [1000], "episode_rewards": [4504.946559479878], "episode_types": ["t"]}