{"initial_reset_timestamp": 1552369377.2425382, "timestamps": [1552369994.37357], "episode_lengths": [1000], "episode_rewards": [4731.699665258934], "episode_types": ["t"]}