{"initial_reset_timestamp": 1552399590.474623, "timestamps": [1552400247.8517623], "episode_lengths": [1000], "episode_rewards": [4677.833419112863], "episode_types": ["t"]}