{"initial_reset_timestamp": 1552381815.6204956, "timestamps": [1552382432.3160157], "episode_lengths": [1000], "episode_rewards": [4512.462744005787], "episode_types": ["t"]}