{"initial_reset_timestamp": 1552467182.206051, "timestamps": [1552467806.8700268], "episode_lengths": [1000], "episode_rewards": [4655.737863206116], "episode_types": ["t"]}