{"initial_reset_timestamp": 1552384265.1625469, "timestamps": [1552384866.9556239], "episode_lengths": [1000], "episode_rewards": [4575.842499854264], "episode_types": ["t"]}