{"initial_reset_timestamp": 1555650768.9686382, "timestamps": [1555650783.5698888, 1555650853.9767652], "episode_lengths": [81, 440], "episode_rewards": [-247.82813433895615, -1259.8749600567266], "episode_types": ["t", "t", "t"]}