{"initial_reset_timestamp": 1552529839.4056647, "timestamps": [1552530558.7763453], "episode_lengths": [1000], "episode_rewards": [4810.277997687881], "episode_types": ["t"]}