{"initial_reset_timestamp": 1555739865.6190546, "timestamps": [1555740503.070879], "episode_lengths": [1000], "episode_rewards": [1040.0981616647161], "episode_types": ["t"]}