{"initial_reset_timestamp": 1552377603.871341, "timestamps": [1552378302.0692647], "episode_lengths": [1000], "episode_rewards": [4504.46141659272], "episode_types": ["t"]}