{"initial_reset_timestamp": 1554454118.9449844, "timestamps": [1554454666.971839], "episode_lengths": [1000], "episode_rewards": [-449.8134672931037], "episode_types": ["t"]}