{"initial_reset_timestamp": 1552481114.4209905, "timestamps": [1552481749.74568], "episode_lengths": [1000], "episode_rewards": [4496.140424239436], "episode_types": ["t"]}