{"initial_reset_timestamp": 1552436647.937797, "timestamps": [1552437333.8516378], "episode_lengths": [1000], "episode_rewards": [4458.74940325132], "episode_types": ["t"]}