{"initial_reset_timestamp": 1552460931.2787924, "timestamps": [1552461573.2892036], "episode_lengths": [1000], "episode_rewards": [4847.348634798733], "episode_types": ["t"]}