{"initial_reset_timestamp": 1552401664.6381001, "timestamps": [1552401821.1642842], "episode_lengths": [1000], "episode_rewards": [4498.959176138155], "episode_types": ["t"]}