{"initial_reset_timestamp": 1552387790.5046682, "timestamps": [1552387974.0745792], "episode_lengths": [1000], "episode_rewards": [4684.594082552012], "episode_types": ["t"]}