{"initial_reset_timestamp": 1552419891.4016888, "timestamps": [1552420552.592261], "episode_lengths": [1000], "episode_rewards": [4766.759786400136], "episode_types": ["t"]}