{"initial_reset_timestamp": 1552322897.8055396, "timestamps": [1552323056.8201125, 1552323217.4709642, 1552323219.013878, 1552323220.2545018, 1552323221.6703353, 1552323223.197118, 1552323224.700498, 1552323226.1730502, 1552323381.2763326, 1552323382.880307, 1552323384.3990943, 1552323385.9061882, 1552323387.3994951, 1552323388.9042637, 1552323390.4128065, 1552323391.9450445, 1552323393.2990658, 1552323394.646986, 1552323395.9552402, 1552323397.349416], "episode_lengths": [1000, 1000, 1000, 1000, 1000, 1000, 1000, 1000, 1000, 1000, 1000, 1000, 1000, 1000, 1000, 1000, 1000, 1000, 1000, 1000], "episode_rewards": [4483.7376397157595, 4562.983919271419, 4502.598439491932, 4520.78703290943, 4519.699052838614, 4570.838257850982, 4459.839203051333, 4407.211840729905, 4573.496654827515, 4480.5331932170175, 4468.470934387882, 4544.27997398705, 4571.57478048666, 4377.448223834026, 4550.173363529936, 4469.687401638552, 4570.1124229038305, 4488.533903410669, 4488.197729429307, 4579.408649005174], "episode_types": ["t", "t", "t", "t", "t", "t", "t", "t", "t", "t", "t", "t", "t", "t", "t", "t", "t", "t", "t", "t", "t"]}