{"initial_reset_timestamp": 1555760558.9490473, "timestamps": [1555761101.619209], "episode_lengths": [1000], "episode_rewards": [1077.4518661271081], "episode_types": ["t"]}