{"initial_reset_timestamp": 1552383157.5206373, "timestamps": [1552383773.9929888, 1552384384.2784784, 1552384837.8085647, 1552385289.4121456, 1552385747.4581625, 1552386262.8646405, 1552386770.4419878, 1552387322.6400855, 1552388056.96312, 1552388529.1443422, 1552389010.99928, 1552389524.222631, 1552390035.5640137, 1552390493.6614947, 1552390946.3497634, 1552391399.0400596, 1552391850.52722, 1552392299.2115877, 1552392750.6799114, 1552393253.4567602, 1552393764.159855, 1552394251.3534074, 1552394701.4519484, 1552395149.1956239, 1552395599.390919, 1552396046.505814, 1552396496.9434528, 1552397104.2935152, 1552397557.4206738, 1552398012.6149116, 1552398465.8015306, 1552398915.9026332, 1552399365.1027696, 1552399815.5709925, 1552400323.328272, 1552400832.9903722, 1552401327.1052778, 1552401788.1054974, 1552402249.3886423, 1552402710.6541183, 1552403171.842068, 1552403647.837295, 1552404160.599012, 1552404668.1296496, 1552405127.505529, 1552405582.1278603, 1552406097.4940412, 1552406640.0129347, 1552407164.5661864, 1552407617.9693837], "episode_lengths": [1000, 1000, 1000, 1000, 1000, 1000, 1000, 1000, 1000, 1000, 1000, 1000, 1000, 1000, 1000, 1000, 1000, 1000, 1000, 1000, 1000, 1000, 1000, 1000, 1000, 1000, 1000, 1000, 1000, 1000, 1000, 1000, 1000, 1000, 1000, 1000, 1000, 1000, 1000, 1000, 1000, 1000, 1000, 1000, 1000, 1000, 1000, 1000, 1000, 1000], "episode_rewards": [4345.074183455167, 4435.1321918736585, 4476.157108766788, 4653.077929440483, 4634.249205829191, 4634.795884947395, 4634.753318693852, 4633.516696231134, 4616.702699865136, 4533.467425503382, 4630.431921518542, 4634.712791027926, 4629.070627796999, 4648.984306307467, 4659.678537698232, 4656.166293624039, 4660.818007355474, 4661.458774328626, 4660.007485951304, 4660.856666412615, 4660.755327654583, 4661.179835925131, 4662.150191478618, 4661.322559512676, 4661.450445458872, 4661.737024473852, 4661.283367654836, 4661.284045746551, 4642.342058569821, 4631.198997926395, 4641.547450186651, 4652.5706033246315, 4656.990757883804, 4661.449862406544, 4661.051598724629, 4661.472732503327, 4661.442036021796, 4662.253800499981, 4661.414606313694, 4660.792203507324, 4660.727774816226, 4662.276454799024, 4661.738410418141, 4662.070134753827, 4661.306133652792, 4643.876661548505, 4632.127687028979, 4650.774356381593, 4662.687894729474, 4659.86703361843], "episode_types": ["t", "t", "t", "t", "t", "t", "t", "t", "t", "t", "t", "t", "t", "t", "t", "t", "t", "t", "t", "t", "t", "t", "t", "t", "t", "t", "t", "t", "t", "t", "t", "t", "t", "t", "t", "t", "t", "t", "t", "t", "t", "t", "t", "t", "t", "t", "t", "t", "t", "t", "t"]}