{"initial_reset_timestamp": 1552394661.2365918, "timestamps": [1552395265.4071507], "episode_lengths": [1000], "episode_rewards": [4568.685102934927], "episode_types": ["t"]}