{"initial_reset_timestamp": 1552466483.452158, "timestamps": [1552466676.4810903], "episode_lengths": [1000], "episode_rewards": [4382.949863069502], "episode_types": ["t"]}