{"initial_reset_timestamp": 1555855798.9968748, "timestamps": [1555856623.701326], "episode_lengths": [1000], "episode_rewards": [4629.398557860953], "episode_types": ["t"]}