{"initial_reset_timestamp": 1552400813.1917357, "timestamps": [1552400996.8250616], "episode_lengths": [1000], "episode_rewards": [4463.190988052975], "episode_types": ["t"]}