{"initial_reset_timestamp": 1552483574.034153, "timestamps": [1552484134.2851448], "episode_lengths": [1000], "episode_rewards": [4415.937230123519], "episode_types": ["t"]}