{"initial_reset_timestamp": 1554460505.7477055, "timestamps": [1554461034.7077906], "episode_lengths": [1000], "episode_rewards": [-417.3180640539341], "episode_types": ["t"]}