{"initial_reset_timestamp": 1554392108.5762997, "timestamps": [1554392911.7126653], "episode_lengths": [1000], "episode_rewards": [-431.17329416155894], "episode_types": ["t"]}