{"initial_reset_timestamp": 1552624221.9578698, "timestamps": [1552624408.1180727, 1552624591.066316, 1552624593.0544121, 1552624594.7873976, 1552624596.2940273, 1552624597.6473606, 1552624598.9679542, 1552624600.2927332, 1552624757.337284, 1552624758.9055831, 1552624760.2401605, 1552624761.6084201, 1552624762.926408, 1552624764.2578344, 1552624765.6701558, 1552624767.124733, 1552624768.4614289, 1552624769.7933104, 1552624771.1005173, 1552624772.392489], "episode_lengths": [1000, 1000, 1000, 1000, 1000, 1000, 1000, 1000, 1000, 1000, 1000, 1000, 1000, 1000, 1000, 1000, 1000, 1000, 1000, 1000], "episode_rewards": [4375.098374425615, 4664.511248028531, 4419.332047598855, 4409.132717619089, 4327.342190816602, 4396.21787547707, 4494.893929872866, 4446.121084424852, 4365.277670584136, 4558.3743464987465, 4475.0443160007935, 4479.743011669971, 4339.655457780492, 4629.022894620352, 4444.289590680359, 4460.099416584091, 4628.309111329836, 4335.002156293854, 4508.999389639781, 4455.825596718667], "episode_types": ["t", "t", "t", "t", "t", "t", "t", "t", "t", "t", "t", "t", "t", "t", "t", "t", "t", "t", "t", "t", "t"]}