{"initial_reset_timestamp": 1552621874.9390643, "timestamps": [1552622039.2129848], "episode_lengths": [1000], "episode_rewards": [4718.251772834777], "episode_types": ["t"]}