{"initial_reset_timestamp": 1552486504.74075, "timestamps": [1552486659.6024296], "episode_lengths": [1000], "episode_rewards": [4498.014523115801], "episode_types": ["t"]}