{"initial_reset_timestamp": 1552573070.6493857, "timestamps": [1552573219.1588655], "episode_lengths": [1000], "episode_rewards": [4427.205245847274], "episode_types": ["t"]}