{"initial_reset_timestamp": 1552503802.5146155, "timestamps": [1552503965.1615877], "episode_lengths": [1000], "episode_rewards": [4480.673511350956], "episode_types": ["t"]}