{"initial_reset_timestamp": 1552367779.581195, "timestamps": [1552368575.7778826, 1552369307.4472704, 1552369842.7053056, 1552370408.3524952, 1552371018.0084186, 1552371603.1590798, 1552372139.7950583, 1552372674.934092, 1552373404.1695125, 1552373946.5444536], "episode_lengths": [1000, 1000, 1000, 1000, 1000, 1000, 1000, 1000, 1000, 1000], "episode_rewards": [4706.566083446785, 4872.84801589635, 4694.210623708432, 4788.702522318786, 4791.536431247806, 4803.891017946437, 4873.032299739302, 4658.411583500328, 4833.2816489607585, 4735.427811997108], "episode_types": ["t", "t", "t", "t", "t", "t", "t", "t", "t", "t", "t"]}