{"initial_reset_timestamp": 1552335861.050925, "timestamps": [1552336540.6712875, 1552337218.3150265, 1552337723.1553223, 1552338227.1328263, 1552338728.784507, 1552339230.4472358, 1552339728.7208552, 1552340200.0458255, 1552340813.3219826, 1552341278.3017757], "episode_lengths": [1000, 1000, 1000, 1000, 1000, 1000, 1000, 1000, 1000, 1000], "episode_rewards": [4361.481218225758, 4422.394147365532, 4407.022598455663, 4485.041987328046, 4460.716740675772, 4315.973151855766, 4322.668508398095, 4541.933602287986, 4592.217952628041, 4672.351240328829], "episode_types": ["t", "t", "t", "t", "t", "t", "t", "t", "t", "t", "t"]}