{"initial_reset_timestamp": 1552537304.9903755, "timestamps": [1552537478.7027256], "episode_lengths": [1000], "episode_rewards": [4604.685814248819], "episode_types": ["t"]}