{"initial_reset_timestamp": 1552540479.0158532, "timestamps": [1552540674.5082905, 1552540882.5617223, 1552540884.97445, 1552540886.586879, 1552540888.1835117, 1552540890.294663, 1552540892.3689806, 1552540894.4013405, 1552541094.5895958, 1552541096.8940048], "episode_lengths": [1000, 1000, 1000, 1000, 1000, 1000, 1000, 1000, 1000, 1000], "episode_rewards": [4235.197991198867, 4603.82514289459, 4670.228651785363, 4391.696499991567, 4494.659705304046, 4342.997923839348, 4447.769817504595, 4413.319259572908, 4427.906503448369, 4444.752148231593], "episode_types": ["t", "t", "t", "t", "t", "t", "t", "t", "t", "t", "t"]}