{"initial_reset_timestamp": 1555727119.208214, "timestamps": [1555727686.8106165], "episode_lengths": [1000], "episode_rewards": [888.8998726526147], "episode_types": ["t"]}