{"initial_reset_timestamp": 1552603662.0960922, "timestamps": [1552604278.2956777], "episode_lengths": [1000], "episode_rewards": [4435.7039772171165], "episode_types": ["t"]}