{"initial_reset_timestamp": 1552563938.6004713, "timestamps": [1552564547.65848], "episode_lengths": [1000], "episode_rewards": [4892.792715127936], "episode_types": ["t"]}