{"initial_reset_timestamp": 1552446841.6858888, "timestamps": [1552447581.1446054], "episode_lengths": [1000], "episode_rewards": [4526.782886992843], "episode_types": ["t"]}