{"initial_reset_timestamp": 1555654251.1841133, "timestamps": [1555654817.7967649], "episode_lengths": [1000], "episode_rewards": [-3019.8598720204836], "episode_types": ["t"]}