{"initial_reset_timestamp": 1552410039.0538187, "timestamps": [1552410658.6372585], "episode_lengths": [1000], "episode_rewards": [4383.544023115044], "episode_types": ["t"]}