{"initial_reset_timestamp": 1554461569.1659863, "timestamps": [1554461688.6847162], "episode_lengths": [1000], "episode_rewards": [-414.793261339515], "episode_types": ["t", "t"]}