{"initial_reset_timestamp": 1552512670.1294515, "timestamps": [1552512836.803604], "episode_lengths": [1000], "episode_rewards": [4395.913142607228], "episode_types": ["t"]}